ID,x,y,Team
2472,8.631817172465288,45.33339511228093,1
4081,8.090193115082009,45.56099936847045,0
2643,8.447465003471084,45.786570031765834,0
2719,8.253794672375681,45.495730681324865,0
4975,8.140000671518475,45.60960835796451,0
619,8.66027377514941,45.42999455568416,1
1889,8.661251744643385,45.170816399004785,1
3044,8.675573677303943,45.22264297738444,1
2608,8.108441951114239,45.60339030901781,0
2399,8.24767333306674,45.52059338403142,0
1986,8.807665596080643,45.61439931561183,1
4694,8.866280477002455,45.421665231826125,1
1487,8.63616199588984,45.414549470171906,1
2709,8.616806886951796,45.36738750189674,1
4339,8.921132283880333,45.47434210792658,1
143,8.049402604250188,45.370748370418305,0
4708,8.746902055072077,45.32943696683752,1
872,8.24259265540168,45.830973491537826,0
2663,8.600895678453861,45.331751261858436,1
1737,8.952890207919387,45.62184835943822,1
3374,8.739512328153408,45.55144351137403,1
3520,8.928726457367928,45.61959087266398,1
4636,8.169424413510459,45.73628249243155,0
3090,8.466577240469828,45.79193711268822,0
4533,8.540090522892422,45.01335915994738,1
4051,8.647607461041858,45.1899571299581,1
720,8.373017255554634,45.92991313648501,0
2588,8.825322927035211,45.61873748277522,1
4183,8.286297541185723,45.860857749611775,0
109,8.796061316698813,45.31743166311641,1
3620,8.809937770082128,45.31386602194956,1
3772,8.49703619863015,45.93629662201043,0
3841,8.912913972804942,45.17480407858943,1
98,8.253941026722007,45.48230655241263,0
80,8.48216990371885,45.07181926565774,1
726,8.97010184950361,45.21340239584456,1
2368,8.102311712202642,45.53586098619209,0
2501,8.832802806568626,45.441630970471756,1
3587,8.846421081978804,45.471902183478406,1
1303,8.197220888751383,45.744339815231676,0
4611,8.653904817706309,45.179511906876215,1
1523,8.659206173799554,45.387689958366195,1
2031,8.265370903671064,45.522827109075514,0
432,8.061286011563421,45.52631794615909,0
1785,8.52131235913333,45.957061392804476,0
1349,8.970657057690786,45.610221430494896,1
2505,8.955733172468442,45.225079551306166,1
2023,8.06590663131088,45.554572769754294,0
1926,8.66941647984297,45.43431907254166,1
3483,8.75356465653409,45.325493952590065,1
3425,8.20052677326416,45.69681776059519,0
2033,8.653675232355946,45.138039015532954,1
2064,8.304707734699926,45.82807810603492,0
2731,8.316161481630358,45.67408427473519,0
4765,8.67567758976629,45.15811741989184,1
3995,8.842134439225122,45.34132690668073,1
3609,8.22790709741001,45.47195812240101,0
573,8.959696031949239,45.23588662567386,1
501,8.492441080745541,45.136143383620926,1
1798,8.577042349616208,45.266654300516684,1
1198,8.278643103560597,45.50571525625795,0
4839,8.366274068679928,45.88907644241795,0
4587,8.637892232346852,45.16512582026324,1
384,8.023186448398336,45.35581534391567,0
3146,8.060905525711133,45.33609560401046,0
4632,8.496791071920986,45.073134179378314,1
3035,8.689099319268003,45.15854050358061,1
2607,8.196477640685904,45.744602971102594,0
910,8.76641562134562,45.34514040060118,1
3847,8.252468258974359,45.29736660562465,0
3077,8.863231135466792,45.40911361802181,1
4844,8.220873928615326,45.770339538868214,0
3412,8.10509890651739,45.54477436304726,0
4514,8.779839307666258,45.37517239418458,1
3907,8.704472034484631,45.231618447576345,1
3487,8.417715052738131,45.78284665279352,0
978,8.2483059501424,45.79274492114612,0
523,8.43081229636634,45.78440404889305,0
2201,8.774496789450701,45.35667331504101,1
611,8.404698820278712,45.78266994742961,0
634,8.901541911367124,45.60669149791447,1
4552,8.583276440710407,45.29820674598113,1
1306,8.265795785342752,45.47918105989576,0
3348,8.485971375263093,45.964712261729694,0
2515,8.82522403188074,45.61315151723899,1
2332,8.939236786045617,45.615310942164776,1
2371,8.748829575460935,45.547719693349826,1
280,8.669659683930622,45.22189851646287,1
2471,8.781436856724396,45.27687345423037,1
2729,8.45111319701355,45.78054097142339,0
1282,8.941473450488193,45.585208502851394,1
2346,8.292771437458178,45.870018465568066,0
4562,8.681203868860624,45.22467192665401,1
2772,8.919646424657708,45.19928350671099,1
1052,8.68261566485322,45.49139362555947,1
1868,8.89116102467052,45.601501993893606,1
3625,8.348031776350592,45.65880920968977,0
1739,8.502290970392929,45.147662229743744,1
173,8.05862806446859,45.34548627297732,0
4150,8.311022448895155,45.62672505827326,0
4938,8.631209285252968,45.161060564992674,1
3566,8.659609032743678,45.15255796067245,1
2467,8.517435899897217,45.0098132906047,1
601,8.948440378383282,45.21025336180551,1
831,8.879480205012626,45.117027925115295,1
2274,8.125847224967398,45.62305867986048,0
2453,8.559451717522517,45.261086366963,1
2787,8.913254003330369,45.60545533558812,1
3868,8.227033456805835,45.755847907099785,0
1176,8.649130871313702,45.16806325107107,1
3667,8.862244752722013,45.41002461908478,1
4845,8.908490139908938,45.4787473629598,1
1121,8.911452479049691,45.62151654144667,1
3844,8.885831008261004,45.50714326317049,1
4976,8.45891028555914,45.110546669702636,1
782,8.50990456531945,45.92325239628367,0
3193,8.117855781575566,45.57628057381689,0
3833,8.069289391867999,45.56212175435178,0
2461,8.0,45.37326625338666,0
4847,8.762989242107531,45.589467377835476,1
3685,8.732383463951672,45.318137390433264,1
2612,8.508355863392934,45.96692852084423,0
674,8.787665151595847,45.34161285920096,1
2640,8.441497791557312,45.77291724221408,0
1307,8.505459555489281,45.962437227991636,0
668,8.95418575229337,45.189066382249834,1
233,8.78308278427816,45.33730655919549,1
2146,8.318189976564083,45.65108384666715,0
335,8.674186942750476,45.14907660409315,1
581,8.300181317489098,45.87141306164775,0
4032,8.665724534333751,45.195191857486876,1
242,8.817552760893605,45.35321921485283,1
4202,8.563496419205494,45.302521552455545,1
3160,8.494301139481461,45.9376261283087,0
2344,8.857048589088116,45.455706622673354,1
652,8.776282508776948,45.325127382992754,1
2460,8.332291506197514,45.63602605975284,0
854,8.840390566724205,45.44667151240909,1
811,8.180815625085906,45.74733137243603,0
423,8.744095506888954,45.327568977436535,1
3142,8.295588977403876,45.87028557075821,0
1815,8.715868453980562,45.48814141221248,1
600,8.659942768983454,45.4511832748845,1
3561,8.591407973206532,45.30636591893134,1
3889,8.48604986633105,45.16800567041815,1
2620,8.847807377485706,45.59965293412404,1
1677,8.205929108455894,45.76265963483236,0
2745,8.497484095501163,45.10730002688712,1
2165,8.643398528173332,45.21351921826977,1
728,8.710526226693421,45.29334050572805,1
860,8.916499388388,45.60016618412031,1
2406,8.331235134059302,45.87433908756996,0
4203,8.53031844189083,45.229404061038544,1
2688,8.109800793767517,45.64442339977013,0
2190,8.516534900532934,45.20714564231303,1
3056,8.367698618462887,45.691434300646314,0
429,8.745639477689267,45.56834164736371,1
763,8.282650144662849,45.53828965506244,0
2262,8.741197758686349,45.29489887612168,1
585,8.794928233920775,45.5922907902528,1
1134,8.518453199939566,45.04940521268556,1
3081,8.284419958545204,45.837690946440404,0
2162,8.704606044162709,45.1926774935949,1
1320,8.201424922216663,45.7249913718702,0
1940,8.638292825624717,45.348763422053324,1
4447,8.61964215672593,45.382715248908994,1
5001,8.868578697025146,45.47318891094504,1
3059,8.789856057068759,45.38055720099476,1
133,8.341595958909743,45.64212074006441,0
1018,8.106948287642886,45.559684135046204,0
1434,8.599196923029083,45.34840982417775,1
4064,8.815120060137176,45.346967801889654,1
2517,8.721812088746573,45.29063938123866,1
46,8.693137353673732,45.50707771432209,1
4324,8.468209751044746,45.78916681182042,0
1117,8.650814976922499,45.13771187844203,1
864,8.616717245845605,45.36821115340677,1
229,8.062147259649883,45.35092966079076,0
2423,8.52940973998129,45.020253527618124,1
1928,8.840591676690792,45.48162371109626,1
3857,8.236119091486565,45.8139013043308,0
2017,8.970805610178143,45.58708131149816,1
199,8.791984906049667,45.34864402009446,1
2863,8.254775481076342,45.47327655387686,0
2373,8.95362528472969,45.62063460309732,1
3801,8.910352472569121,45.61420435371076,1
578,8.688034131907488,45.22365509601902,1
2212,8.227512416618476,45.47041258780509,0
853,8.27271644652294,45.808502460367876,0
3286,8.700238386136576,45.177287472638184,1
2884,8.509087126255164,45.96848847417283,0
3780,8.860100211681846,45.45155272174803,1
2498,8.665589485265839,45.139163029963484,1
1822,8.287943621479638,45.8594973414468,0
4352,8.127086512826395,45.60236951856749,0
497,8.196085572959243,45.744070531560176,0
2808,8.475422374330863,45.09326737593376,1
472,8.160830562055095,45.695646047162,0
4541,8.077079988393946,45.58346830098965,0
3430,8.9267712112141,45.187791488619,1
169,8.933250221995046,45.18632101755669,1
4852,8.42880612397957,45.77318574638015,0
3872,8.579632814815312,45.32624169989718,1
2179,8.040036072169325,45.374590543146084,0
1811,8.699274960292405,45.50874466450665,1
3698,8.078604647702617,45.52452291162255,0
682,8.777875497188667,45.601153078200255,1
2714,8.817067852449146,45.35059426981058,1
2359,8.954567518291638,45.63145825688596,1
2041,8.326447903557616,45.890607631061805,0
4035,8.506624615248201,45.154756794760296,1
1676,8.615612392303746,45.36169848196633,1
2493,8.012714717868812,45.34985941629236,0
1764,8.883622631819522,45.42589330863326,1
1019,8.637791856273388,45.11104748430851,1
4196,8.886033714023066,45.13310454068325,1
936,8.676179707653606,45.14045014102411,1
4908,8.31755457120563,45.64249818948934,0
3178,8.760398319627638,45.29826520272619,1
3586,8.530013293487794,45.95934557335948,0
3153,8.962225123176266,45.61703331397076,1
4673,8.653435230946426,45.192420473200094,1
2783,8.62472791318938,45.132312735194894,1
4440,8.342258025155342,45.90844016873703,0
3865,8.4735469978421,45.152975233898644,1
4374,8.223994580716871,45.717930083281615,0
3546,8.509397787481744,45.154489121591816,1
792,8.163015642191192,45.638715149064815,0
1769,8.206594326093274,45.78380369169777,0
4197,8.186948381942928,45.66552074867264,0
3969,8.73998386830064,45.54380286768429,1
3123,8.751652081725359,45.55360059979006,1
4373,8.338239217677364,45.69669507502077,0
1794,8.438567337345694,45.7984342456887,0
3303,8.12455174414982,45.631318066415766,0
1266,8.895227031080198,45.46144659439915,1
3269,8.76052623115569,45.572705676859286,1
3122,8.91616605153808,45.168422369764826,1
1032,8.13485010180773,45.62345235234552,0
217,8.142336357307574,45.65423878295773,0
3531,8.24635198814879,45.81502238393347,0
1188,8.510328434723553,45.978726488754006,0
1138,8.443189786600621,45.7652955002418,0
342,8.490960964866577,45.17938273062514,1
1899,8.167829333963398,45.70146280109135,0
2855,8.226147142491401,45.475366229994485,0
673,8.80814720222979,45.60083199308092,1
3132,8.671597892495274,45.21335335665229,1
4008,8.810492379968306,45.31867806295432,1
130,8.49731113839893,45.18356193278463,1
2693,8.24580609680208,45.53240877871209,0
4995,8.690116455191815,45.18259480821409,1
89,8.682020105744597,45.16044100554861,1
534,8.375375477025061,45.92183805034131,0
392,8.297300848391991,45.63518848543104,0
3150,8.927565800617941,45.61282781573059,1
3846,8.802315488388,45.3217952805765,1
1507,8.193825646651208,45.73215172474272,0
4331,8.648210227723162,45.11817309412775,1
2868,8.954364934124285,45.21426496465993,1
4237,8.776045170918124,45.372441184765634,1
989,8.057667469400979,45.353876651009536,0
1858,8.55757000171744,45.269778858452774,1
1058,8.067896058465422,45.344326751514735,0
757,8.69768697854108,45.21814119562901,1
3130,8.342259146168072,45.675297885596265,0
1062,8.810118258390327,45.36195725178255,1
3159,8.795188611790472,45.287194402908845,1
159,8.8721890084167,45.48410543055947,1
3058,8.249810618847649,45.50109209190713,0
1342,8.476184153401412,45.97500250509359,0
3049,8.073015668297025,45.326562819986485,0
1797,8.314487952249733,45.648836638566,0
533,8.400212209885195,45.780494372741934,0
3229,8.602110091631328,45.36480266109564,1
2785,8.307395569261582,45.634371617049865,0
719,8.163692811781996,45.68587613828478,0
795,8.945528639665918,45.19434044194576,1
3747,8.133052307793944,45.67753368138055,0
545,8.048648179251858,45.37550313996878,0
1173,8.822718645652012,45.44122266655095,1
2678,8.768987450796125,45.598833342280635,1
3352,8.858732109372868,45.411063791324004,1
3621,8.877192328472287,45.45399676681281,1
2726,8.757840622772523,45.30439879166408,1
2889,8.901687537440823,45.59882259843634,1
867,8.917571509878869,45.13836219045808,1
748,8.061157456098632,45.52825962384348,0
575,8.533783909634732,45.93139270424487,0
2216,8.891698603247315,45.1691732517997,1
818,8.864814871454552,45.61890457191328,1
4548,8.842000572335696,45.46103437060475,1
3733,8.763714515343018,45.24607436717321,1
438,8.989581579933118,45.60480599007117,1
4181,8.61831944871795,45.83871208846207,0
3495,8.62836839861689,45.349266727738474,1
3377,8.878859705553754,45.50735494893559,1
4867,8.682276390801794,45.1505629288424,1
4921,8.685284597469199,45.22663506736193,1
4944,8.615586810054594,45.3737720098093,1
4807,8.66424994512551,45.13676639178075,1
2727,8.556717939204335,45.25687110947856,1
165,8.022995697388371,45.355321244839274,0
4391,8.65103970755638,45.09537903675645,1
3721,8.674530562672825,45.22685912310842,1
2720,8.837858289669619,45.46252624389495,1
4450,8.885770894186447,45.41236827271033,1
624,8.494518904499957,45.06707390797115,1
861,8.808346312450976,45.31485288745762,1
1122,8.619982205896001,45.368262511302774,1
1614,8.798790360368855,45.35931422773421,1
4218,8.164276619331947,45.69149762230825,0
2348,8.110379816415866,45.54229869271831,0
3765,8.648749134588174,45.1553651721489,1
486,8.547426865069902,45.044480953380486,1
4864,8.32737547881767,45.86320496707805,0
1898,8.474653700482001,45.06714499238147,1
3822,8.229283389006067,45.471399267435096,0
4037,8.707195227266897,45.213981617067326,1
4813,8.665192297266621,45.17846343031482,1
3080,8.322488551388748,45.66799153937155,0
1063,8.180528131838024,45.67441993853765,0
3554,8.919466308782015,45.467124332699406,1
1692,8.973217117268359,45.592441247625764,1
4027,8.893324757446926,45.16180431841693,1
1335,8.716837913628341,45.50414186756794,1
4602,8.305505438443998,45.64801085139473,0
2378,8.81957570577456,45.343604519308975,1
183,8.844829178145632,45.46103574178091,1
4883,8.262430347698551,45.525326428138705,0
1252,8.885565178035217,45.61795847959232,1
1705,8.912257898354142,45.12858421885659,1
1551,8.655483976342207,45.18704889918169,1
2982,8.509951831413808,45.19476534560851,1
3568,8.662830330235348,45.14294384297513,1
2312,8.674960133479233,45.15787668647152,1
3161,8.898460827015175,45.4482055332397,1
1463,8.710521377565165,45.52308934230697,1
4329,8.139320111046551,45.62983420766228,0
646,8.495546426278805,45.0555326322411,1
246,8.60155995224993,45.15477331690182,1
3503,8.807895217010612,45.603632846241176,1
2369,8.544137533053172,45.23361826832362,1
2480,8.939730448201416,45.20416566980615,1
3022,8.045037176074644,45.391192756474055,0
4300,8.094154643494532,45.56899624866943,0
830,8.268077316187194,45.50472751926432,0
113,8.805459708837253,45.34439275677751,1
1644,8.31859916248035,45.88592695243393,0
4479,8.466544463151168,45.071123223316356,1
317,8.250495535013359,45.78236638595476,0
518,8.27738996374118,45.55117225114054,0
4200,8.50530847769665,45.965312753416804,0
3067,8.883828211036128,45.51852046349881,1
3458,8.665471266228623,45.12464970546334,1
2063,8.033160026501896,45.38236235883943,0
2739,8.327431568355006,45.645871391534584,0
4648,8.09784502127043,45.54181117651018,0
3582,8.641038766713232,45.18072817741815,1
408,8.304309178972483,45.850840196687116,0
3199,8.934978422622377,45.627733638515565,1
2818,8.842862148549564,45.41807383011484,1
4746,8.176472257126687,45.69154876807686,0
1678,8.635870073602641,45.15447013140189,1
3441,8.623225892233346,45.145254911227774,1
4563,8.79347400284136,45.330553328464156,1
155,8.474953130769231,45.66657472007749,0
1026,8.651073170712671,45.16732154349728,1
4887,8.09969362392107,45.56878097578646,0
1629,8.988440287809684,45.59391517577866,1
2998,8.650174871561044,45.37774232771042,1
2482,8.97610464964432,45.5907627971214,1
4916,8.17236023526165,45.667291221070506,0
2401,8.338722104684578,45.632458183074135,0
490,8.66463243857973,45.21291864645647,1
1875,8.32590489135102,45.655159606198396,0
3147,8.650136696604667,45.46816707761801,1
1053,8.893156097423994,45.5039613554679,1
3687,8.342675542161933,45.668713786113784,0
4935,8.276573076336437,45.538586490946244,0
2353,8.209609948284095,45.74800064562918,0
571,8.078145634078503,45.54895573642686,0
4882,8.500746001816895,45.97826937308422,0
1246,8.426817669615996,45.784460207442955,0
3145,8.231759619050226,45.44783177804802,0
1009,8.322332564535893,45.6451852242531,0
2341,8.673229069913075,45.15830183473583,1
3439,8.056061137348884,45.33879095312973,0
4169,8.073929299828507,45.57845332260566,0
2740,8.23885425547496,45.80212123630857,0
2667,8.953020719722637,45.61960860425423,1
1787,8.503933771632045,45.04424085424863,1
457,8.842259199449803,45.432228197815405,1
3816,8.797047119242116,45.33572257216489,1
4365,8.319293125170246,45.87705046223675,0
2942,8.719501170885916,45.28638000894022,1
385,8.815468962177203,45.34390774104582,1
2975,8.061034286428088,45.52292790622483,0
393,8.116199773430342,45.62479478549499,0
1355,8.777822735035201,45.292256731100956,1
3316,8.869202615975922,45.43564910740765,1
1431,8.043175785588103,45.36942977879219,0
1227,8.019901447249705,45.37376081835823,0
2013,8.86611801215685,45.40299085841993,1
2300,8.801275728616012,45.287009575628915,1
4500,8.265102970213148,45.488633710844546,0
1763,8.331136522221941,45.670708738183706,0
4788,8.647413737081479,45.178940645330414,1
2109,8.864372896531483,45.50128776397184,1
4335,8.645982989497952,45.153916909399435,1
3420,8.339272111298648,45.87637276236858,0
4973,8.991416024754502,45.58955460104064,1
448,8.408705252298716,45.76037063938689,0
1562,8.495294663369219,45.06243479800578,1
1110,8.487504875389918,45.0703018686296,1
2052,8.842328015605451,45.42625766893516,1
4592,8.937391254473676,45.598510863610045,1
3381,8.826335164859758,45.45570434230814,1
124,8.844696523071608,45.45665886615645,1
1577,8.75585054991939,45.31646177276811,1
1441,8.52807072542301,45.070040970343754,1
509,8.778069582729675,45.39289800148022,1
2037,8.473809807929618,45.95362688210249,0
3806,8.77164464082171,45.342045745316405,1
2892,8.313461231770237,45.67409535066282,0
93,8.249900515384615,45.33356714717717,0
3855,8.862400339723505,45.38549146763765,1
1010,8.797914939813225,45.355220394470194,1
2575,8.830295147517642,45.436326437605565,1
1791,8.821932757845905,45.42906626304101,1
3510,8.68557654637446,45.16151267061694,1
3000,8.637275183114308,45.16310063406584,1
2585,8.77568018495155,45.33728579930423,1
4302,8.772887290431408,45.583093840699036,1
1319,8.079911339716004,45.521731314218904,0
3313,8.503910646428764,45.09377869067449,1
3508,8.160054734924973,45.6373427899226,0
2931,8.845348688077738,45.464215667258365,1
2732,8.07965607057278,45.56258101683958,0
2098,8.915113771757095,45.48137798636096,1
3413,8.07757664604164,45.58929923462431,0
2443,8.508034814641315,45.077190865790094,1
631,8.722355833446962,45.5252653402877,1
2768,8.794043370131948,45.35941936985713,1
4012,8.76877844140519,45.274587279119054,1
3992,8.51189760223218,45.93544462736025,0
2916,8.545258124218394,45.03155178593055,1
4518,8.949712718839216,45.25326507644665,1
3572,8.24966229538119,45.80397064966247,0
3626,8.063172949099675,45.36671455395291,0
3640,8.259133604587548,45.50605306682023,0
546,8.552629692725592,45.30613785565107,1
414,8.692078554257257,45.165865881692135,1
473,8.51479636088995,45.217907086439524,1
4516,8.800446912452959,45.28312863592373,1
2794,8.403583225120794,45.75948572948828,0
2789,8.812834501454063,45.32703370441757,1
664,8.143561966793776,45.60828815672087,0
1425,8.624186265745452,45.17205189852253,1
1517,8.119873978963541,45.577269449971695,0
4978,8.67714492685042,45.14590291559187,1
1522,8.861483871135734,45.60338897553005,1
2969,8.66573693432775,45.20376001635115,1
705,8.530600908959663,45.03217135508464,1
4402,8.498892046861732,45.97150830364403,0
2134,8.903311909510524,45.46795800892292,1
115,8.23738993922686,45.46793778518558,0
4315,8.68253547653768,45.22974562187662,1
2850,8.358520490902013,45.90438791844643,0
3346,8.673076457939391,45.2214353143316,1
1911,8.772845917101026,45.269214235141916,1
4434,8.529281823732498,45.93407865623689,0
3659,8.35248661269979,45.882118119014855,0
4137,8.771936443292276,45.32930008533982,1
3788,8.114880649671772,45.58403372064886,0
2621,8.322436355790218,45.85924001748924,0
2293,8.670250741641775,45.16055180013149,1
2178,8.330255379453487,45.88948901799401,0
402,8.103432830361097,45.54222830474893,0
2065,8.100531474559116,45.59465537572265,0
2717,8.498659571745318,45.94605973658206,0
650,8.803584059453412,45.59960850480982,1
2564,8.014245563154569,45.3531152872974,0
2439,8.685026787980684,45.22850827085996,1
4835,8.477222402072401,45.16310598844121,1
4046,8.82782325338374,45.63481590485349,1
3762,8.73186131767516,45.30257483218955,1
175,8.314471438336614,45.60383903256258,0
3312,8.293898296961743,45.86368505784429,0
954,8.767405942479082,45.24828549600205,1
3079,8.853615961608067,45.46877608951853,1
3501,8.04021692289449,45.34023829887142,0
1704,8.187428860334135,45.76177020022437,0
4349,8.002752206966367,45.3738949093769,0
1752,8.656433281226375,45.14479769583051,1
721,8.135510999298358,45.59945764626148,0
879,8.65721797893915,45.13003251160013,1
2267,8.896565961335073,45.4287223345112,1
924,8.487616481549761,45.950106760390774,0
167,8.785448810090587,45.321106545468,1
2512,8.684476513450885,45.22193078496255,1
2119,8.30326600293219,45.6360136122955,0
1985,8.341382682030622,45.90544270757699,0
4543,8.769557022723154,45.25109524110036,1
4025,8.775329069154296,45.36051437377061,1
3702,8.754573362598306,45.26856541808587,1
852,8.729991601047384,45.56931044092719,1
2652,8.752218959460006,45.32867484748661,1
2578,8.508711023076923,45.71652585601254,0
3722,8.763977399416984,45.266493413735944,1
3152,8.29877313522355,45.880809031345,0
3214,8.079775609306754,45.34585998360789,0
4241,8.700278737684943,45.20861758386456,1
100,8.528112716605234,45.93781655154366,0
4848,8.455166746320652,45.778272452285776,0
360,8.790663723246327,45.33233428248886,1
3097,8.696328354281746,45.23221642154744,1
294,8.662036622812298,45.14495825349768,1
4720,8.912871756976427,45.1530818588599,1
1518,8.664141522204448,45.14118847336717,1
1145,8.652046537801588,45.19172811800859,1
1981,8.456797694244516,45.14826028162934,1
415,8.447686044567671,45.804009140299,0
555,8.503506680132544,45.07350843317252,1
1598,8.428175244937076,45.80560748153647,0
4789,8.644239776181053,45.10925664876173,1
327,8.640685632588882,45.2114121702462,1
3794,8.841014360901328,45.41767880689263,1
3942,8.26586879244625,45.51750169366669,0
412,8.075894911089426,45.55044790652944,0
1560,8.899640136465436,45.60933266306357,1
4760,8.170974342738628,45.72971117416397,0
4299,8.335079817948719,45.41960590820084,0
4375,8.81910659043314,45.41818592844165,1
2749,8.144111169463038,45.703541817230004,0
839,8.087970635875898,45.52812726044739,0
2846,8.959775914304679,45.21611780766971,1
3450,8.327093848484934,45.65815716091041,0
4259,8.669135980752031,45.22117391419426,1
3892,8.885598155738514,45.14285545169713,1
928,8.623006110486166,45.38548161215995,1
4124,8.72897465522513,45.32483986236898,1
4356,8.785645295933133,45.60199321297307,1
1622,8.765287520658424,45.37839590943082,1
2541,8.896378310891068,45.14619337426869,1
2781,8.25158994842534,45.47303975993222,0
2974,8.208932433104168,45.76044913111771,0
450,8.903337066151487,45.47565434457858,1
1594,8.109024534983014,45.59209137440476,0
4732,8.290378054548452,45.63147213336652,0
4620,8.789411845586985,45.58649248073701,1
1917,8.513573864148379,45.091358364998165,1
4968,8.68005550963579,45.45991898618488,1
2921,8.680627560766288,45.19640739673283,1
3624,8.36072686170934,45.899590259032955,0
4559,8.32609960236547,45.65996141645961,0
3523,8.17110520821168,45.6493117584543,0
4292,8.68133440655784,45.22730038351192,1
3038,8.879004872863923,45.43124512929187,1
4647,8.63480910879852,45.39857564061341,1
655,8.414384625298126,45.77795337281895,0
299,8.309121669254141,45.66526105428667,0
4182,8.639552885591595,45.183394804804905,1
1988,8.880563867931775,45.62495572387417,1
3222,8.493931938985863,45.15952526072589,1
2438,8.264269910256411,45.31482936313554,0
4785,8.270228325236767,45.471818079102526,0
914,8.382286423076923,45.48945693824438,0
2995,8.677673565151373,45.231367783978484,1
1535,8.186652643743,45.73737796125889,0
4333,8.929446865101573,45.630708532429225,1
2270,8.825295501063835,45.33671422454681,1
2972,8.523317353982847,45.22956364858742,1
4779,8.938963836421031,45.17830059928142,1
1543,8.696748503309605,45.16651077265747,1
4931,8.687778790587268,45.23446048058326,1
3469,8.04462635097599,45.37674725399711,0
4431,8.848857670928567,45.41151189778719,1
2646,8.50341093925077,45.098789247336285,1
1649,8.654559803550898,45.17537510906777,1
4633,8.964414295134807,45.22696676232308,1
1206,8.329169274667851,45.668561175448396,0
471,8.788150558994424,45.31500082836379,1
4362,8.814592414322417,45.30567732711965,1
1662,8.881845687810857,45.46653371710192,1
2168,8.64622938631835,45.18632354489007,1
330,8.825994452290415,45.33537328821831,1
3950,8.277197163406871,45.82321834618396,0
590,8.87541112246048,45.51885106240142,1
1397,8.807309253557086,45.34410343359236,1
1534,8.532239255635012,45.03700023966265,1
2880,8.435361116467572,45.78932804710612,0
3076,8.20153886945018,45.75586065256873,0
736,8.12776511153138,45.657935199735114,0
467,8.91663067314746,45.16545743945381,1
1408,8.881107036348979,45.504308340820764,1
2826,8.633962099246045,45.16044583147932,1
4571,8.667422737530702,45.16996557079447,1
1372,8.283004786874,45.61961776312644,0
589,8.729919324238226,45.54591944655982,1
387,8.040480051623522,45.3341343361957,0
240,8.938318839449504,45.19521461099612,1
4326,8.283758799425547,45.61205876399352,0
4561,8.166332015311212,45.65295564788304,0
2870,8.903289541759491,45.46021684202706,1
2294,8.880187630294783,45.477605728318885,1
3924,8.922906634422858,45.59651826633251,1
1734,8.147304027886515,45.68370473297816,0
1800,8.898210183559303,45.46518080011463,1
3364,8.91626484337845,45.196196580252085,1
3913,8.701079176403933,45.236675727567295,1
247,8.061096050788006,45.383446662796786,0
2103,8.53464406488642,45.034356018656375,1
4606,8.673343984811945,45.20604260351011,1
4569,8.48442590693904,45.963873890544,0
4970,8.384932084615384,45.53337169091736,0
3863,8.537379759580546,45.27172195032799,1
1174,8.080899111389115,45.356838907905264,0
1546,8.73483460699056,45.317844204735174,1
2436,8.493020463606397,45.967366488978925,0
1783,8.641240826013943,45.401007722935276,1
1367,8.511883438941233,45.0492989398528,1
919,8.456705097101286,45.80114240095784,0
4510,8.73085563616492,45.31301848005658,1
3300,8.396184715384615,45.55002206956238,0
2221,8.670022257313743,45.11817285142852,1
3536,8.16356485537145,45.660363182964325,0
4623,8.645552867416859,45.153124882993104,1
4787,8.488190811396677,45.120167042910005,1
1413,8.732216124758818,45.31999395625251,1
1727,8.87599601646152,45.42281764994122,1
835,8.511835519366139,45.164423673607374,1
3403,8.648802260039757,45.11596346267567,1
3027,8.276071561538462,45.33229212064642,0
1876,8.1711321,45.21701449666206,0
3542,8.784274429608233,45.60300987294689,1
4452,8.65140955967155,45.20020413600177,1
2690,8.155288206553735,45.68974990974916,0
1700,8.888715614763864,45.43118351691878,1
1500,8.766028566797821,45.59497742290994,1
1566,8.500447467742823,45.20680212811439,1
1130,8.505154148114729,45.9646730453469,0
4092,8.678287464267717,45.13340854476263,1
4663,8.479168034885342,45.08845507582629,1
1207,8.490020858696827,45.08172812269168,1
4415,8.95255278745671,45.24988990132286,1
43,8.93317880245601,45.13685521972106,1
3110,8.775765273782353,45.265029720046776,1
1849,8.159405520788837,45.68360547827432,0
2824,8.112638258159654,45.5479284961128,0
3417,8.030752341547876,45.37128056524997,0
4101,8.326806562288125,45.6715562272941,0
586,8.500531973582708,45.044231125608896,1
2566,8.667393781932194,45.44800550391556,1
4716,8.223079164077634,45.79482087803542,0
3268,8.494085364250996,45.14750313521817,1
1938,8.261523079145855,45.80170186534088,0
3838,8.09386561510045,45.55232036549264,0
3088,8.876691282397047,45.47282326768761,1
1816,8.583298494879946,45.34370172899618,1
2887,8.667698214907224,45.15440599902146,1
2991,8.072252711472908,45.57713714475251,0
118,8.251287600280724,45.51602167188063,0
4969,8.755900318488516,45.309051971215936,1
1074,8.582914494871796,45.786323815929414,0
4686,8.490154293992799,45.09041982322297,1
445,8.728951650851904,45.18901493351287,1
3672,8.906949790837547,45.49364801409359,1
4006,8.826422088010599,45.63425484716708,1
1817,8.106399604821998,45.57687207025076,0
3405,8.776643568272048,45.32417863962621,1
1205,8.870837017906362,45.45313341022036,1
2677,8.358017797194794,45.85648782361515,0
4047,8.65144094379258,45.18069514690166,1
684,8.625843765337788,45.14283643915194,1
781,8.122913145821338,45.5803454342798,0
1215,8.785274041292022,45.27429936340044,1
41,8.471611015070105,45.141214604113834,1
2796,8.200278345222054,45.70187096677537,0
3704,8.441867093415812,45.807006341735175,0
531,8.832269073816983,45.472254246647275,1
3984,8.04411465556782,45.35035129798893,0
256,8.85148742277738,45.467599797398016,1
3320,8.756735161954722,45.32241894735721,1
3931,8.241579351649078,45.52062713068802,0
4117,8.882729512005838,45.63589631031568,1
796,8.477875480808112,45.96962456333421,0
3238,8.639448723231375,45.134446724566686,1
3732,8.904166819008815,45.490306425787395,1
3948,8.771334704837844,45.30150685251545,1
3957,8.72451243070922,45.31238506287808,1
3775,8.107643633362889,45.620708476404,0
4280,8.48255556693914,45.960511669221766,0
3880,8.629855764337382,45.162906679464456,1
1707,8.707575370442957,45.19905257889685,1
987,8.830485172881712,45.62554055377452,1
2012,8.079310702775157,45.561603749949604,0
88,8.684824094950038,45.18927328701498,1
2120,8.453096330769231,45.59423348330969,0
4774,8.506011446737505,45.98029551499358,0
3424,8.300011303153765,45.61933155552008,0
3753,8.503352590369857,45.03732256764153,1
194,8.762384102930934,45.271832634528884,1
4939,8.896746545522928,45.137603219483566,1
4951,8.92680368031896,45.186365185940176,1
3264,8.641851568897323,45.14023584495527,1
654,8.931026500353102,45.62343959835574,1
2463,8.701504881601547,45.209627722654375,1
4055,8.84891159724717,45.43508158958508,1
1086,8.489358742677673,45.188444179947794,1
4423,8.508665936807596,45.04712600766135,1
3570,8.655192904794138,45.1846346524919,1
427,8.369437073563795,45.914601794980946,0
496,8.941752923604497,45.25732121316685,1
1740,8.502774655473107,45.98034373672912,0
4771,8.563010563237519,45.27081294342619,1
3335,8.317730332772477,45.639752018231256,0
947,8.477098992850383,45.978432563106104,0
4389,8.483677155225399,45.98176772715187,0
2245,8.694746883377853,45.16988707088629,1
2599,8.679493801433003,45.15849508345849,1
4909,8.777634173310743,45.2909653494991,1
2963,8.823504164831117,45.61236055334193,1
389,8.547652940489773,45.97912637265366,0
4776,8.881149957161902,45.471433007862586,1
1897,8.769210634572513,45.59240771087087,1
3525,8.946258728626574,45.586089145046124,1
948,8.777774382982802,45.36026499270488,1
2424,8.084580806349164,45.594741891019964,0
3953,8.828461932749693,45.33566607576826,1
4140,8.320266190810827,45.64140848741384,0
21,8.66391859516564,45.18938890416165,1
4459,8.602189542954125,45.30174733238776,1
1733,8.144618475865016,45.63499233204393,0
2318,8.524107143636398,45.03740131952419,1
374,8.684387253861118,45.25039891988891,1
4986,8.653738687216828,45.124056989624,1
1189,8.480521540577467,45.11666368661865,1
75,8.689858226309056,45.18891957271021,1
584,8.679518354116334,45.24488079687983,1
1360,8.497816798959246,45.18414014013063,1
444,8.518782591794318,45.07224658161229,1
4148,8.664087538688209,45.472157224876305,1
2228,8.644015365201442,45.397833524435214,1
1102,8.92404473115207,45.161605866767026,1
4990,8.87906401279848,45.62265455412202,1
5022,8.502872440823777,45.04673002548787,1
281,8.141865003633182,45.616533476441795,0
3661,8.702352606448123,45.18182727094254,1
3883,8.677459152511688,45.19055168141831,1
4539,8.849082517421863,45.631212062012985,1
193,8.237186202024754,45.46382368363433,0
3985,8.506084443091275,45.93938787467522,0
158,8.277866992746196,45.825614947405754,0
3843,8.154720291218046,45.63726604350919,0
3124,8.525503908825534,45.931274668309825,0
1478,8.505545960432109,45.025272000536155,1
905,8.657929321986018,45.417319602099454,1
2456,8.859862501600396,45.484834949551235,1
722,8.695356869995242,45.184828927978465,1
2792,8.671048351367034,45.160897175256466,1
628,8.414847879140277,45.75518540902662,0
4936,8.885041816070641,45.169710279176094,1
493,8.746131381668315,45.57148418961805,1
1568,8.51229852370295,45.05559045367332,1
2124,8.407437346153847,45.56667244820739,0
1261,8.75214889995979,45.33851297743024,1
4382,8.671485283015882,45.14706901633205,1
456,8.895370592659372,45.4989259514914,1
620,8.212700471294736,45.79048122216345,0
1497,8.843689338955311,45.41890047019898,1
730,8.501985504786933,45.067503631645984,1
1438,8.91054638407647,45.18396450873474,1
751,8.496679599360604,45.11332778612348,1
4432,8.765492562363281,45.26907822281785,1
3943,8.91330675343311,45.48758115463036,1
4252,8.705338930708741,45.15720778174315,1
2285,8.417042600426381,45.78452303324343,0
4507,8.536321171130933,45.248904842971214,1
135,8.10018413444156,45.56765483371425,0
3645,8.323278166666666,45.40214315068996,0
878,8.934441279006755,45.62481455296672,1
14,8.153169020991326,45.6004496317179,0
2016,8.84287049561453,45.614309752798476,1
1115,8.539066633014805,45.0,1
1686,8.438295096947387,45.7499016286175,0
2061,8.092741854002401,45.57115787950255,0
3532,8.66606922756496,45.13254017801329,1
1031,8.76995072778663,45.31899262409435,1
1836,8.869100162116109,45.62769007393992,1
3686,8.90409545013221,45.49338090191069,1
4692,8.691907496766447,45.17298302273084,1
2810,8.189659934891152,45.74756405430327,0
1119,8.790206166306914,45.38450304456113,1
2161,8.513388582965893,45.23408909437718,1
2462,8.124114007520824,45.616938253432124,0
4532,8.141656580555098,45.67776211671347,0
1298,8.202058099465455,45.77183622163592,0
4492,8.723710973035374,45.5298013487097,1
2363,8.069925226529099,45.347602786856676,0
3181,8.536339878980097,45.92749978550329,0
2172,8.861915455043864,45.431809560641724,1
965,8.657345476390438,45.11924252002371,1
3509,8.906322919001346,45.623625927723246,1
3410,8.00642768670239,45.35107742332065,0
4927,8.834342756559517,45.331392703890515,1
2664,8.944434139334984,45.17476918724612,1
3275,8.774578371760304,45.375134362515595,1
3793,8.795415137775603,45.34836898141123,1
1913,8.795430473951006,45.29794875971644,1
3673,8.494704779120989,45.09916405806433,1
4261,8.703233912662572,45.21405470005388,1
1496,8.299078942110361,45.65681618331253,0
430,8.489267309503735,45.96701878956292,0
4406,8.37771486702765,45.90997305551922,0
3779,8.646373506296447,45.146220421875995,1
1021,8.41273243418534,45.776768866653306,0
4932,8.535424495996812,45.00065968368316,1
1322,8.697368996909082,45.24147549813176,1
3774,8.921486699016974,45.16544115386972,1
550,8.79391925454528,45.580953993121796,1
3101,8.875522374747934,45.61215865628265,1
4429,8.102483832103852,45.60422015919149,0
1949,8.672336183136117,45.179839789639466,1
1909,8.889377189200824,45.49369376334289,1
4791,8.96684932653965,45.224241440923954,1
1848,8.1698567,45.17512730304846,0
4451,8.367736979844423,45.92232461462041,0
499,8.264674691493436,45.530761799133515,0
1054,8.924549370269714,45.626058183387926,1
1453,8.777295973177493,45.615240586853176,1
367,8.498083549409444,45.04713747483599,1
4311,8.432723455526462,45.75596376586444,0
2408,8.610461634649607,45.14173814078462,1
4550,8.142522399645003,45.68265241269489,0
1264,8.662866353543741,45.42855186278643,1
548,8.51440594868635,45.95019108431947,0
3163,8.678550173133528,45.18323653372022,1
1894,8.88045811582274,45.50213188509199,1
1451,8.051479791272536,45.351208190261644,0
1362,8.645486598116864,45.12086871298947,1
4558,8.973527183394472,45.221668628073026,1
875,8.765939519762117,45.57066702003727,1
3347,8.250907032573583,45.473998013387344,0
677,8.943653691877797,45.1939995978088,1
3284,8.011464235734836,45.38676206801592,0
2708,8.879257984455982,45.60951031633979,1
4652,8.718738149212982,45.19434484533785,1
1245,8.136295688901724,45.60178406308286,0
3216,8.50769195189669,45.073738332060564,1
3185,8.753531727934693,45.28644645561955,1
1387,8.809678749986379,45.367182082915704,1
2777,8.110945356993474,45.58847688872132,0
623,8.748951957716551,45.575255916190365,1
276,8.806534247806649,45.310641629570874,1
61,8.679272137021332,45.46008928056114,1
3104,8.650662402834413,45.13514619527807,1
15,8.815401875526566,45.318920939400805,1
1893,8.658475953939536,45.19561256427458,1
984,8.81895777215821,45.33301305798994,1
609,8.304101339717755,45.6998542631531,0
2238,8.62054233470073,45.37972604518946,1
4134,8.760395262050105,45.28784553983345,1
1667,8.220373049624417,45.73447757026158,0
1473,8.649902050380993,45.11096517711577,1
2641,8.9008389269093,45.44715365995524,1
2086,8.468171955697963,45.785000660119934,0
1003,8.533887993085209,45.25838399650218,1
3208,8.75941472175918,45.26619424156874,1
3480,8.540871628960286,45.249012077631946,1
2108,8.270778810960072,45.512935941727555,0
506,8.656314493912454,45.17324578099022,1
1481,8.42684031748055,45.76674401405816,0
880,8.882296541926628,45.43679801838072,1
4485,8.692034518787176,45.182542839544105,1
3790,8.22773390697185,45.436951986580645,0
82,8.421793612732305,45.78556120248962,0
1352,8.715837437380426,45.166305215431514,1
4610,8.862841360773794,45.43658846030308,1
4513,8.435393059428637,45.77688062330734,0
90,8.043948133008348,45.375925990415986,0
941,8.717673755300993,45.30950550065654,1
3234,8.808700887934194,45.60406543085821,1
3129,8.287527304621626,45.628265470377976,0
2437,8.588512113240453,45.3466093260338,1
1037,8.425226237642361,45.78437991040821,0
2644,8.519838939220314,45.023243928574914,1
3008,8.23335005463266,45.80267057050843,0
4781,8.67059319275153,45.45639719058778,1
2166,8.886209789231646,45.411705003038236,1
4980,8.951792674573458,45.18296234994117,1
3758,8.537284720642846,45.2667499027559,1
2486,8.832149931754767,45.60447471367367,1
3648,8.851299327296141,45.45542966344597,1
945,8.810337258813878,45.61709745170846,1
4594,8.18093742811034,45.70754768229377,0
560,8.638786287641997,45.17653591042692,1
310,8.338639162597742,45.89777001889342,0
69,8.049445211033126,45.36361613633274,0
4585,8.533636990608427,45.92653177651905,0
3867,8.333856484238618,45.865242743413035,0
3461,8.244182075242241,45.4603742831764,0
4860,8.794272817634095,45.344100106980314,1
3552,8.522593511763436,45.21385621378296,1
3091,8.67449537780314,45.165424758739974,1
528,8.858683725154611,45.48293525851328,1
3799,8.743512925190332,45.30160787046002,1
168,8.445935350195281,45.77316873247041,0
3366,8.689363492995136,45.20540181836043,1
3209,8.64702158849432,45.1444560147348,1
1947,8.769449241117217,45.27225024746818,1
2425,8.235974881239745,45.48717887607147,0
1092,8.961892467245212,45.59433745912886,1
2661,8.4130486501693,45.77153710982636,0
4053,8.710050754588053,45.520109383167856,1
172,8.496053323509111,45.156428646776256,1
1550,8.107170370826141,45.56128423335922,0
3864,8.831124507572502,45.34212970257079,1
2852,8.684923521128596,45.1641423618924,1
1064,8.779345775724353,45.30867636503679,1
974,8.656635152634903,45.40056207740793,1
685,8.881522770598947,45.45506795810415,1
2258,8.644535973567042,45.35327826759795,1
291,8.814299183403936,45.35340011182984,1
3529,8.210974370385372,45.46241883298106,0
4955,8.336453579008056,45.64846915454438,0
1826,8.106672136625827,45.57166038491385,0
3709,8.02062953101933,45.338525787798304,0
2139,8.671976818995972,45.14611013510713,1
161,8.240564631711583,45.44355385996116,0
1078,8.646830165222802,45.175423284727145,1
1232,8.24427557377974,45.51815972068207,0
3121,8.308016536488532,45.6850172158668,0
222,8.073110020998662,45.541883636495086,0
2483,8.72266327178898,45.53867861660463,1
4783,8.779572956588419,45.59507263028827,1
4675,8.78109126452671,45.586757227359946,1
2606,8.670543194436071,45.18669471366351,1
4422,8.246129679348972,45.492789839060514,0
702,8.865850024520421,45.483650930583885,1
4180,8.792793067024414,45.35606718107783,1
774,8.634585219353687,45.19442380904461,1
3635,8.764781213779504,45.59471826696249,1
896,8.808526691762223,45.34803773938631,1
4953,8.062382437750797,45.371550361275084,0
1965,8.314525856916356,45.66609467655977,0
593,8.512006229351192,45.090687009754156,1
1028,8.113021832967071,45.58042640799795,0
3809,8.476699633333334,45.629158998331455,0
1258,8.559311192307693,45.751398300907645,0
99,8.33678033560618,45.88152810017897,0
209,8.500875805373308,45.08909997879815,1
4381,8.254007989786642,45.451478408632155,0
382,8.005201579523247,45.35533093416113,0
3093,8.675820675755897,45.174268118692844,1
1730,8.489259458015457,45.07512010930389,1
1083,8.844496472117516,45.44136083245899,1
4177,8.530807631302533,45.05249956848025,1
1226,8.693663764477314,45.17492726444921,1
3015,8.612340671953989,45.35243755834844,1
1353,8.722759735427434,45.52836965858436,1
1269,8.780277989375504,45.31813608517393,1
670,8.651484044978293,45.20132045356005,1
3802,8.496752841223332,45.055811290171654,1
2243,8.694082428376376,45.506198767647,1
3040,8.802083609244791,45.613124833251184,1
1374,8.606701030615577,45.308361541087024,1
2203,8.961893770051153,45.60900588220284,1
3134,8.872722357179986,45.426553096209894,1
452,8.426916438018512,45.77472699999443,0
1720,8.651307447247806,45.11873974715096,1
3646,8.763359472846636,45.34392759574198,1
770,8.839318279635576,45.47361806037666,1
1287,8.927750290824857,45.205913716211064,1
1582,8.275349836800054,45.52280260807627,0
4989,8.680192654998644,45.23345998528333,1
4707,8.741219297395372,45.32390898819161,1
386,8.158105456708622,45.63642778418556,0
2246,8.614471093990733,45.36449661877908,1
659,8.64381533311351,45.11352874456686,1
4209,8.346718369781609,45.868232041890124,0
3504,8.234604592789363,45.7510150725942,0
1670,8.675827305858062,45.21612792983882,1
1793,8.334643055382694,45.67596083990024,0
307,8.670290636185127,45.154329588357825,1
1892,8.685852078910438,45.24211228815109,1
1943,8.267076230089495,45.809129413306685,0
3448,8.793766809201298,45.35960015043262,1
4946,8.629383971903497,45.146310784520246,1
162,8.09824254695121,45.55036596597718,0
3850,8.793841564114478,45.34577314011346,1
561,8.79140070402401,45.346296077551024,1
3921,8.700549519830293,45.19309600765578,1
4380,8.939791728179712,45.19653155430354,1
2593,8.306038721991223,45.700119046838545,0
1154,8.855080715038397,45.39466551656563,1
4303,8.610697731440444,45.355849967617374,1
4656,8.624866595513298,45.13883839850922,1
500,8.693657387157428,45.20286434460471,1
4604,8.2590341780825,45.52507283966202,0
4430,8.339008073595792,45.88934913592754,0
2657,8.676051818219918,45.469920319760554,1
4869,8.509636830651585,45.019940744813205,1
4343,8.714976073219152,45.538922184995286,1
3882,8.927605145835596,45.19954679783113,1
3174,8.619459418965247,45.150795647002276,1
1249,8.364707479724544,45.91662154666394,0
2419,8.085176617516657,45.52874231823762,0
3998,8.492042110616083,45.92630756081131,0
3519,8.162865740867323,45.66347018790455,0
4546,8.426150624628928,45.788412079961844,0
2176,8.80269854230239,45.36622730491169,1
680,8.809389253659303,45.616156820670746,1
1096,8.503698999127245,45.08191486893035,1
1628,8.906652146053748,45.63062339771778,1
2569,8.637418400556898,45.15843982353498,1
4028,8.351459481994004,45.879614103217406,0
2040,8.749803944116719,45.543784738957484,1
1072,8.709512967350365,45.5316294507774,1
3036,8.509951474786625,45.0548945535596,1
3662,8.01091328886745,45.361004254190256,0
2364,8.754343615105128,45.30353993955667,1
2055,8.660062718963482,45.24029001829578,1
144,8.651006240047055,45.167064016619946,1
1599,8.52100192682272,45.02154762501168,1
3935,8.878521972420259,45.4676537156625,1
4985,8.828590556457232,45.60881138448391,1
4330,8.974831894329938,45.230032512615956,1
458,8.787815187823757,45.35792594290802,1
2301,8.630018759322496,45.405849854039204,1
3784,8.781088948441901,45.37274713391391,1
150,8.368472775092693,45.68710882110727,0
4515,8.964053072293147,45.24020952176963,1
208,8.67174301003472,45.12949864510505,1
2589,8.862448543651643,45.4913582068786,1
647,8.515571025900904,45.20237476575183,1
1638,8.664938718597059,45.22056586105347,1
2138,8.898792591042092,45.438236394873485,1
2299,8.6612492013015,45.45267361905585,1
3276,8.07300058018135,45.36842355883756,0
2204,8.862057983134855,45.51332804951514,1
4537,8.501802100703971,45.1520272975257,1
887,8.50501963986861,45.029593637232274,1
478,8.647669481796294,45.11078616018594,1
2006,8.193614709204212,45.741814160967245,0
4039,8.024033645033542,45.3711407787277,0
2393,8.757210878501148,45.57584058469901,1
4677,8.322032539532525,45.668030741373265,0
2968,8.302941569369386,45.65048378539601,0
4015,8.829819453298198,45.63167843384667,1
1339,8.502239006458659,45.93544451523541,0
3581,8.90833212366953,45.48689658481085,1
3899,8.678400272253038,45.16545624473355,1
4090,8.34411615170238,45.88514118035891,0
2624,8.777623656904979,45.28094467207115,1
2735,8.694335114636694,45.242045758284505,1
1155,8.704124900006047,45.52985450607267,1
3817,8.523906238461539,45.69901002837499,0
2478,8.756771858580386,45.55848016333182,1
3492,8.57492668293169,45.345267462835054,1
3156,8.305370382406151,45.85666387404751,0
2429,8.676454487218173,45.433441544906884,1
2523,8.347938879368836,45.88072459435426,0
3603,8.507879094260794,45.05985315881548,1
1659,8.105283150204091,45.603527108516836,0
2129,8.738541398725783,45.318059440560276,1
3213,8.082472626313763,45.3307370606377,0
3859,8.49907472584626,45.103839783205146,1
556,8.807222066540485,45.31601964002964,1
1398,8.919021403901258,45.1135202371799,1
1874,8.78128512198819,45.312960575815744,1
4888,8.98727400622927,45.248406851121885,1
1511,8.243274560907233,45.51786656617198,0
252,8.13441862413317,45.59306932167181,0
2878,8.633022227968599,45.43936585217966,1
3823,8.51215694522682,45.032661895665456,1
74,8.89068909805464,45.422036479531336,1
2814,8.304532992396524,45.69550429754363,0
3472,8.674214308112788,45.158855520320174,1
570,8.659725585147436,45.1643814432345,1
629,8.66203650173443,45.10506189168353,1
3808,8.500701815567211,45.03149777605874,1
3042,8.541054678932532,45.02213883551457,1
4056,8.305897835503437,45.878061275559176,0
4832,8.525149244313532,45.986791793016664,0
3712,8.873198808972228,45.470054713804075,1
2295,8.653955736944958,45.21036395608443,1
1421,8.82875193304804,45.33863819161945,1
1486,8.825817002864294,45.60093674920237,1
3839,8.984823868795266,45.2240447233411,1
971,8.405889725641027,45.52438245326615,0
1248,8.106597441456126,45.55883849740256,0
3897,8.778313631138086,45.33287764830926,1
1109,8.552575708487623,45.28574696832586,1
2343,8.63389828957178,45.15481904056141,1
983,8.65935808029788,45.17817118966593,1
2149,8.32560021821159,45.6695614015633,0
1519,8.498182152518051,45.9480832459263,0
3251,8.711848219391293,45.19339615330071,1
827,8.272405776923076,45.3668679044672,0
4914,8.909809998023658,45.635554881403046,1
477,8.770806741561504,45.340444280853795,1
1605,8.622291534803324,45.16343438270522,1
2432,8.272596891172194,45.84285603906323,0
1356,8.626040764467524,45.17776963077192,1
2051,8.550124276881164,45.029616978707644,1
23,8.487956316850097,45.048566615714876,1
4227,8.70265296736197,45.2329039215004,1
433,8.962873231186636,45.254312228102975,1
2232,8.722252397489026,45.51367835423398,1
4729,8.739533101144305,45.332023991963666,1
1956,8.993745881064138,45.58827169929053,1
4698,8.880947110579129,45.52108764097563,1
4222,8.798252448532269,45.283260883930474,1
4615,8.492039513532072,45.085709883879495,1
3359,8.337897566775252,45.70353916420627,0
2244,8.50393605857734,45.0324237258918,1
3807,8.211271180878466,45.78595209287804,0
2477,8.286688215433859,45.835941906971684,0
862,8.953207356854978,45.17615590005943,1
148,8.072071128710977,45.33220473764882,0
2115,8.525012892241849,45.96270945086579,0
2853,8.641742400096632,45.21029474968747,1
4580,8.310429213325282,45.638994645306965,0
4193,8.847470056204207,45.61201653038042,1
1288,8.44064565654726,45.76656095648994,0
2648,8.51829056629084,45.02087629933016,1
2769,8.342331474361773,45.677422348626095,0
2567,8.775331506513625,45.326097913239224,1
2032,8.805577026018401,45.29654921566048,1
725,8.883733378141383,45.49207069739931,1
2489,8.893641491862633,45.47286392493713,1
3831,8.77534890078127,45.38843472148564,1
4301,8.514771234550649,45.202023518478605,1
918,8.600247855988032,45.336037968647595,1
1959,8.351769800490253,45.89801042352132,0
1343,8.640484726843246,45.39294405364259,1
4758,8.754804782544289,45.32766339132636,1
1020,8.819403640086508,45.433820478373725,1
2275,8.665392177161817,45.144762631837025,1
4461,8.078377255082902,45.545364056294765,0
3647,8.653749974771717,45.154475893630035,1
2577,8.789961038563645,45.61319262879257,1
4693,8.65270789987941,45.189145313223015,1
808,8.154714066680153,45.69241548790926,0
2011,8.062663911689981,45.551163288248254,0
3039,8.689183368994842,45.172342718085176,1
4538,8.488492336197638,45.03270655530246,1
3866,8.756378637929656,45.266996132355786,1
1186,8.727773432561847,45.306369940322405,1
4231,8.51550608339067,45.232907956048535,1
4892,8.779990111496147,45.27236759364654,1
2491,8.571636502878492,45.307705902406454,1
2233,8.308396962836126,45.82277499084743,0
3497,8.91012142541637,45.48938710990183,1
1075,8.977160954763951,45.24736974175673,1
4490,8.872120650849544,45.614758629867815,1
4817,8.292762396418013,45.83370671199967,0
210,8.204889992307692,45.266965632597106,0
4471,8.676978831187661,45.141227446766415,1
3296,8.866395714960106,45.60368406489349,1
711,8.676731534932134,45.21928869628395,1
196,8.293480218485676,45.87038078965428,0
3054,8.54060411279345,45.01066269884777,1
676,8.498413005617477,45.17430313902337,1
3048,8.107276102961466,45.60781666900952,0
2934,8.839760050230412,45.617428277836495,1
3375,8.948264642852546,45.61629246432229,1
3770,8.682731121910567,45.20057125078318,1
2920,8.668847181856625,45.235052636218136,1
4100,8.497458392307692,45.69987547736752,0
2992,8.24685772169728,45.520264368215024,0
2311,8.323166993551814,45.62491513849777,0
2547,8.489744868431348,45.161358389747335,1
3069,8.335432603047423,45.657461933212495,0
4894,8.052801858839905,45.3515901679463,0
1391,8.662533699646639,45.14018804887614,1
4816,8.077001554113908,45.51447754348278,0
2345,8.180885583304283,45.704439429920484,0
1761,8.880829373896875,45.5079863634909,1
607,8.691631797165403,45.533457421049114,1
4747,8.651330525442365,45.185729743248956,1
2096,8.243941366315015,45.770291092926826,0
788,8.495431740247453,45.95615951824186,0
4262,8.494170620399904,45.18638187050767,1
20,8.31578615294451,45.86107664618209,0
4265,8.757168694346387,45.249200444542694,1
1846,8.674821521316085,45.48768542845568,1
3796,8.901345572057924,45.47135879836599,1
1105,8.713330189742061,45.18732078109135,1
1301,8.328095708003435,45.65268646751723,0
799,8.834546971483096,45.40631253467291,1
399,8.512104587179488,45.68154727086411,0
3731,8.872202145909943,45.41151649597903,1
3682,8.79412315927159,45.350229854353245,1
2126,8.483661352509388,45.11594364274379,1
288,8.13314910681055,45.66574138250448,0
4404,8.818078939999994,45.33619074394998,1
663,8.707502806532752,45.195159082709296,1
972,8.358161603670746,45.92708331589404,0
2793,8.040586928590146,45.34190239185373,0
4865,8.869730453739951,45.50064041326709,1
2718,8.911175853269663,45.452367850421815,1
234,8.854492432796158,45.43421668929555,1
1781,8.362426823076923,45.500070933627335,0
4153,8.747237389009642,45.32055662081099,1
1671,8.553721546153847,45.7831273705926,0
3666,8.253812430097177,45.486887405370126,0
1706,8.311476515384616,45.384680393179075,0
4691,8.611844420777594,45.334190706578184,1
50,8.277281031072386,45.842963461112774,0
2572,8.165469001465958,45.72568799421228,0
1104,8.35237020618938,45.894234127211426,0
2083,8.48522752924983,45.12222106805804,1
4728,8.79095977028957,45.33281606977696,1
3383,8.664722798080197,45.107953508897246,1
2680,8.761414983385844,45.25805736134556,1
4219,8.290566582600933,45.86940130314169,0
894,8.616321989249546,45.38174798798355,1
3749,8.20365818164802,45.72708004088811,0
3280,8.309881844891086,45.629700422385845,0
592,8.559867703989035,45.023342248817144,1
4730,8.969709424662476,45.23419297533104,1
3253,8.53123627036492,45.91906326606168,0
1403,8.783956291829133,45.33235579930735,1
4463,8.214794293010122,45.76514092173061,0
512,8.69091786249814,45.22457818737419,1
3842,8.956731624534457,45.25235376289984,1
4211,8.1392517048789,45.66853380546353,0
2802,8.673975127368298,45.232311171714834,1
903,8.054485558016836,45.38254583712178,0
4806,8.898553485995198,45.489781691988654,1
4526,8.423791219159861,45.77709668018951,0
2935,8.669425911377504,45.188471555079346,1
1573,8.714222049660533,45.52269681389372,1
3745,8.223291228500266,45.790417514920925,0
4875,8.862869046671898,45.484473857498564,1
1510,8.094399883642074,45.53784200758161,0
2497,8.109953558988243,45.55691008759226,0
1159,8.915861206087301,45.481286782949226,1
338,8.248758936319364,45.45256931557791,0
3002,8.032455280165243,45.36700422850967,0
1579,8.24415311444686,45.46415135137842,0
1992,8.754344656818684,45.33500504596251,1
3338,8.483202934975889,45.08244258736304,1
3642,8.791195974243212,45.37767410170185,1
33,8.982336406233175,45.21393124845628,1
1191,8.280723162867117,45.824680996380664,0
1690,8.716816014530638,45.522778764026945,1
383,8.856391869950535,45.408079086754725,1
3493,8.724145103235887,45.513728215442406,1
1841,8.767667988541294,45.551871330584255,1
3835,8.334021601982293,45.87480208849362,0
2800,8.696401254153841,45.234595727508925,1
1380,8.509637881840414,45.116067242009606,1
2875,8.500302935897436,45.664084513353224,0
1757,8.477956868288194,45.08607656939754,1
3108,8.93198227750736,45.18535284905394,1
4948,8.91128825341957,45.14748474885591,1
4289,8.065020675201504,45.534323889304304,0
4290,8.093249040978916,45.52287129847965,0
2087,8.60400454231402,45.33848495941356,1
1212,8.513247728819007,45.22146224157285,1
4889,8.85637987254649,45.62550158240358,1
3256,8.94101537898818,45.19297618960771,1
3516,8.180116806069343,45.72322918213493,0
3670,8.429252246050087,45.79952800749394,0
4076,8.819088551086372,45.31290157223858,1
1864,8.143678093392321,45.59036200397013,0
4994,8.478239504037955,45.082771368469885,1
2303,8.051773351225892,45.35377014198689,0
2520,8.240104227368992,45.78010822966964,0
1034,8.674514363059965,45.22841875188838,1
4897,8.50458543180142,45.06501100051439,1
1292,8.511499917717622,45.97282743325185,0
7,8.83664250044371,45.33361891612323,1
4666,8.653420319356453,45.12687321375519,1
1048,8.668283157282179,45.13782282834176,1
662,8.284851500826795,45.81598801456404,0
4734,8.335481509591443,45.66648218111691,0
396,8.209421943654302,45.719268279890336,0
2616,8.551922781966395,45.270334986451694,1
3025,8.711807595587475,45.47968599546958,1
83,8.69828861129933,45.20752417864481,1
231,8.168508736063774,45.671697412043294,0
1884,8.044556847031643,45.386982738506326,0
926,8.659997998556536,45.155257895934135,1
529,8.694412474079035,45.46418855456031,1
4573,8.334827677463046,45.65238771750437,0
42,8.788588334563745,45.30403531694765,1
4682,8.23808104524562,45.76732091131172,0
4880,8.753679124825027,45.34294417232369,1
1094,8.710730271408549,45.228265183655715,1
4478,8.559809859276847,45.277960994908554,1
3728,8.07877801847717,45.544693205835515,0
4192,8.084357239513249,45.582386806999175,0
4626,8.712071587928156,45.17150101239244,1
1652,8.294086443209217,45.82871257883589,0
3437,8.701116742976891,45.17671791207783,1
4395,8.907717114749262,45.479335589359955,1
1144,8.063125878760038,45.388537344412995,0
2557,8.796327099657395,45.36825743916088,1
2454,8.187957453259862,45.71197381494491,0
4010,8.840973356562559,45.4321218392877,1
2546,8.500701561432102,45.0675014146741,1
4777,8.601599852285078,45.32522416149191,1
3506,8.915528696488527,45.16039484926035,1
2866,8.19477562627755,45.69522168090217,0
3638,8.75477774507154,45.25807827215885,1
3047,8.512414555534665,45.18676525418057,1
1229,8.752934319815846,45.283531359390516,1
1459,8.31920943832052,45.66904403279328,0
4242,8.949286556932408,45.1788333423602,1
4524,8.532420451822517,45.023970286380816,1
3098,8.628577466722918,45.18962251223496,1
4800,8.056238316772546,45.3709230941019,0
465,8.90281443463938,45.49028815900853,1
56,8.677641146217766,45.469884762691535,1
961,8.930403137710618,45.252221320324274,1
3392,8.11908095334737,45.6478250620943,0
3761,8.182115405283875,45.697203771846205,0
2327,8.652476408858035,45.34226582019793,1
4470,8.688314356317694,45.17127539775437,1
58,8.893327269037776,45.44645733631881,1
4443,8.610251656502596,45.386738903252514,1
1341,8.323411196752426,45.66356406119253,0
4468,8.789173902792161,45.34614850460675,1
2198,8.457124598171195,45.80314562156312,0
643,8.29773710947311,45.65311098393242,0
4530,8.635501810519617,45.16138178357669,1
4002,8.652545622689319,45.430589715050964,1
254,8.565174690673542,45.26469619792594,1
4812,8.49489527383037,45.965652940134234,0
2257,8.004277349602818,45.378418641736324,0
1118,8.763975595902854,45.371020266242816,1
68,8.519778693685542,45.08216166766537,1
3695,8.152130198407603,45.605259768896545,0
4361,8.975005766214318,45.22257751181679,1
2765,8.843241275917054,45.432519102275165,1
295,8.825258882564725,45.6066093242811,1
1402,8.241928581862249,45.775509007522686,0
1726,8.096832223109145,45.55636049954986,0
1631,8.5105093336811,45.07028017888567,1
2658,8.966633418221546,45.5950905795729,1
2629,8.522801260746746,45.23239274008881,1
66,8.706680892484517,45.171782579971236,1
3259,8.682921879010975,45.17861988476638,1
2941,8.477163819947783,45.16005600979399,1
495,8.064512601894274,45.36377329488959,0
3006,8.225072886854653,45.76923891518496,0
2231,8.731043096835448,45.547004439155714,1
1581,8.130751914582598,45.617963026893456,0
4403,8.263039361486486,45.49216660044395,0
3904,8.629534757269916,45.161576152702985,1
4721,8.555451358540433,45.27922006574594,1
4009,8.776686780879185,45.287148419173704,1
494,8.722390216194587,45.531068869245885,1
4110,8.237569344296004,45.467724973048696,0
741,8.84205518074295,45.479016070926825,1
4489,8.499221868829286,45.176052778136444,1
3750,8.496437752146829,45.10731937891379,1
4312,8.618731171763068,45.38426258911737,1
1449,8.07284420758595,45.35848294134166,0
22,8.909741825034514,45.48576839708448,1
3916,8.224921144401794,45.750600210439046,0
2790,8.795869699949126,45.31199639506031,1
2211,8.080645291490752,45.58018477030496,0
3388,8.953149699972485,45.2195864861937,1
3240,8.772186051588037,45.390365040637306,1
2136,8.958194275927973,45.199250825576186,1
4745,8.968775978149413,45.60981100241506,1
4296,8.354670370053146,45.65632531755948,0
1976,8.671571007276933,45.22323796898904,1
3654,8.167368697002315,45.683402009353536,0
1005,8.225019300141225,45.44612443487683,0
1204,8.078996163196022,45.334213035839234,0
4705,8.497732639821056,45.110893944149254,1
2169,8.444679374493987,45.78093751881622,0
3083,8.95792105189338,45.21833458092554,1
1161,8.250017613880093,45.50728203891011,0
1624,8.493361691186182,45.97263700030355,0
4304,8.454121202758925,45.80633714277414,0
4190,8.77406818700032,45.35113905815821,1
1378,8.759639658743016,45.37210043855794,1
2571,8.820551097251006,45.34084362520207,1
920,8.551758532213407,45.26528378608873,1
3777,8.963403586410605,45.60513285119005,1
3111,8.87660135227652,45.52433561117868,1
1002,8.558667935688351,45.276249270270334,1
3397,8.420453494544788,45.78055020355714,0
0,8.649462673128633,45.196248285492814,1
3776,8.103709723510248,45.5601124455782,0
3447,8.479411610096198,45.98657738127067,0
856,8.099788914381927,45.55431595609508,0
4697,8.664222655420126,45.19497833876006,1
2754,8.671949506913514,45.15038856124763,1
3183,8.685268776530947,45.202279157238614,1
1742,8.76967077610689,45.2494615079213,1
4246,8.317816612768794,45.884366786743236,0
2686,8.074403511370111,45.33432402033634,0
5016,8.691160752548596,45.133067079804775,1
1538,8.680684044722321,45.20604375870854,1
2397,8.293811816773664,45.83782830011506,0
2217,8.561947690593684,45.272775636148005,1
5003,8.942221113039892,45.62831316285396,1
4386,8.357109864177207,45.91136632747381,0
1658,8.463534758171912,45.79223221542319,0
1323,8.9232071382182,45.17389966270279,1
4355,8.831552645070916,45.44801342711811,1
5,8.762871286285046,45.34955780137553,1
4079,8.583153613742303,45.339595469572856,1
5002,8.65894735019955,45.11921672711189,1
1693,8.678225023467938,45.16261047631554,1
1243,8.902343668320233,45.619384081474635,1
602,8.087835034446096,45.57271621873421,0
587,8.18238473076923,45.23366487530708,0
4617,8.91520253471045,45.17529820713111,1
3940,8.28139783659456,45.86722440474951,0
2313,8.328784122890045,45.62992703990411,0
2469,8.884645064747785,45.14701300636887,1
2812,8.757801949111439,45.35113520568045,1
3795,8.666338689831802,45.137931252222096,1
1516,8.426106551330202,45.787492169863526,0
459,8.676617467840703,45.12007639945188,1
4627,8.088519344820583,45.528180743181814,0
78,8.79745235506728,45.36027263381526,1
2355,8.517031595293089,45.19322455666224,1
1788,8.167575602657495,45.672884970659176,0
5013,8.361100361290879,45.894367409465694,0
824,8.723231957616628,45.52606887597061,1
4517,8.431107272949564,45.76598288523267,0
4187,8.27373050525582,45.85650206907126,0
2358,8.636445281970348,45.156979108273,1
4029,8.273545366949127,45.799618059245255,0
3380,8.437699942888722,45.78847059690441,0
2292,8.791639929250001,45.3369101985122,1
3007,8.713383393400417,45.3010251537315,1
2078,8.995050580663847,45.59482361503759,1
1840,8.880271768793275,45.45622219181886,1
4681,8.684808517682363,45.160103486445664,1
1570,8.666652375320277,45.17885085097896,1
2340,8.770071202425727,45.57931974823537,1
3157,8.072004745650371,45.374351481594466,0
1688,8.243006557562637,45.52595552490473,0
1646,8.896333473328985,45.634819611738216,1
3965,8.274045164329161,45.51671873671269,0
482,8.221768773303225,45.44419641805863,0
3277,8.30875902351789,45.85554590271744,0
667,8.125821042885045,45.68781019241648,0
3167,8.809214098845448,45.594318741514805,1
4581,8.326473256509619,45.6335238596554,0
3874,8.710714697136947,45.197643176710216,1
3689,8.767486111236389,45.33297814868291,1
3653,8.865124508321847,45.47061780963866,1
76,8.926149791595988,45.162321517184175,1
4653,8.630043502962955,45.1740584574835,1
4687,8.972038768199337,45.20483340951914,1
2841,8.802183422464612,45.598893719332764,1
2587,8.722445059762507,45.526793638836956,1
260,8.522731256708646,45.044243592783225,1
3650,8.805908067091664,45.36680278102135,1
1972,8.67865153907307,45.21255626308667,1
2500,8.764880597533889,45.571639691519756,1
2290,8.646181795132685,45.1852848965601,1
4685,8.27045224881238,45.82501010434999,0
886,8.872527275323828,45.50684822011516,1
4977,8.648981178523362,45.15139703418429,1
2337,8.682232321429947,45.229958180078,1
778,8.79388491289137,45.34166716457765,1
3455,8.893898390805223,45.46488122016892,1
4593,8.500435033958238,45.046693494025334,1
1723,8.169655884701463,45.66271117353005,0
4993,8.683948278176267,45.45198192269939,1
1193,8.489441891648465,45.1283181300936,1
45,8.103377706137103,45.561664108991714,0
1483,8.420393332530084,45.76133837432997,0
1008,8.948566333936798,45.255076844916736,1
1732,8.863463990728919,45.41223603869932,1
3429,8.501378953172482,45.10251253637362,1
3756,8.337007780180075,45.908739296360956,0
3200,8.673397325778414,45.152209734328906,1
1179,8.643910635249977,45.131362245598595,1
1805,8.585020614933354,45.34315263352378,1
2533,8.523191425435645,45.268344688355,1
4000,8.480114145541005,45.166043399758394,1
3074,8.952740712566092,45.19328601675257,1
4072,8.214510191276815,45.46187233684386,0
3885,8.455394209605915,45.78385190333435,0
4996,8.709463974486862,45.491660409352775,1
2333,8.500445971053733,45.204837433930855,1
269,8.280537411223081,45.84860143800981,0
4420,8.947108266733908,45.61586101650242,1
688,8.636027638803824,45.17443636897684,1
1619,8.269297569242013,45.81851850088012,0
2885,8.140622949761564,45.632347724546285,0
4322,8.81694419711488,45.44752509150858,1
4026,8.01270367758741,45.37365686532512,0
4271,8.85989587311182,45.619015633861274,1
1561,8.978586010765813,45.25212962788138,1
4462,8.781541824172546,45.33357116666916,1
3507,8.270553608201945,45.519871979091505,0
1424,8.714026396819374,45.53667185993707,1
4942,8.115968543935047,45.60932304612136,0
2516,8.815419623582823,45.34774260201995,1
4112,8.903735750034398,45.49101062987069,1
3915,8.297735664865408,45.90010545391419,0
931,8.827634662723543,45.347294670086534,1
2675,8.815317999835196,45.62531600050465,1
4755,8.699376083575558,45.149774642507076,1
1933,8.434150493407108,45.78553491208613,0
4751,8.063885469814032,45.362656516536354,0
2925,8.058509971540968,45.357435572585096,0
103,8.41666610802244,45.75348817763006,0
2694,8.813436081966666,45.31228550513688,1
2805,8.719784069462825,45.17405092162722,1
4723,8.654643977860774,45.1546378519306,1
2193,8.791478222652568,45.34965052711532,1
462,8.120381217179505,45.58157776081765,0
2987,8.241108079873506,45.43492776354849,0
363,8.76524572811367,45.308643264889135,1
211,8.394088074358974,45.506919695755265,0
3811,8.522565641817263,45.24700844193184,1
4680,8.243922541508828,45.51759799646176,0
4821,8.644029120330842,45.10477113684927,1
3705,8.193219698407606,45.739843350485465,0
3544,8.321023895801181,45.86237202556994,0
136,8.488975488639834,45.940971508475975,0
1157,8.93982931156978,45.201181498665875,1
4128,8.490514114033113,45.11874266326407,1
436,8.518693128646152,45.20660698666929,1
790,8.086248774526068,45.538712434730634,0
3563,8.297365780962613,45.62538166284301,0
2780,8.61463623701421,45.39919967957741,1
301,8.296556352992386,45.84335296038095,0
4230,8.350536128297332,45.644694110461806,0
981,8.791692560435052,45.583050343758515,1
3030,8.8178631535665,45.31360075886212,1
798,8.853157175126414,45.47678948597819,1
829,8.706526209868594,45.22702821630495,1
3978,8.053602047004663,45.348299615840254,0
813,8.685131349086472,45.167022346183195,1
3308,8.165926923427763,45.69815496340626,0
4350,8.77653272121106,45.30307916369934,1
3379,8.675186579601103,45.219942539278556,1
2574,8.646135715764295,45.17301167262508,1
117,8.51592474547323,45.198915844692614,1
192,8.943824033955174,45.23948845452088,1
364,8.109933493179671,45.59188755326967,0
4966,8.78053665607936,45.25594022103938,1
1128,8.691067221457764,45.49430473682337,1
3597,8.801986983601541,45.3023615740233,1
4722,8.881434125572065,45.4676413083889,1
339,8.672800366487541,45.455458845665866,1
1108,8.690535107677478,45.4739988338851,1
4915,8.485152160489655,45.12332894212708,1
951,8.661021600358074,45.14380787841542,1
1960,8.90907866072595,45.15833626618496,1
3579,8.312593483301729,45.653210365452686,0
3262,8.864327904198145,45.52047765514458,1
4833,8.223767799828904,45.75896215671587,0
1925,8.454899701600743,45.818297605249555,0
3926,8.914047243071249,45.60649923933495,1
184,8.742554029619159,45.56928651503788,1
4525,8.74426312512521,45.33217811573156,1
1234,8.796089884017853,45.300962978895626,1
1530,8.116404751328293,45.558148732732725,0
841,8.136250402977828,45.658977439777985,0
3717,8.328969006196871,45.65238649539007,0
2148,8.054682214450512,45.35611613752825,0
409,8.932006332780718,45.138160280408265,1
2056,8.6929893434604,45.547496084212575,1
244,8.980103455930266,45.6076175447782,1
4145,8.529857602563862,45.94357727399207,0
1542,8.510472126810173,45.92656323947917,0
138,8.750156603677357,45.335024342753215,1
2200,8.800742240627725,45.610092382161746,1
4876,8.516647248955506,45.057136125928295,1
1262,8.92824047678576,45.60564686526979,1
2947,8.145283117158735,45.65726597739884,0
4379,8.78046243074381,45.30047581765272,1
4325,8.063067875042638,45.5544169071504,0
2625,8.48916701067377,45.17664620367747,1
2656,8.94497014033771,45.21419164737035,1
4390,8.841016541679304,45.41247319301472,1
2730,8.972221543008352,45.2269711482688,1
2018,8.28200231378812,45.84179124899609,0
1233,8.956149108300156,45.595212884610355,1
2759,8.526402125241527,45.031144959428836,1
4354,8.936253141111441,45.63180986984386,1
2691,8.88014819655846,45.61511052872545,1
2958,8.766040168162402,45.37929657232829,1
2302,8.864564958924994,45.45602280638491,1
3906,8.441828303380149,45.76063701687778,0
134,8.632918297090434,45.148587020926215,1
701,8.20130795984921,45.73123454564706,0
3267,8.63533357281768,45.15010314039392,1
2586,8.175687226126628,45.61299396027153,0
1923,8.620970775889557,45.36564482772897,1
3045,8.670437470076468,45.22199287161581,1
253,8.274574063892972,45.842701500265605,0
681,8.960071087779482,45.269437925983055,1
2009,8.545642496546158,45.94727694853298,0
3736,8.542638171143595,45.25972728413708,1
214,8.64422316895657,45.18673353665728,1
899,8.025913233409469,45.37298776420321,0
4714,8.699568227431296,45.204847613143826,1
4643,8.509529978916163,45.96207343049621,0
2057,8.317021183143146,45.65273566941137,0
2869,8.098412144515844,45.555945911753106,0
1358,8.75608626433232,45.28223020663292,1
4043,8.855072866545672,45.61307354016188,1
843,8.301160527907326,45.85706922513541,0
3385,8.256476154009954,45.82708334698658,0
4947,8.079269855813813,45.37013703431309,0
216,8.761177573666442,45.33981983031742,1
4260,8.70300913127545,45.21796835176483,1
284,8.204366956172105,45.79531905660766,0
3257,8.505033392592582,45.18333461248087,1
2710,8.965021899156802,45.59024679336306,1
296,8.635175171216837,45.180998727715156,1
3764,8.94683663783498,45.168973008451744,1
2552,8.341045231866431,45.92597011714567,0
186,8.638842623633467,45.42181041077225,1
2700,8.295089133065135,45.84393566104334,0
4370,8.146669929281703,45.686419364494164,0
151,8.785305973963668,45.30748102118647,1
976,8.534299672590317,45.956947740718945,0
3713,8.202514461413188,45.728164627758915,0
3576,8.252730473917651,45.509131672837455,0
455,8.650518607172398,45.455143515343266,1
4208,8.064386631674566,45.518607844570404,0
232,8.73520138018754,45.31172151627532,1
1951,8.259523641174155,45.80909118825685,0
3474,8.824588787670098,45.33167929148143,1
3116,8.186135563147674,45.746989652918565,0
407,8.76117795307622,45.34520936672467,1
4748,8.894144330531342,45.63319837841197,1
3422,8.122388987596665,45.59575507628307,0
404,8.66675886767884,45.46284696017248,1
1912,8.864536784458085,45.46822019185247,1
1529,8.690620131037598,45.22420642703189,1
3797,8.03119215400468,45.340104262124036,0
4174,8.280406641528504,45.81814140111407,0
3674,8.552739630814726,45.25573681936651,1
1567,8.260201253347903,45.516521440610916,0
3573,8.241051088044662,45.488171284908596,0
3198,8.527044591944085,45.009213334139325,1
2940,8.9401602164546,45.596879779377076,1
2799,8.238647884615384,45.31691676853215,0
1927,8.103616799696196,45.56394022661712,0
3018,8.902085187023916,45.627906583472345,1
238,8.515899965805351,45.95691883384988,0
3109,8.924145027948773,45.603091251938814,1
4808,8.05187698585543,45.364250920017525,0
1998,8.533299023316218,45.02636281911527,1
5019,8.24299440277417,45.512397637732484,0
4872,8.902345877812351,45.61881545569463,1
3446,8.33450459835652,45.65105083906791,0
4456,8.711616133618225,45.50418482071246,1
2464,8.510941317200531,45.9284801356389,0
4964,8.738651508541228,45.2847762085335,1
2642,8.702919775952628,45.149621310824735,1
2960,8.851686763796739,45.61734941005292,1
1513,8.697494191884271,45.194338747522565,1
3630,8.216559871043751,45.71508191397285,0
3558,8.861258063462962,45.51822493176935,1
2127,8.909371301561258,45.18959559106411,1
59,8.86456226658806,45.48594209431998,1
2860,8.900333135506262,45.481646728639625,1
4189,8.528243049304534,45.97160271197734,0
2385,8.078274594451777,45.553611828515685,0
1672,8.230106317669092,45.80225458779048,0
4988,8.616010288130195,45.351345661661206,1
4266,8.770791173316866,45.343937922991344,1
54,8.676354848557327,45.16356996155204,1
4597,8.72781589188229,45.28089415810883,1
4078,8.743847678800812,45.539609955183536,1
4279,8.168676878119332,45.705529070265726,0
3315,8.9342411897608,45.61427580822195,1
891,8.113645936335478,45.5458443593152,0
245,8.842411453805827,45.59352753141095,1
1084,8.486480943640718,45.08178785542649,1
3664,8.770581309760678,45.347519350699294,1
3481,8.114838721366484,45.56644911461508,0
421,8.24027576621921,45.80763779948727,0
4519,8.306438123731661,45.61031974284046,0
449,8.425755515370964,45.78178433275449,0
3369,8.514467016838468,45.0340351837327,1
1300,8.2345300313504,45.807958097538666,0
379,8.744943025193855,45.32544289649919,1
1068,8.694801825100079,45.24627277949859,1
3285,8.231983323494294,45.44609713087456,0
2967,8.686855508103136,45.22345448491325,1
933,8.252474613976373,45.810930625650165,0
1351,8.079647336370295,45.55309755497483,0
4622,8.500772618719939,45.96854256770158,0
3491,8.507811348715945,45.936359157167026,0
1640,8.094018788547823,45.620100275369644,0
3703,8.492870667949655,45.21488818998945,1
991,8.975666495468705,45.58380342436083,1
4435,8.645823594073127,45.14260252817027,1
3633,8.820423873392286,45.625708807281185,1
1158,8.861561320781936,45.612574912514,1
1044,8.352817143372977,45.91599394098781,0
4254,8.498692236485278,45.15959227273812,1
4465,8.689944402902793,45.25380200334702,1
4831,8.53049530606923,45.92382707912428,0
4408,8.89807297125606,45.12376177301518,1
3451,8.291774920108072,45.8377426046531,0
1957,8.711216005782525,45.50314428870043,1
2570,8.948315204421787,45.20314117230875,1
2088,8.125733418235079,45.58253208202229,0
1910,8.484923694129295,45.07008683797493,1
1124,8.23985138891993,45.454498267219336,0
2296,8.211261379507508,45.70753188228327,0
4961,8.103434750080035,45.586078066899184,0
1526,8.642457030810679,45.136330791002806,1
3011,8.749272159641112,45.34300249002491,1
1254,8.256916365982425,45.82483661426358,0
3837,8.826334094278867,45.41153262725558,1
1202,8.70733620295319,45.19913931147569,1
6,8.894773273079391,45.14602590700603,1
1474,8.543279128465912,45.033739421497586,1
4858,8.806831622049117,45.37182496880147,1
4194,8.675278834145438,45.222655508216505,1
1141,8.102912512327181,45.54863697430652,0
1645,8.265271886220868,45.8247395599152,0
3512,8.671542723454593,45.22564001567774,1
4152,8.467340194076993,45.08008296883641,1
1407,8.157748328713387,45.6694264788193,0
1871,8.57552158887577,45.297169132108785,1
3989,8.077536632668735,45.55468587901903,0
3583,8.65440239585643,45.14013492862588,1
2298,8.977263895141318,45.22310265153959,1
549,8.310831545719914,45.86996117810352,0
746,8.891830151720269,45.41782466675327,1
4005,8.056080106556992,45.34115498066805,0
1936,8.667671237470248,45.20727998325972,1
2594,8.749251963147978,45.32278256062776,1
3309,8.964915134119606,45.61413395501775,1
2540,8.655013990867912,45.13671091294172,1
1504,8.862400197046464,45.496250107101,1
2990,8.065561824769956,45.567754562642385,0
2271,8.100569949295272,45.61156711656021,0
4080,8.658433297893206,45.17178876704188,1
268,8.589067925835998,45.3220626730389,1
4282,8.783547734899594,45.32478011710088,1
4384,8.692123027126557,45.509921859803896,1
1766,8.150261384160364,45.65449965416036,0
1866,8.75880824373402,45.57983248894454,1
3034,8.520463344807036,45.03515178748402,1
488,8.100308513716051,45.58921264519378,0
4553,8.353774825220272,45.877851730130054,0
2509,8.501280995422098,45.92101463844323,0
106,8.427281136743202,45.79180587096269,0
1294,8.036046123430904,45.35537934743167,0
1006,8.897634150797247,45.463888502234745,1
3053,8.330733479824048,45.6558097598136,0
102,8.731048263132795,45.27390621017429,1
2060,8.307938963749818,45.84756089549312,0
530,8.646809767482127,45.43555748037218,1
1807,8.047553921671975,45.377526284391614,0
1321,8.649630293465648,45.12563472793248,1
4107,8.252103629378365,45.79194423440628,0
2615,8.649972181100763,45.10978576245917,1
2155,8.780255502796154,45.2962018702271,1
1148,8.721627798745129,45.20946212472579,1
975,8.16595434540072,45.71143776714333,0
3956,8.101794053602973,45.62307494914329,0
302,8.665058310570796,45.20262460341579,1
1850,8.228984049631833,45.79912555031001,0
206,8.515679309318276,45.97645104681319,0
4520,8.101265383238506,45.5890238213252,0
1747,8.302843109020914,45.84594405650578,0
3233,8.688768378666822,45.17112619778277,1
507,8.510596897683433,45.16236446254359,1
3250,8.739517145707595,45.27051415187155,1
3540,8.95537269943123,45.60161283669985,1
1011,8.496466817659517,45.0156041700999,1
679,8.08023944825566,45.532913229352005,0
1346,8.743002491978677,45.33008089249818,1
2595,8.766975058091067,45.3075153280419,1
4419,8.611802552726534,45.36807411390613,1
2817,8.923568735497186,45.16545644919163,1
18,8.2024925361166,45.75205638906267,0
2079,8.238465743788652,45.51323006723967,0
3460,8.225034167304361,45.740635117929735,0
1719,8.899967600707331,45.47823838760228,1
3987,8.378277790712872,45.76479508207573,0
4678,8.247451464035407,45.48603488011239,0
613,8.972816779975709,45.24156879971942,1
4488,8.503506979045376,45.12723314213606,1
4903,8.960760663735632,45.221838434663496,1
1966,8.547199213115777,45.004238732885774,1
17,8.40763947404247,45.782765800493394,0
1082,8.023636910467859,45.39760326234021,0
1446,8.189445727543628,45.72682651186436,0
1804,8.037540944260353,45.32802600506189,0
594,8.634774837896607,45.13986508136024,1
4083,8.645376075136289,45.198656386361776,1
696,8.883880608931815,45.44824985132079,1
3060,8.639054390110982,45.40300952270061,1
2660,8.484174405660038,45.04819168329056,1
612,8.377396137744375,45.90901211638331,0
142,8.876477964326066,45.627131361034294,1
4568,9.0,45.604649063918046,1
3398,8.254031549324635,45.46303054097706,0
2576,8.649617656200544,45.21997037540401,1
4253,8.635143156493056,45.40699778926209,1
1490,8.750425715483667,45.28738790508608,1
1070,8.633905722930937,45.16286808372268,1
642,8.898625433094093,45.12826677866093,1
1795,8.712565725644113,45.19081510574882,1
4108,8.489123923643193,45.06823085018511,1
1147,8.172481087644945,45.66799693886459,0
2970,8.499978230685988,45.950109162837165,0
2943,8.254732534372186,45.48740402539617,0
195,8.733728253710899,45.30430587477584,1
401,8.803163200576154,45.309911534954374,1
1770,8.476134563177517,45.09549302206954,1
2035,8.068087460101525,45.361904035916275,0
3486,8.327493113693215,45.884095780486994,0
2985,8.283463741264947,45.82373333426499,0
1164,8.788341383453096,45.28252358374955,1
262,8.746974466617267,45.30238225476471,1
2877,8.499136347867484,45.98063750315879,0
3980,8.452447869230769,45.633273962787456,0
3577,8.318612379663637,45.866707794158145,0
4679,8.509329221727805,45.05421208214362,1
3604,8.131920697090951,45.63589269291218,0
153,8.21996344090098,45.75160698041719,0
1114,8.143647004106995,45.65426024658361,0
4667,8.186166958872258,45.72660964956213,0
53,8.665394069291926,45.125482394264445,1
2007,8.730729175230024,45.30578010155876,1
2125,8.67619468097764,45.474226131781776,1
4528,8.693179623770668,45.51588431675408,1
243,8.6153621642337,45.16317723050079,1
762,8.516684946211134,45.02688959926466,1
4455,8.839782441314291,45.419779320403215,1
1820,8.51606644579381,45.18679867643272,1
1223,8.766119311449808,45.30263331075579,1
2923,8.770776638571547,45.32735392169679,1
2984,8.7313811938935,45.552263818001414,1
1880,8.818299913233098,45.44524064789639,1
4965,8.190139495726338,45.7335789488394,0
1454,8.494008827932493,45.08429554852969,1
2194,8.29146863224174,45.84963046017575,0
1131,8.283157270956913,45.866329601628046,0
63,8.891949269809592,45.60909894931238,1
794,8.724459127473331,45.307917367401366,1
4236,8.307225979818782,45.631478953218924,0
3344,8.24136444308428,45.81567158964481,0
2701,8.76509081543291,45.34449952596656,1
358,8.550462948199263,45.288457085718676,1
3875,8.524993804542726,45.92619433336498,0
1592,8.194268990936912,45.7467081277395,0
3188,8.699950391067018,45.230096939283186,1
2391,8.253627443521903,45.84208142550519,0
505,8.491492614169664,45.96942524361051,0
4828,8.671065765093422,45.21724162338515,1
4794,8.705888870904277,45.216259399297535,1
1696,8.156506682182,45.63978223482613,0
648,8.535093953817487,45.94740533845818,0
1855,8.068851004675503,45.36167700726982,0
1225,8.243593172087005,45.7597452722669,0
3538,8.839455864859296,45.62995999399162,1
3244,8.74482419055827,45.31288348231511,1
1260,8.889497081038867,45.42639091861941,1
72,8.123846687373582,45.6519104093359,0
3920,8.48754445993173,45.11918739804609,1
3184,8.52592545539949,45.055030445794934,1
4495,8.689252657326842,45.21151392768403,1
2398,8.604526592696176,45.30650483220512,1
3226,8.308358884735666,45.62936294521989,0
1991,8.485866518636463,45.207524628379865,1
3175,8.49640028911926,45.947983038793325,0
1743,8.253071802773194,45.514450599190766,0
439,8.106690899559903,45.56664115323369,0
3778,8.72662133129039,45.289853921632925,1
4522,8.373587270985274,45.69352108647853,0
3663,8.899945325290242,45.49022783741188,1
1647,8.83214249927469,45.42000893119005,1
1036,8.671234262852762,45.11470540666565,1
1461,8.508256233747321,45.20468749260328,1
2861,8.964379162874584,45.61325693770227,1
2154,8.530183530788975,45.255371739223314,1
4165,8.88779212036511,45.60955222034671,1
3773,8.349225600008145,45.90103901873233,0
671,8.674912441424999,45.224359000371756,1
2268,8.453035579889892,45.79065343322638,0
745,8.740143184598113,45.53549330814651,1
2699,8.676969533077703,45.1761576363022,1
1996,8.170816698942014,45.665754328913295,0
2188,8.924370828419164,45.60508570824669,1
4545,8.517508784625779,45.062300760819184,1
2592,8.782063036193835,45.3896957762748,1
2679,8.515434046467867,45.023991487523745,1
1375,8.096024295735475,45.518910427240655,0
4460,8.535578014855082,45.2760663191318,1
784,8.502106941483671,45.20546109634728,1
2152,8.80464534473947,45.604368095923085,1
3593,8.62582158082322,45.380629207367186,1
1620,8.70551712904191,45.50291339351269,1
2441,8.766662331134992,45.35368771549515,1
2601,8.842751133722292,45.40363880881838,1
4709,8.731316806055872,45.27871913062075,1
4059,8.64031047459911,45.16133400449586,1
3349,8.765979242850074,45.55390873254117,1
699,8.58708246993203,45.28064096367029,1
1214,8.919278076699682,45.174852754163105,1
923,8.545092938483489,45.25807668933695,1
2306,8.043620941453723,45.37568737661466,0
3738,8.493962715521159,45.06126097544156,1
1220,8.667826012208309,45.459508750356896,1
3471,8.9028279071889,45.48860924376694,1
3983,8.57993484262318,45.277404946410506,1
4862,8.872664214535561,45.51859868713246,1
1654,8.584360861291977,45.340701262126586,1
3744,8.306907721754545,45.65502569948661,0
3043,8.248439324153148,45.48772699301858,0
1974,8.306845877133796,45.82794940038397,0
3936,8.316485918399234,45.87333675859925,0
729,8.01887646872767,45.38739589066506,0
4503,8.227064811526217,45.78005178701644,0
4974,8.959554740887603,45.20609596805824,1
508,8.039615248990842,45.34636503087014,0
4950,8.384319731792964,45.76777581603689,0
1221,8.961906254990188,45.60419370726234,1
431,8.834056116799912,45.444885639633334,1
1584,8.780573157303587,45.33050283841537,1
4793,8.922808139334673,45.6149385297068,1
1521,8.410315752905408,45.75859755854817,0
2325,8.855107834161076,45.495555706409846,1
3502,8.052677944435317,45.53685336417721,0
4576,8.644280215407338,45.13655409398431,1
2896,8.378467651083357,45.927902231188774,0
4577,8.517776828891213,45.939266942011805,0
3001,8.336637283082409,45.630309103177005,0
4191,8.53255159303417,45.25026080623,1
2530,8.730552629055145,45.20854594345483,1
2361,8.32108627430411,45.886970746723236,0
802,8.061988402742623,45.564135145543716,0
733,8.877650282562659,45.48392891567274,1
331,8.797516949036009,45.34699558545875,1
311,8.817688695462214,45.32880017102512,1
950,8.888112566632518,45.47419668362815,1
3803,8.375732479663656,45.92256958554701,0
391,8.924217856639757,45.180623022718734,1
566,8.145833494351358,45.62353301152815,0
191,8.499173065695635,45.19270889911149,1
2058,8.802232343897478,45.336271298611614,1
1426,8.539640081640048,45.23405640940904,1
180,8.262125210163727,45.5248438871426,0
3860,8.328668930769231,45.45011979769228,0
1665,8.277552032161234,45.53586865741539,0
1136,8.972771905658615,45.5933140291291,1
2059,8.844452190290259,45.434866803530525,1
2603,8.7462365048331,45.26325221340124,1
1722,8.627739106620913,45.406357752825734,1
4527,8.279335586451934,45.834208615088464,0
689,8.48494562114445,45.05014651277645,1
2825,8.762392530166201,45.3272177939677,1
2702,8.654199133611241,45.141116494113646,1
4711,8.519019280553701,45.061899578657616,1
2936,8.571112843589743,45.76886105841853,0
2647,8.659513303637887,45.42573746578444,1
4956,8.692430891123804,45.22263924783563,1
235,8.722441800279881,45.49837140664023,1
3431,8.801490400130376,45.358483189950846,1
464,8.940765558209446,45.59872157812912,1
3254,8.743859317787992,45.52480229761607,1
4727,8.800658799071208,45.35244313911019,1
1808,8.588330545947345,45.377248731008564,1
1427,8.535092492044363,45.01601738397951,1
4618,8.744915497444962,45.54497527785109,1
2734,8.305783683521597,45.66599613129319,0
1918,8.028039358044733,45.38594932984434,0
1765,8.333522769824564,45.67815658364748,0
4763,8.316406900885987,45.617238251160835,0
3207,8.69304517100441,45.239617700075314,1
1224,8.878661464608474,45.637911250398595,1
1080,8.442584561468061,45.81302493511759,0
131,8.491641965949357,45.12116729506447,1
1975,8.095441626322744,45.5267541258448,0
1043,8.744233782705201,45.344367591949364,1
2879,8.801870067746766,45.30533042973703,1
1435,8.32299222297978,45.66281401543938,0
4338,8.307139628383,45.87993245501584,0
740,8.704465306664297,45.17915660780217,1
1439,8.798917091093859,45.32636320102861,1
803,8.933214576317116,45.18006425014037,1
3974,8.717463884279237,45.19519177610228,1
2795,8.309435385432234,45.62079079003268,0
2510,8.9298214186016,45.48149152291754,1
4536,8.68100873675722,45.153777673632305,1
675,8.647586740678301,45.18296558024738,1
4741,8.787207283354856,45.30010046224266,1
618,8.684074663575164,45.15579465662586,1
4033,8.099590874577686,45.63671495886182,0
515,8.89661325377212,45.48161530746927,1
2774,8.255387705097949,45.4944953090052,0
2229,8.35669998660628,45.68739033062551,0
4122,8.371023424807932,45.885155476670775,0
2604,8.88401038128336,45.142946936819826,1
1312,8.180439398405817,45.75272116208878,0
2689,8.02555265315012,45.368351484969814,0
4704,8.217418038083819,45.77099032605923,0
3791,8.547487306912284,45.01494180985295,1
3545,8.862620861933085,45.45286688631121,1
1170,8.505516411757332,45.1751423310869,1
3605,8.512147892792614,45.96599605791101,0
2184,8.237119020037408,45.47305329229129,0
2102,8.67511915847955,45.227865604434186,1
3242,8.75486859058182,45.576293479334176,1
3063,8.683718302892592,45.52867148555543,1
4669,8.674294217789598,45.228133546131694,1
1698,8.546624573427914,45.027539584473615,1
1325,8.88213105741999,45.491133542978325,1
817,8.851767841722483,45.474150098766856,1
3095,8.922482557890136,45.63417223150461,1
1989,8.656002164498878,45.12782987934179,1
4113,8.296596162042018,45.88410210737333,0
4749,8.243874969641999,45.77815097869188,0
3237,8.525575205841035,45.25534258865437,1
1916,8.761606244450789,45.599300900250206,1
1169,8.624608404025436,45.1499584909165,1
4221,8.24710150738583,45.48344540525027,0
1162,8.773790707818568,45.33588414704087,1
4341,8.51129497242059,45.131005092914435,1
3009,8.232133490098342,45.837779108472596,0
1326,8.261428058318312,45.531149673359764,0
4087,8.52479507571408,45.00782292204297,1
2084,8.181658351282051,45.19259006055935,0
1738,8.669919381260796,45.44525445800637,1
3665,8.832730161720006,45.59550285318304,1
2926,8.485359532246235,45.965410575994795,0
3792,8.8941842886047,45.4957306643464,1
1549,8.27690874556377,45.82554565397488,0
1113,8.768190234601228,45.36908240748192,1
4106,8.719747046178476,45.1885348928788,1
4109,8.67217068156598,45.11491632173314,1
4176,8.698721236892823,45.53517294198168,1
4480,8.219766997812245,45.472190365919715,0
4162,8.09066226851428,45.55468925791219,0
3478,8.245756039421686,45.45875759067594,0
4061,8.695796951390394,45.238631582900474,1
2757,8.872338037675286,45.51212198789361,1
2619,8.255961915339983,45.788532751199604,0
1038,8.633664372468017,45.16257433411495,1
863,8.035232443790193,45.37299303979009,0
771,8.659010187305848,45.14657996597292,1
3442,8.489034925818082,45.94494266524021,0
4454,8.612621177230992,45.34127025684001,1
2287,8.2659707555146,45.85160392024956,0
3970,8.86396765581388,45.49270576160582,1
4917,8.800213850914192,45.34772182108037,1
3427,8.980305874039338,45.612069376203095,1
3319,8.219104828863136,45.466620265466545,0
2811,8.14611447124113,45.67369673777918,0
3371,8.640682517541661,45.390112880012154,1
4583,8.995929817084273,45.593411169521325,1
2776,8.653938260435755,45.21204134450961,1
2128,8.1827333040982,45.720709719717995,0
1093,8.217607958989541,45.7840413091998,0
1503,8.985422891545088,45.24807896006478,1
2551,8.987865997913234,45.23756079658281,1
2736,8.84677914131213,45.607876068136946,1
2545,8.966270154234033,45.24981773133929,1
3869,8.746424125082255,45.5663244483199,1
2978,8.332612411312015,45.633581021631535,0
4803,8.50916639102866,45.21123753642031,1
2375,8.767423987950389,45.287278135110746,1
3688,8.930215511320588,45.147686135893274,1
3856,8.941455472028615,45.60993911738123,1
1484,8.764465695194366,45.381036570631025,1
3409,8.444915509008641,45.76568211716563,0
60,8.778666900528725,45.58140320184555,1
3541,8.606434327707095,45.38191336269349,1
698,8.662016821356973,45.44691043830096,1
657,8.475778739775215,45.9865527184697,0
1587,8.76466135276407,45.5632582719771,1
4114,8.227791144784222,45.78938951337013,0
355,8.514656963393733,45.95907239937862,0
1069,8.88684873142142,45.42330904815098,1
3937,8.970578837663208,45.22113366008117,1
1885,8.856789957999087,45.60628803957044,1
1357,8.26454934949358,45.834184910905,0
55,8.426035008796829,45.78899114047827,0
3307,8.812040124913219,45.334038202359935,1
4363,8.164486415342253,45.68744329066684,0
2673,8.925397545769421,45.589499265116046,1
4156,8.920238924398143,45.483387973326565,1
1821,8.494391262787293,45.04603980335084,1
1655,8.498752572089217,45.969835680669696,0
1751,8.62958546671562,45.42181799945566,1
128,8.500261187607352,45.215978412181,1
557,8.661172182047117,45.12374541049012,1
1569,8.525339966450227,45.93292282478722,0
4614,8.373055879922479,45.69934802587311,0
2283,8.483902185874383,45.13295059468241,1
2466,8.658722326715946,45.18449058947591,1
1701,8.99205747376274,45.604913021526244,1
3189,8.891324117792005,45.48345828622526,1
1878,8.92883609465429,45.221138914683515,1
4309,8.505956141177485,45.16076072049217,1
2560,8.725976969029693,45.52492339392685,1
390,8.96151674195108,45.610006771557,1
2395,8.675835972472115,45.20248905441719,1
2151,8.724714396987403,45.51544503303,1
1310,8.819331686986565,45.61850059036686,1
4885,8.550070786650902,45.22767855057509,1
1964,8.878848232395171,45.41725745893136,1
3014,8.243631223994235,45.789685737715054,0
5015,8.44129467948718,45.5767707257988,0
1197,8.85718407546925,45.39593654008132,1
4981,8.660889653301911,45.208900111884496,1
227,8.316748160261579,45.61437933260252,0
517,8.770807100732988,45.33776128864722,1
3887,8.870195261441069,45.62543458383702,1
4345,8.495573388669094,45.138558251214086,1
4077,8.475140309979574,45.066477753243845,1
2638,8.490125049627899,45.050255851733915,1
4486,8.51689855690085,45.019277689412114,1
140,8.980691526610663,45.60953191557586,1
579,8.766880464769496,45.36664054356807,1
4642,8.48620576153846,45.68322509872251,0
3465,8.839092629169127,45.61277939653138,1
1714,8.696024529714355,45.14112096628243,1
3805,8.732465946402645,45.576457544116266,1
1851,8.834808771099397,45.3321821523387,1
3336,8.863811656267252,45.47487018022426,1
4170,8.645892926848234,45.09966797030264,1
3117,8.108935867431834,45.588334153814564,0
3164,8.604343325607166,45.384103444877425,1
2703,8.15283691079844,45.6540916569171,0
39,8.924608877152703,45.62719911289221,1
3186,8.702889758204961,45.211575869441276,1
1168,8.448298322715695,45.809985924543696,0
3260,8.955223446891283,45.60945174643505,1
4654,8.71176082100648,45.512548006441214,1
1091,8.316901889012794,45.67689755731077,0
2548,8.540490760406708,45.251733030958285,1
4305,8.68556776855282,45.16906566434936,1
749,8.678489935238645,45.152611830457516,1
3643,8.528906155043787,45.06600851699602,1
3963,8.866099660006926,45.604004886026544,1
4038,8.428137773027661,45.79326545114826,0
4178,8.08706948828785,45.54341023966491,0
4067,8.933498472171138,45.211319424409844,1
177,8.571904012609377,45.29920270060563,1
1336,8.907321215692125,45.48041205441556,1
4930,8.067370772460746,45.518637008125744,0
300,8.23260692343923,45.50466294072919,0
1668,8.241148751373935,45.83209087796987,0
323,8.169111872928283,45.70454925942583,0
1963,8.818280420457102,45.36051070648752,1
2387,8.64521764997111,45.17789054950859,1
2036,8.668839826800735,45.21468602148889,1
204,8.633242035358977,45.13332903691683,1
212,8.767362223399294,45.330075207111705,1
4449,8.880296056669714,45.14151063629638,1
3820,8.35713453572232,45.69780155014959,0
4799,8.242922388113417,45.467713197882205,0
3861,8.504816972960857,45.15759924180788,1
1602,8.685360870185288,45.17251757397907,1
3656,8.814515285114771,45.33636694913137,1
2049,8.798540497734717,45.294185031429244,1
847,8.706407787587688,45.20263852559741,1
239,8.514269292932122,45.12589966893595,1
1651,8.872883813483105,45.440198584155354,1
3967,8.717496084394082,45.296098912544615,1
904,8.636033941517693,45.38727520582462,1
1583,8.786802026507486,45.602138619592296,1
4674,8.073022992664503,45.37183540192117,0
651,8.03265627554566,45.34946327666368,0
1410,8.09916884987374,45.552939456134965,0
504,8.492317216740789,45.16205082555087,1
4409,8.284973941263779,45.83979261690738,0
2778,8.12135021517272,45.565719499795485,0
1404,8.670840518061274,45.15506325712842,1
1238,8.929138291853196,45.59843681063583,1
1111,8.630068898770851,45.34761716491366,1
4270,8.758213810982046,45.56297835045765,1
780,8.250266027738858,45.4809019503754,0
4710,8.651969802326262,45.13238978060231,1
793,8.679001151869576,45.26417709052316,1
2773,8.835613604304186,45.34648120729486,1
3723,8.555143372873244,45.27065730659339,1
267,8.827599683263767,45.63239603076319,1
2955,8.512388771497926,45.202335428035674,1
2737,8.792400750097583,45.30385388666715,1
4556,8.287839958439521,45.83870489715224,0
614,8.862623502453097,45.46231769512522,1
565,8.875714888145016,45.445759093581216,1
2556,8.697227344018316,45.193938210259226,1
4173,8.165011928843304,45.7207693548326,0
2145,8.222062600680623,45.72872663873084,0
4483,8.278836529358353,45.81609888455245,0
4016,8.511821308362997,45.24558721966656,1
1253,8.848462150852512,45.469204136429994,1
4979,8.33228994166893,45.69363647811032,0
4154,8.71231342086204,45.204604340078845,1
812,8.657861379845382,45.19205837906837,1
3994,8.934595221643125,45.23006108104682,1
825,8.521564876525542,45.23055394716781,1
4715,8.821835231259147,45.34288170392079,1
3975,8.496125375884096,45.037449001515796,1
2801,8.49862114225583,45.0302045905791,1
2634,8.485504102747564,45.05447124580463,1
1025,8.655497149222523,45.127630710211,1
2039,8.836814309108142,45.44827446572187,1
4754,8.334952938436961,45.83664385735237,0
9,8.548237168163366,45.954604254343565,0
2784,8.399459752696458,45.78349022505145,0
4084,8.907910244873934,45.46418661437648,1
2130,8.62459966079945,45.39372464003406,1
3737,8.913958344593658,45.18598117036064,1
3432,8.17007660180724,45.65977127647413,0
4288,8.073528605529402,45.54552140545055,0
3988,8.33816037063816,45.871823718419144,0
3205,8.968793116258615,45.244768250282156,1
2996,8.164883228776135,45.725737031919685,0
2182,8.65773157195642,45.20718828420067,1
1267,8.162077999695594,45.64256653672495,0
1891,8.488107586218177,45.05685235953399,1
2019,8.828368491124062,45.33547071328923,1
4738,8.875660496842588,45.60158613522754,1
3339,8.359996247363023,45.870557768286496,0
4141,8.863335477144524,45.43006776099589,1
4896,8.618686818442429,45.37866422811352,1
3814,8.923014315431562,45.6145071772796,1
1710,8.317211400265464,45.615125354659035,0
1015,8.66876459127058,45.18885202743193,1
2234,8.872081441435013,45.46639062087067,1
2208,8.02968148894072,45.343180706568646,0
4718,8.51935656177223,45.071134703037245,1
1827,8.487639241694321,45.16431387568495,1
3614,8.911593675844468,45.16011929482337,1
3100,8.883082684596703,45.50297660169173,1
2207,8.69186638107459,45.169723555092894,1
884,8.982532248627061,45.59315304669046,1
2840,8.53562890336954,45.94810133571836,0
553,8.849448328475209,45.43894271318202,1
2911,8.005107573876758,45.36821220324254,0
4923,8.60834073832887,45.32968979870229,1
4291,8.686271615480267,45.15312062389616,1
3534,8.305710092002233,45.635516649604554,0
3133,8.48815844014564,45.18060059105121,1
3500,8.762072642307075,45.35582915892212,1
1469,8.65257045632823,45.18350084802652,1
3423,8.711533289251065,45.537240437839934,1
3972,8.257406824883256,45.54483745759216,0
1823,8.488757569724413,45.96314660412801,0
4608,8.182402023817824,45.68393371343248,0
1333,8.06256427254604,45.34700116393276,0
805,8.961139592424093,45.240990031002354,1
2829,8.96195688985731,45.582740538420126,1
4050,8.523153309883147,45.007471437359065,1
4477,8.502979163148005,45.04712519731901,1
356,8.343580732737493,45.90552981776566,0
3964,8.775088869691137,45.33172419368056,1
3032,8.90734913753962,45.450809016937235,1
866,8.606728550251653,45.37311471014903,1
4377,8.656918397649921,45.142324891727036,1
2263,8.88221810332345,45.47599172125413,1
2950,8.633643697745377,45.116568132654024,1
2365,8.656623601970528,45.123926035425384,1
1952,8.752982389981284,45.267402218099605,1
2431,8.92312523469056,45.12866186631733,1
898,8.785672592503122,45.343139634189335,1
3252,8.456319613853559,45.12890669603025,1
2775,8.158597599299481,45.63843131844543,0
3810,8.769444067304354,45.34196072406864,1
2659,8.13573704390026,45.65354896880773,0
3959,8.170126685235475,45.66749993681678,0
1247,8.491007976879592,45.99410649512201,0
3386,8.736466432198426,45.2934348998477,1
1274,8.659080780578098,45.124173688736995,1
2979,8.640430045525633,45.112848699247984,1
1241,8.650428561233547,45.1675637764451,1
907,8.640973425515327,45.17728968293709,1
783,8.636052045158774,45.17359045034976,1
1409,8.422224299722558,45.79147683038094,0
3696,8.92642419163838,45.17675112009638,1
4142,8.813838343766575,45.34421189359385,1
3938,8.553776928442907,45.30159397381962,1
4132,8.308500132623115,45.867950789460366,0
3444,8.511470607034065,45.16948558498065,1
1717,8.115372438540584,45.6279753571897,0
3046,8.327875993773551,45.89681943854707,0
1464,8.305742206246075,45.871998126544774,0
3325,8.517299413784437,45.9541620171276,0
425,8.65895884974835,45.4354144827025,1
1790,8.163044663832455,45.68856366813924,0
4724,8.71345652329922,45.19261441822504,1
2315,8.34688146923077,45.43706866571173,0
96,8.083249940197048,45.571817105859196,0
2157,8.623539105094363,45.18147251857486,1
3195,8.709540499558518,45.18754683302672,1
3562,8.494359907721822,45.183223081051956,1
1853,8.623383021591335,45.393882136313856,1
3105,8.406196620485055,45.78998830750567,0
3236,8.405894505665907,45.77354847511493,0
3610,8.088228910680796,45.557953794444664,0
1606,8.198802687459695,45.77399719036535,0
1315,8.734000013523952,45.536966424166,1
2414,8.549768476230701,45.03719806189912,1
4125,8.647387410204832,45.426221774970394,1
147,8.516489644024968,45.03739761308521,1
1506,8.475292709089084,45.10727002465864,1
857,8.638140594271835,45.16100997226221,1
2842,8.512935485661488,45.047192741077176,1
2614,8.775419743696025,45.35089391412466,1
2054,8.432892457992518,45.775481262127926,0
2352,8.891396633867778,45.43712320428666,1
4920,8.9418659108364,45.22084809505008,1
727,8.962993383766864,45.60863831391154,1
3165,8.246106619120095,45.469905580633814,0
2444,8.779097684393356,45.38453545145428,1
4797,8.0318856835593,45.341691628198596,0
218,8.257259003642726,45.81648315987139,0
4502,8.826968647881612,45.43034173810788,1
519,8.346960803701876,45.67146720704874,0
185,8.787095141872053,45.369783215345926,1
3131,8.61100381160934,45.37656397851244,1
1284,8.6052778149807,45.34843678459133,1
489,8.550391446502912,45.2594963980965,1
4767,8.947158743537818,45.61022020962525,1
4742,8.77481125495152,45.26637208937963,1
3170,8.890179784697507,45.47712171452983,1
3128,8.621099140900409,45.1675091538883,1
1347,8.885749393121719,45.484123415277345,1
2140,8.520284106159604,45.20728692007656,1
3005,8.555296645310587,45.2593215735727,1
4424,8.476260903662208,45.952506438721635,0
2170,8.656417618974919,45.17600151955014,1
446,8.903726130961266,45.47084281920078,1
4201,8.071659247415406,45.36027124219595,0
318,8.501404716146805,45.19683719516287,1
2910,8.42046269845888,45.74649637181856,0
3929,8.274282215808782,45.822794576063885,0
3881,8.770459395661856,45.33290280424063,1
4054,8.019077328663315,45.3465342654983,0
4630,8.866460226461465,45.43546847711156,1
380,8.410296818567573,45.74728751872762,0
73,8.474068455767206,45.139086525446814,1
1779,8.893399398949562,45.42483684263797,1
3849,8.651821807844588,45.135296933602575,1
3144,8.517819311577803,45.22251226316054,1
4286,8.504998828811333,45.08912052506969,1
4357,8.679909745123854,45.208807453439235,1
2183,8.253873988032245,45.475544774777056,0
224,8.902898473426466,45.62490047153585,1
3415,8.182361791912063,45.72176838590388,0
16,8.441264309126787,45.772950761523425,0
4179,8.830694708386124,45.60323906034402,1
1703,8.888387391629784,45.453595664330855,1
3766,8.74618897296162,45.564707737217255,1
1365,8.899959470017711,45.59887176346139,1
137,8.914978371708418,45.12744121435859,1
3070,8.899952914822842,45.501517428687514,1
3361,8.651961646919446,45.15065769037816,1
1877,8.75279162600452,45.54532157304285,1
2100,8.853243006488041,45.40540141814523,1
1539,8.675320019721541,45.21496283844905,1
1736,8.541818649648643,45.92784002354089,0
2116,8.775576924228652,45.30318189625644,1
3917,8.150359926598226,45.69429926643852,0
2455,8.734242161282067,45.53093588099423,1
4428,8.488841942848483,45.09243725134745,1
2961,8.62365453919617,45.16134852015627,1
424,8.915950565785772,45.47965138092142,1
314,8.903203022724577,45.173394964729155,1
2118,8.712353400996799,45.51494712824799,1
3387,8.489169396544614,45.08030933454843,1
139,8.529095444978688,45.002316971048494,1
4827,8.499902638555632,45.019958074310054,1
5000,8.026227901067184,45.37055487635661,0
2209,8.74655728145002,45.31272643940965,1
656,8.161532075076567,45.64856731027639,0
859,8.068884141473118,45.56330836616326,0
2247,8.809494130202735,45.36486377886517,1
2847,8.504045531022498,45.97273960361717,0
2685,8.629951169405215,45.15892005896021,1
638,8.580507040704395,45.33279973936842,1
4245,8.791930235306019,45.3564249785393,1
1548,8.143658036972507,45.67637194754723,0
221,8.228330694922853,45.47356833189953,0
1090,8.797354699915767,45.594629824933804,1
973,8.057738635628994,45.39441916780362,0
738,8.307549796333221,45.64414047886746,0
1116,8.523763261751137,45.039725904997475,1
3848,8.74570669927716,45.585223871600206,1
3239,8.8981268280769,45.472594400767655,1
3396,8.688684464293061,45.15509179343692,1
2834,8.689286018790524,45.23523475219331,1
4337,8.28455485958977,45.851028644445364,0
3062,8.822518491833712,45.34038422153821,1
2788,8.938321170118554,45.241006435247655,1
4119,8.918723253850477,45.201963658414506,1
3488,8.308678488845912,45.83432364572541,0
2326,8.834301457626104,45.610052511703024,1
1608,8.643685247696151,45.14417124532054,1
2504,8.270282650914154,45.51211129118417,0
2131,8.214128138202433,45.77830934524029,0
1778,8.673572552969524,45.258564374013986,1
1746,8.096125843599292,45.54635717152891,0
2269,8.276930698861799,45.823984586829255,0
4898,8.510314041703568,45.12253566667055,1
3362,8.994850481392957,45.57851331104543,1
187,8.50335273540971,45.06061587915122,1
1285,8.698748234921391,45.22988641106466,1
2027,8.918677497271648,45.15836696252291,1
2304,8.975429107000698,45.24901416912269,1
3834,8.49272626692756,45.14390170342101,1
1466,8.485383216712362,45.18580202253937,1
1259,8.372712936223847,45.91655065119672,0
742,8.68660955085111,45.21402033101159,1
4857,8.932962933474549,45.620716652276656,1
714,8.765734307374997,45.557155484161036,1
1418,8.03737738473899,45.33117073340678,0
2543,8.137028777004177,45.613494550185756,0
1626,8.853647374035374,45.45707313595969,1
666,8.651952451332134,45.214740885369665,1
4504,8.51545245442616,45.21734351858081,1
2888,8.689393416122364,45.164658407425435,1
3119,8.238710990430707,45.46665221495674,0
4467,8.318450930455425,45.63517945503357,0
2649,8.663504340231324,45.10373990322923,1
460,8.159052891618858,45.69609033466263,0
2189,8.875428923225652,45.457267978496745,1
2042,8.588784868002088,45.353405334069784,1
4775,8.918701812710344,45.14320943036885,1
190,8.243417225020112,45.51857434831087,0
1309,8.666474741334033,45.45408331712523,1
786,8.734718469949735,45.33530907767953,1
1810,8.024600414330477,45.359344288564266,0
4997,8.973871305914365,45.61354565712963,1
3946,8.480750528188617,45.082834187901206,1
1305,8.383943254406072,45.908744463699925,0
4890,8.78367598966302,45.285229494762234,1
4929,8.900465091907396,45.45140905079289,1
2798,8.683478314938466,45.19182997664979,1
1777,8.023265671382656,45.34672867069556,0
3475,8.624723709943362,45.416626644557894,1
484,8.519246712730151,45.220111878798804,1
577,8.14316630750657,45.64276892149063,0
2506,8.71489675531884,45.20947482819293,1
3922,8.02682108691546,45.356366298303435,0
1098,8.041098288387818,45.372247746118965,0
249,8.736265614358874,45.27528562945764,1
4069,8.299104451082751,45.610047829698104,0
3787,8.549585184439966,45.030443015088196,1
3986,8.475025493295353,45.132709851962225,1
480,8.253160275858079,45.51247474217622,0
694,8.161650990352465,45.69796294962747,0
3016,8.904420177721462,45.163927126384884,1
2903,8.186881493708515,45.7252222811594,0
4702,8.16432840342464,45.732708056997524,0
4814,8.817834129985837,45.33236859331043,1
179,8.334950099489195,45.85501104262838,0
2224,8.503799863736846,45.100594532189994,1
871,8.887101757345334,45.627880883758685,1
902,8.290132269880344,45.63343629095375,0
2499,8.246596785563758,45.45867264778429,0
4473,8.238189254447242,45.81025238253655,0
3498,8.299685263434633,45.83388866325455,0
4613,8.757938001017923,45.332872435587916,1
3265,8.689848378980782,45.224682642382355,1
2034,8.642634700755963,45.15765204270803,1
1666,8.685490260008212,45.1525019348642,1
3785,8.638702756083715,45.16213268752198,1
710,8.559765632283357,45.29786172287354,1
230,8.825612435505242,45.31973834757841,1
2218,8.790191291669924,45.35174862217042,1
3389,8.812532365602523,45.367577559118175,1
275,8.958766113131162,45.60212623332917,1
2449,8.82007958103645,45.33676437217621,1
2513,8.501246757260486,45.19067584919605,1
2957,8.558717264106102,45.3031085546674,1
999,8.964967346013712,45.59219340348572,1
3137,8.12926881362075,45.609526779302435,0
479,8.772483847093039,45.353351984942,1
1308,8.242785199423038,45.46618622674655,0
2239,8.893621308666482,45.43253139257905,1
1030,8.548641511943798,45.25920645380239,1
1834,8.242513830447269,45.46818441180927,0
4,8.660852962514184,45.45889977779204,1
2254,8.601232833380916,45.33340514864493,1
521,8.818284811114486,45.32052834984378,1
4437,8.50408141866384,45.20206672088227,1
800,8.833591953195754,45.62623288323799,1
4649,8.27029142836691,45.825287703056674,0
388,8.149993954278369,45.654984315044935,0
1919,8.464897982051282,45.61169624082057,0
3543,8.724917401318706,45.18979099441391,1
2002,8.519634667313964,45.0099284521688,1
322,8.187525788512513,45.7289262049293,0
1230,8.539882156101703,45.05413735432672,1
3288,8.814019196141333,45.35752016125128,1
4328,8.534886401214672,45.02881963277219,1
4091,8.7699521807969,45.35249481374678,1
3494,8.252762467450163,45.4985365280054,0
2843,8.788848778748633,45.30246316511275,1
1414,8.591714703236192,45.32569992610836,1
1708,8.3233741516783,45.66599049516898,0
110,8.706786505554811,45.204418175180955,1
3402,8.484145555738923,45.11340871658835,1
4874,8.50439779223404,45.033910577885784,1
1436,8.790787577881094,45.325370073266804,1
3141,8.291704803247,45.62422562484706,0
1514,8.960649276645304,45.19147333019627,1
4256,8.207278336385848,45.726605428287435,0
1255,8.263815305985439,45.500613025910965,0
122,8.58230965038485,45.28695260964941,1
403,8.079414528259473,45.548868006875054,0
526,8.653715655270114,45.420438088658514,1
2544,8.774199840319485,45.255343874325234,1
4258,8.882221986588556,45.44552156944263,1
3993,8.258606382958204,45.483387525676164,0
4809,8.316511862256169,45.64869443958946,0
34,8.975160972894942,45.599708324003856,1
2986,8.834801292894324,45.342253087086995,1
48,8.319728697584154,45.667991732154384,0
156,8.67421202946433,45.13167757599458,1
2291,8.92411856730212,45.16832368082693,1
3037,8.28170042704959,45.49474793791978,0
1180,8.338892065105815,45.632006748080606,0
3393,8.912499644979937,45.15610839852482,1
616,8.424930752149653,45.7774589481692,0
2101,8.346917043734004,45.636822369832906,0
821,8.431647918463723,45.79811642024804,0
4505,8.23495178937547,45.504727597857475,0
3585,8.737958930068112,45.5435925107201,1
4024,8.609937669401823,45.38996303846999,1
4098,8.671529955192154,45.16479564864403,1
1033,8.594819308812093,45.339157099709404,1
2185,8.274694044425926,45.8151544400159,0
3033,8.477388274200347,45.80801497013823,0
2338,8.77433881329244,45.30679869844215,1
785,8.541428554179188,45.001578669799024,1
2728,8.627068133065622,45.123951192333,1
3177,8.676668111559373,45.20019918715443,1
1399,8.863188646125908,45.51450429602166,1
1209,8.960105327164504,45.61413132219682,1
4332,8.701935619219586,45.23888696588789,1
1400,8.502674113733596,45.075946495674444,1
3462,8.507999918302392,45.95809853851188,0
4600,8.396767099435907,45.793438767874825,0
349,8.903797175652722,45.17417678447106,1
1236,8.704549464766476,45.535455090509885,1
2114,8.332991814131452,45.641526794318175,0
4757,8.186920777375995,45.71821120755832,0
2716,8.82921430842123,45.4650684340837,1
3962,8.739018374868508,45.54730143567619,1
1673,8.687880495364386,45.224825573622674,1
1475,8.503812585441244,45.20434210574628,1
1175,8.463660908418671,45.78983657091425,0
3557,8.056320696074025,45.363587021628724,0
3217,8.728016112772151,45.53801716051777,1
3734,8.645573721849715,45.172447868851144,1
2915,8.771282502208527,45.34320841105372,1
1163,8.0242659076765,45.36637551803492,0
437,8.78987051001171,45.307651779473446,1
3365,8.574489099671803,45.2910104852301,1
1156,8.640989950563295,45.40073869046554,1
4672,8.578918903395659,45.33145088669186,1
3114,8.650134681901989,45.187310460271995,1
4731,8.107373143863374,45.57177755814537,0
1061,8.748342626506034,45.54214322996081,1
1900,8.953651747458238,45.59299675714887,1
4340,8.052198438669658,45.387843194916734,0
510,8.631264246508048,45.159673802006,1
3289,8.751448842776934,45.33713033172513,1
3408,8.503055143610249,45.10087897011547,1
2487,8.453736658695236,45.793709731445354,0
2382,8.792320491197975,45.27781557852928,1
4843,8.4702234197474,45.08902539572787,1
372,8.277297859393025,45.8152853097016,0
1669,8.957236373754345,45.234473789921545,1
2273,8.690028960179339,45.219370276594084,1
1533,8.812535668447426,45.593540198568775,1
203,8.083299944951216,45.34284163389568,0
544,8.136263482809838,45.606967354767626,0
3571,8.752446783959666,45.589466917007826,1
370,8.864069919176,45.40585330726855,1
1057,8.667622108401732,45.13313785633771,1
3623,8.04462777822526,45.34538637914627,0
2435,8.792580143134808,45.59094061897954,1
1681,8.763947583610792,45.28336843482014,1
2158,8.461448592372722,45.109701139703155,1
3466,8.617624524275236,45.13676371131789,1
2580,8.409582839635148,45.776351620411035,0
5021,8.8006835195111,45.58532834741017,1
334,8.792086173615061,45.35245914218937,1
3368,8.856922151436413,45.6018679669532,1
2105,8.81009312194805,45.347646168207405,1
1088,8.667347320285229,45.19066253453235,1
2597,8.57642098181938,45.33636556567377,1
1433,8.675299081325468,45.468164707251056,1
970,8.53058445611128,45.2159366049374,1
2085,8.700561746238792,45.163291632380584,1
3708,8.745268127301717,45.33593124581896,1
2330,8.47974587740663,45.18188819841253,1
2854,8.64511781866766,45.11958612246168,1
743,8.809429057731395,45.31426802027557,1
290,8.511275878897559,45.22464158677399,1
1837,8.4058497224876,45.78212718399677,0
2653,8.412922529498239,45.79188882608074,0
1982,8.876058663115973,45.41395117144519,1
3026,8.26366600134741,45.48783604716958,0
4316,8.585356930604657,45.31458948381105,1
1087,8.362353343433663,45.93610941623077,0
2980,8.191741546783456,45.710288918276945,0
1870,8.829922689297344,45.42038250582773,1
4922,8.851576219229473,45.411567467184234,1
4013,8.533882285105284,45.24902819166272,1
4815,8.142995957831966,45.63191014438744,0
4040,8.823045659507114,45.42464356621972,1
1984,8.339034285335915,45.6553192011797,0
4612,8.363683948378617,45.6693844325777,0
37,8.547969141101484,45.038144414236186,1
1035,8.735887427276987,45.31008801953743,1
1364,8.807564598448366,45.58906537391158,1
3246,8.81100040422537,45.61200295628256,1
4453,8.76647487655498,45.299184672558646,1
2379,8.467446116135804,45.76220433152331,0
2107,8.506509842870024,45.15752222932894,1
2196,8.788315724112461,45.33356378549448,1
2591,8.62799386962767,45.16643169768444,1
3944,8.499678246497353,45.96447566550064,0
4048,8.19363736153846,45.25031525395209,0
3641,8.251260342009937,45.48579189107878,0
2284,8.859566932650958,45.43038243162259,1
352,8.649740597330611,45.13422912687493,1
3613,8.024653616746535,45.387889618915274,0
3879,8.156860690579686,45.63525595293516,0
112,8.039589601195079,45.36739977763074,0
4811,8.080422248243256,45.35171982800738,0
1694,8.901358108538638,45.43903454579754,1
892,8.525054327074562,45.04348187000576,1
405,8.889721734381986,45.61827386077488,1
3327,8.743687466964543,45.351518664852094,1
2952,8.581070511045429,45.316200734426644,1
1000,8.679666036431946,45.22192444535213,1
559,8.333563941164517,45.86905853489359,0
3535,8.776720987737507,45.36448082637592,1
2628,8.867018729537707,45.43760486169293,1
4796,8.068181906341412,45.53377631652996,0
3649,8.711344480725176,45.21018619782113,1
686,8.521699300727834,45.04328264567097,1
3608,8.706911144340248,45.17698758715379,1
2609,8.934422988848938,45.168470358840665,1
2215,8.968787094868691,45.615641102506764,1
362,8.708951764442176,45.22774527880727,1
1796,8.472833566245074,45.173510502038255,1
2827,8.192206515250474,45.69544432822195,0
3632,8.391087662613106,45.9246677966246,0
3752,8.329194484552332,45.64388934972284,0
1045,8.958403647356878,45.59199586606884,1
1146,8.837824641441275,45.61815252935388,1
4041,8.112864476100514,45.571338829313035,0
789,8.53549928524311,45.23586983699639,1
3914,8.742263772047831,45.270510496245656,1
4822,8.34117154207277,45.66988692078575,0
354,8.795742326159898,45.37262699119823,1
4866,8.686533531502073,45.15067759663846,1
1442,8.782300392286452,45.34226039327513,1
2386,8.469680590353432,45.11142369971043,1
2230,8.737807290242907,45.29236736929259,1
772,8.935880038947996,45.23976040860531,1
3243,8.465372927012474,45.77879193621234,0
888,8.083579154275114,45.54814430267619,0
2908,8.66519346387001,45.127846582790646,1
1967,8.890455506124894,45.43023893188737,1
952,8.135472931108875,45.63065211756881,0
583,8.459865731606454,45.797702423175274,0
4186,8.916351184834683,45.1659748145676,1
2219,8.541247173573646,45.252228656772054,1
3798,8.799873335980003,45.61260431893274,1
2807,8.38123040492257,45.77129128684299,0
297,8.501632013601819,45.924815235431296,0
366,8.496466635203285,45.12559426591563,1
3517,8.335752701661809,45.64402892415011,0
4240,8.682999959733523,45.159623415331716,1
4306,8.714154766558767,45.186352819247546,1
4308,8.687354737320966,45.208958424263216,1
4957,8.81029434462632,45.333647822510535,1
4910,8.892377009486397,45.45897806510484,1
3739,8.661427202871272,45.47240776168557,1
4641,8.288693756859367,45.61906100507325,0
3812,8.328039579542564,45.866013889427634,0
1211,8.25872744065062,45.52561327471462,0
1744,8.253045399898845,45.53741501513603,0
747,8.689997927601894,45.24226671334803,1
930,8.704053387091017,45.52407783170978,1
4773,8.101685389932767,45.524630687852614,0
2760,8.864581959369767,45.61276956092087,1
1552,8.72505258601199,45.57573740791068,1
447,8.074057404730427,45.53759001815329,0
5007,8.50937671339138,45.94377404724824,0
2519,8.336530178372957,45.92723342191931,0
2897,8.528358930152859,45.96840622818252,0
1493,8.864732386024171,45.41064901536524,1
3813,8.317631403738309,45.616012565643295,0
2404,8.65761838419425,45.15254636467043,1
3952,8.086679987380352,45.55779225990166,0
2496,8.777647752170745,45.34031137583767,1
1869,8.578524273784048,45.3092051566678,1
1914,8.31785453056163,45.632014660915154,0
4646,8.931056979448732,45.63046721850119,1
3511,8.441195238461539,45.616623584142445,0
3086,8.670771358509334,45.137358517890505,1
4313,8.62327385702689,45.13661082431279,1
5011,8.770032547143805,45.609233989111175,1
4034,8.459336865643259,45.77067536480251,0
3710,8.292642370587382,45.6404564036451,0
874,8.98594703571609,45.58403062167417,1
2914,8.259188397034356,45.82453233016852,0
1280,8.423032241997081,45.76383887974992,0
2859,8.873309801956175,45.50025301797157,1
723,8.654908275801324,45.119994477651204,1
4022,8.61131734871774,45.35586521681881,1
65,8.822125357587067,45.60596562165427,1
731,8.929812913101644,45.17835573261162,1
3819,8.04235679576934,45.34216572538423,0
4555,8.628177569503872,45.15361638044305,1
420,8.765492774043718,45.57271807462121,1
1125,8.537036522548064,45.95157517582087,0
3283,8.316483746613425,45.69423060643364,0
3112,8.732932574912342,45.532473503574586,1
1712,8.794869018406338,45.3299512235555,1
1901,8.664284789173777,45.199675177800955,1
855,8.514307080447296,45.95636532248201,0
3484,8.752976616259838,45.36665118907457,1
1201,8.870700511870963,45.477875725782724,1
2562,8.88827893540843,45.500647265686155,1
1881,8.197578637077196,45.77684175072096,0
2954,8.544599699874146,45.29415911106382,1
2150,8.950613309413322,45.603731478992515,1
630,8.540219920643151,45.290700371486246,1
3804,8.829935814780175,45.34022663823818,1
3314,8.05840110012339,45.346610850791365,0
3384,8.671902947521541,45.16999093720489,1
915,8.036137606150268,45.38190270233764,0
4851,8.966164536803857,45.21803514061097,1
3616,8.108230925743904,45.630849594715045,0
2113,8.824194079909441,45.35600934859011,1
3829,8.830536254953957,45.6191373102045,1
2171,8.065379952771295,45.54177801132873,0
1660,8.229857197288311,45.758871942591,0
2090,8.412510387542127,45.773292698923875,0
3230,8.228335420085296,45.73659448666008,0
313,8.424479930952222,45.78634154412677,0
2481,8.754767173261527,45.54837854009392,1
1297,8.794976215923272,45.592155539434074,1
516,8.907019236046454,45.148607455664084,1
4136,8.805062612216837,45.625390059251416,1
1950,8.26403710139251,45.459991864202934,0
1532,8.892822513398448,45.472794328607065,1
4407,8.53245071129739,45.925523223863905,0
250,8.126708934842249,45.69127977498721,0
2072,8.418035761958185,45.76907440617688,0
1618,8.897150172357339,45.46334402840154,1
2983,8.049214691589704,45.366443816922,0
2227,8.762441114147608,45.53604215012218,1
3162,8.529614863025373,45.931303302818066,0
286,8.601847749251146,45.337887036577904,1
2526,8.721243016511577,45.315398603163175,1
371,8.159548636008864,45.672137368831386,0
3903,8.713726865162604,45.5092772334656,1
4388,8.159785895254764,45.66603720901407,0
4810,8.802829381172845,45.291389702575344,1
4068,8.669753479076137,45.20107853626332,1
2626,8.509295055534697,45.96048606838471,0
13,8.521571416597087,45.054635218175825,1
4508,8.833477835527418,45.421676019589135,1
1443,8.500047625376597,45.10862362146932,1
4049,8.657132010587619,45.444872535357476,1
1860,8.54425736689579,45.013681160609025,1
2047,8.052141810952845,45.34973388133259,0
3584,8.693111698815208,45.47564953440968,1
4855,8.659993035288228,45.16162066563057,1
258,8.598732069230769,45.84972888517267,0
4464,8.822062058957032,45.33988249595373,1
687,8.686694347895473,45.486070858108604,1
3281,8.642119142331131,45.40912752334491,1
1065,8.709018524768725,45.188331873558774,1
4295,8.516596763053954,45.20920116494243,1
1420,8.184993495666404,45.72626734152296,0
4210,8.497346659661703,45.95465963586823,0
2288,8.895906041873278,45.4495528619478,1
4509,8.547509541025642,45.73393554339676,0
3337,8.623416791102146,45.15826550147529,1
4837,8.490393926575017,45.14950683148738,1
2324,8.467450268601837,45.0880434525881,1
2851,8.515351263731317,45.11155002695215,1
718,8.865025986773233,45.405352214604996,1
1401,8.149117292931994,45.60605769470846,0
3634,8.58983553815683,45.338010237314464,1
4637,8.649625257076481,45.20475889576588,1
4412,8.331024717212,45.90854830637502,0
3786,8.908614123024815,45.482735507881735,1
4491,8.158023913891391,45.63823731557836,0
3041,8.249068850234968,45.50191840648851,0
4607,8.693814265652698,45.51622293015206,1
4906,8.775522288257987,45.56693780304277,1
4982,8.925619564212802,45.61056826677357,1
4425,8.619385920586216,45.411562495803345,1
3435,8.494708233930783,45.15122416175055,1
4859,8.662945096208901,45.218284774921514,1
897,8.432863607944483,45.786749336578644,0
1586,8.773969018624971,45.27760171578726,1
1379,8.30030706482638,45.63718755940519,0
2495,8.487783578912088,45.09946097987681,1
3489,8.89589557212024,45.60493873553692,1
3115,8.078969364182402,45.55793783646036,0
105,8.746943115122113,45.31437988381058,1
2988,8.681804115848193,45.14435137010619,1
2756,8.956142579509333,45.21286337577174,1
809,8.787022774466923,45.31507564778996,1
2529,8.225547737528762,45.47650330440003,0
4911,8.657967116973715,45.17873491050799,1
2762,8.029687595351303,45.369235158384,0
441,8.098860358106228,45.53957942051171,0
2117,8.755721196269365,45.32569291076547,1
3701,8.411299229838086,45.794693109177594,0
2048,8.653411309300257,45.166568472297584,1
761,8.490141732326776,45.98642664146516,0
3742,8.661335920559688,45.18862165834352,1
1406,8.784937209927831,45.357234068852065,1
3155,8.865550778982184,45.62394006237667,1
2764,8.472468765734188,45.11941869136654,1
4786,8.431045914540594,45.79357321725066,0
1637,8.211794988814328,45.788903494644146,0
707,8.336762922685073,45.68177947378885,0
4066,8.934720161595305,45.16329613693697,1
4873,8.5113346069654,45.97129120825623,0
2766,8.093098945183822,45.57021099815513,0
3113,8.796261189663008,45.591604033667,1
591,8.792739023307966,45.28262253572162,1
2336,8.029296682127995,45.35857632091706,0
1641,8.801743608733146,45.306937230429,1
833,8.24213467140776,45.50793152705084,0
2639,8.280214820182513,45.849079854876415,0
906,8.200504894417067,45.77024095500512,0
3622,8.655708034927505,45.13872019688111,1
3707,8.6099847,45.866379263817684,0
3600,8.022705121627752,45.37431111241253,0
1242,8.316887954029104,45.63503013966614,0
925,8.657413634535624,45.12731891485391,1
4598,8.677229122380858,45.48378061309595,1
5018,8.645923767661662,45.19485405180812,1
4972,8.290505645326725,45.87229762805015,0
2356,8.818239979976447,45.330875009129635,1
2692,8.68627823030069,45.15637694316963,1
1103,8.630879601284478,45.16496386605484,1
4273,8.486179534948906,45.958597032963844,0
3870,8.064215129641857,45.52933945255883,0
2213,8.91076380438768,45.49640412966924,1
2479,8.074818963855051,45.51174570882768,0
3440,8.764716607686847,45.28465752539192,1
4683,8.507041860764405,45.213925470887155,1
4560,8.33992156153846,45.4667701763373,0
2071,8.881195896687638,45.47328261298658,1
1735,8.055408477568726,45.35753482124688,0
1906,8.046412200959969,45.35171902629764,0
4838,8.696624503476583,45.19004547138858,1
2029,8.438442699694775,45.777087404870706,0
4158,8.277286598345862,45.8753644331432,0
2804,8.123752712070276,45.62215470096822,0
2883,8.488910617614268,45.106577107351946,1
3202,8.523702524647216,45.06599198596523,1
797,8.139596769167419,45.65117032117159,0
4264,8.716932460175046,45.539633642174756,1
1056,8.154320931728568,45.72105395148659,0
3522,8.795435151390862,45.59750103519733,1
2579,8.310131823176201,45.679943716886505,0
865,8.216575304630469,45.76370830466703,0
4535,8.128429825355562,45.58857112814248,0
1775,8.214763593400377,45.457141840836194,0
1265,8.70581903875243,45.19557133016733,1
3149,8.594716146153846,45.8037865734403,0
3909,8.754878571332277,45.56900299804571,1
1317,8.48651680900601,45.12533612005747,1
4770,8.326249073016779,45.67265385221528,0
27,8.968915607619168,45.604095935572076,1
713,8.804451485877479,45.306533980246016,1
3618,8.882481203577086,45.39999903889711,1
4062,8.487148842594792,45.08983356636436,1
4595,8.7094880260717,45.18860193335878,1
4157,8.138330344707017,45.5720266811417,0
2558,8.691790789503058,45.145006190158654,1
2684,8.146003666210923,45.688685966117234,0
4476,8.76067942309376,45.329670084981366,1
2428,8.27078331241355,45.793906790513574,0
1283,8.501320320302478,45.146051633776594,1
4042,8.650073733498655,45.201312571930366,1
1101,8.572179141481914,45.32390259910392,1
1657,8.828919482076305,45.6051725196629,1
1802,8.72172140301096,45.20962197906693,1
3467,8.962654871861572,45.59343387584183,1
4780,8.253050862624258,45.52781922560561,0
773,8.418689976923076,45.58332282685241,0
2670,8.430800085504304,45.806574976018375,0
635,8.361341401188328,45.88748567858995,0
87,8.246750326017754,45.533111149736875,0
4269,8.975293072170224,45.590670815430144,1
2053,8.489091386987997,45.12175507515542,1
2307,8.683566850953023,45.49779944900872,1
3755,8.057639546737178,45.3802088076671,0
315,8.076599742571519,45.52587464079413,0
4619,8.83415294893284,45.61344367397809,1
1930,8.516729385922075,45.960475403094314,0
2003,8.461340429988184,45.08904572629438,1
2446,8.53300310818259,45.239598857576205,1
2815,8.262215005607166,45.83539168777646,0
3706,8.776983101303674,45.3380401153974,1
2568,8.114045054931788,45.55764408841696,0
1946,8.758543426325929,45.25320229626838,1
828,8.287873212820513,45.349754878157306,0
1133,8.66506216646249,45.17873952342881,1
3143,8.262772078233061,45.47319948957803,0
1806,8.909136027103713,45.48787450763607,1
71,8.279195338727352,45.836899976728034,0
95,8.800629607943195,45.58915604358863,1
752,8.683387895656772,45.143797580628394,1
4199,8.267353250123648,45.79632024795542,0
4878,8.188946720642024,45.71614088777608,0
1318,8.144581857305225,45.646023568324885,0
2598,8.515081798400777,45.052254766941175,1
1430,8.972747456653671,45.59803408013574,1
1250,8.521682175468191,45.94878196598769,0
2339,8.53334998299478,45.2104222204894,1
4928,8.320236218965212,45.675392321796366,0
11,8.759644451653443,45.5598618451576,1
2010,8.676583032751681,45.24911430457251,1
885,8.152445463441852,45.64139334600638,0
4703,8.738971404438765,45.267590749400384,1
1612,8.648740597912568,45.18652374846315,1
4184,8.497312035064363,45.17596125891874,1
877,8.22741025237992,45.78361461917763,0
1617,8.466398751077254,45.97185298211958,0
3228,8.94483435676733,45.2144152348289,1
3004,8.646303645538328,45.11764600124833,1
1013,8.681689122391798,45.182008368326045,1
2610,8.175013169150057,45.68926334490061,0
2264,8.778525442162582,45.364396840638186,1
4823,8.186589059827888,45.70375862923865,0
4276,8.803667040775839,45.33065593364892,1
1382,8.335092500204192,45.90279813231043,0
3683,8.224172424236492,45.46855852937054,0
3884,8.803418409831618,45.608444173383965,1
2697,8.641091762751651,45.1799571969181,1
12,8.053836725932763,45.36898363835214,0
2651,8.131748869994885,45.707539687328826,0
2142,8.672333896838666,45.189138840889285,1
1924,8.829283103293657,45.33188472220272,1
2821,8.799146180441511,45.61225796964791,1
2099,8.553544022668557,45.2810708879606,1
977,8.505270928516962,45.1637944942305,1
114,8.266804372551995,45.52966862763146,0
368,8.533738269923695,45.02483089781273,1
4127,8.176159833108184,45.70059330274733,0
64,8.272677681857122,45.80496503104366,0
777,8.910380854199683,45.62539880062406,1
1636,8.086968738571635,45.58910540484993,0
2711,8.962334071525348,45.23029643041174,1
3206,8.714193799065162,45.522035269933625,1
4104,8.182779896878834,45.6986228165131,0
4870,8.706343305745731,45.53609205794321,1
304,8.493386667805893,45.97600992220199,0
3241,8.298398662115344,45.62179777155424,0
3783,8.934432659607607,45.170799425894906,1
3317,8.254651460784048,45.78690139663583,0
3232,8.882938136743322,45.4727213265314,1
4804,8.897506009173082,45.44083588541145,1
4625,8.836977938500976,45.44513378844947,1
621,8.530335969215388,45.921822135918745,0
3094,8.136207209553278,45.628596181301724,0
537,8.46915708911466,45.16041282495637,1
1039,8.867213593070026,45.45278026636023,1
241,8.860471924646122,45.45298427098609,1
1386,8.087888985322518,45.550660087871755,0
3136,8.73367100762833,45.30714794626849,1
4070,8.217881505492963,45.773796411492924,0
3263,8.773695941245636,45.38580111929465,1
641,8.790538039836589,45.28627360273265,1
4175,8.697568323430716,45.22258546001666,1
1852,8.6519721938092,45.146672850239625,1
1051,8.418977780927754,45.788997074579456,0
2951,8.096578145413359,45.555071938797816,0
2561,8.70412632491531,45.203285099147486,1
1729,8.821076845829399,45.431505544636714,1
4487,8.345306351519568,45.89525916674845,0
2014,8.773177783180381,45.36136280493292,1
3524,8.678798704591017,45.49899821278306,1
1718,8.306272458692938,45.88941180448888,0
1597,8.306163669230768,45.41681904040225,0
1166,8.520269412172413,45.027771370813035,1
2004,8.801658180499222,45.29880558137962,1
1277,8.501745652696533,45.1642627015419,1
3637,8.53380212422494,45.015951608859886,1
4542,8.784467065216777,45.600855789133355,1
4640,8.864514883339181,45.43060718402333,1
1903,8.417325393438539,45.76703216031046,0
123,8.667200426181665,45.20153500853096,1
4725,8.951160450183588,45.597671541003244,1
2611,8.961980280303585,45.217243215104126,1
2738,8.08061935548009,45.549199656150215,0
1838,8.40895779351807,45.778022718413986,0
1040,8.501346612890364,45.19395580200171,1
2763,8.597666338389864,45.323033800253036,1
3513,8.65813306608049,45.1250535292332,1
3690,8.919464843041485,45.63401151895791,1
2918,8.429567338273884,45.76659834718345,0
4036,8.118747784972324,45.570429345985495,0
329,8.887592871918063,45.50960270473734,1
3341,8.451595622925923,45.77367514274779,0
1192,8.092293794342178,45.553970105629205,0
1571,8.530502466703936,45.025615759710774,1
3514,8.35868312051282,45.45453142322261,0
469,8.794494347953158,45.301117053372224,1
2945,8.903004116108931,45.61321838419967,1
2278,8.278895368401615,45.8284190751041,0
2357,8.799368891403963,45.37670545126805,1
1565,8.53195088400961,45.04766739219564,1
4469,8.881094832797515,45.61371169243427,1
3912,8.858640890583569,45.51357192974856,1
3271,8.74661934147732,45.327286061715185,1
1784,8.22703346544419,45.49315894647765,0
4634,8.783976042581816,45.28505103211905,1
2862,8.647351689683399,45.17382651222044,1
1585,8.770556926475694,45.2793591285558,1
3681,8.328067888964682,45.62687757689237,0
108,8.540702014386433,45.243712048717505,1
3073,8.568721565044745,45.29393701373946,1
4207,8.473172817101222,45.101907829843995,1
4586,8.755643026969773,45.276155729590016,1
3078,8.616475408137623,45.341323512177276,1
2080,8.504175722531633,45.086887524088574,1
2886,8.231718055038636,45.82696000860625,0
3064,8.522038654896075,45.94149144277643,0
4544,8.813380266889485,45.61489071125095,1
1772,8.770364202270972,45.59713298825147,1
418,8.873129579800219,45.61915983643717,1
1498,8.354326435426596,45.65305136904324,0
2976,8.231911448568496,45.46506653356183,0
4023,8.426286639188278,45.76493138244675,0
4060,8.96517380932172,45.261517789589774,1
1059,8.66881116183486,45.21970509324273,1
1762,8.524692600877882,45.9669547166185,0
1907,8.17634033082902,45.73803718374899,0
1460,8.196712769001415,45.742795436772674,0
2836,8.775782691277835,45.25811303887934,1
3979,8.90305335087415,45.62465072435638,1
2956,8.506840523831599,45.09839397303905,1
4198,8.085412355612403,45.53595037073062,0
826,8.493298990691398,45.030418598683966,1
4052,8.860618669074636,45.46752244761318,1
1370,8.942085886093,45.17488601901071,1
1140,8.1174683544855,45.566250057679895,0
4164,8.662633693155188,45.147939266114,1
541,8.42505417541305,45.78000628169623,0
2900,8.85262924168635,45.46098986461364,1
2360,8.238416101326273,45.47376688130913,0
1448,8.311107089585404,45.63964829696387,0
4881,8.709090318315514,45.15461314984759,1
4426,8.69709870368913,45.52624542317179,1
3569,8.766129309168793,45.342063978756435,1
2797,8.11844308034328,45.597536093142644,0
1489,8.752774932224112,45.57700100746107,1
759,8.745568908666343,45.289426874825566,1
3826,8.720006120841619,45.54516446588421,1
2502,8.855480889984229,45.430536204011986,1
3771,8.512469759937858,45.03471486527119,1
3727,8.711052134811396,45.160246549561,1
1942,8.648028474472092,45.156371482708444,1
4307,8.578933601805106,45.3200821884192,1
4756,8.325258631473995,45.67343697512596,0
1829,8.50891714421249,45.20034969484803,1
1922,8.05046052363976,45.35194628314376,0
2403,8.6609542149855,45.44673970105735,1
3898,8.829806104077752,45.32456373598528,1
572,8.748335083285939,45.33427395215664,1
2743,8.64398120569446,45.168171837477054,1
4401,8.528486945675239,45.24786207983778,1
2650,8.351174192307692,45.48342055498231,0
3154,8.65249149607887,45.16913066936211,1
1895,8.216142623076923,45.283616011242124,0
3505,8.89843867288939,45.612327908269776,1
3279,8.264219611619119,45.81311747057513,0
2450,8.972907010758842,45.201942718083565,1
2323,8.794795266563353,45.353144966392904,1
563,8.779039982528525,45.2943902924828,1
3029,8.643001127956472,45.153855926388935,1
111,8.261522814053524,45.47179800245391,0
3075,8.79355343167097,45.334300169665184,1
1902,8.934934160585499,45.220516767233335,1
3125,8.65221068900046,45.18490971656886,1
4753,8.69953776755746,45.51933308055614,1
1085,8.11204190441999,45.58421096987997,0
2251,8.232756946733497,45.76285047638282,0
4367,8.96288466291534,45.618727355465886,1
336,8.215618711048839,45.75433136661511,0
3179,8.283351116496188,45.51524011634589,0
4840,8.793940308988176,45.32391719138324,1
3564,8.61455515311612,45.36374106743093,1
4900,8.44324313864261,45.767071344596026,0
1429,8.493601860986312,45.93762965518273,0
2971,8.760759459577377,45.34371322490643,1
4629,8.768118322337685,45.347298210281494,1
4768,8.291531476728297,45.87761415739865,0
2282,8.669225007879144,45.124673023560135,1
929,8.316284480192337,45.67522671706222,0
1845,8.760059666427278,45.32255329442908,1
1524,8.184461483795328,45.71552607957904,0
2965,8.813060200905891,45.357394599877715,1
378,8.395325619233557,45.759886982633915,0
2272,8.100248680645201,45.59791377071345,0
3482,8.890283100528558,45.12528838170879,1
2553,8.021551044605822,45.355846548934984,0
3693,8.05564075649248,45.36464206019776,0
4120,8.404678173349817,45.75576946440554,0
625,8.796631248237984,45.35636196593996,1
1536,8.623736411271544,45.15984192293262,1
2195,8.636201663203973,45.16167447070442,1
4166,8.473160185645886,45.18217365776741,1
4149,8.781076532854371,45.38377430195416,1
357,8.16601944162055,45.68477968549799,0
2112,8.169588642202289,45.65807986757041,0
3363,8.811094379826127,45.435666777980046,1
1237,8.8483558524125,45.49823104107483,1
1029,8.725851049669545,45.28494879716814,1
3955,8.642929165808974,45.11223583159428,1
3854,8.633390834017009,45.16632534551947,1
4958,8.377802666587668,45.779797776973325,0
717,8.489955975435683,45.961443169716716,0
4998,8.760819130184538,45.29044936035094,1
4752,8.857155525526833,45.511919945752716,1
4474,8.034317453202046,45.343441728150765,0
4572,8.511754731938058,45.926734658453555,0
779,8.165845003143936,45.6962208035331,0
121,8.694187967461584,45.20237388066265,1
1993,8.977387191949564,45.6102235587449,1
4621,8.351279772981776,45.89759317968171,0
4398,8.651071544946387,45.20990783620639,1
535,8.991719840400997,45.256378683003334,1
1470,8.017293332685293,45.372725054513516,0
3590,8.245699525213622,45.46077088734884,0
319,8.91462852423294,45.60950881727967,1
3539,8.844519077042143,45.49222265239129,1
4351,8.797329014043367,45.28445541447462,1
943,8.310457858395063,45.85821003708379,0
2222,8.234938237256852,45.47282164128209,0
3694,8.655684991126227,45.20591805364468,1
1139,8.040914426757004,45.345514277631956,0
4071,8.672844220035495,45.15618209244191,1
3151,8.633667234849334,45.13725681269328,1
2068,8.121011396975508,45.625193743117705,0
845,8.297794502799595,45.89514473560234,0
5005,8.689984404204433,45.15915628225266,1
956,8.484394414410199,45.16042119970566,1
3350,8.055378352552394,45.32932456640026,0
2681,8.255393913451291,45.80834119250204,0
1393,8.037189066850315,45.384041030092504,0
4688,8.673738996898232,45.5022973657335,1
2891,8.891823676912761,45.15630385252208,1
4590,8.690834478646131,45.173201587399674,1
4129,8.299057506273273,45.66002815988827,0
4494,8.87706844217866,45.47492403368339,1
917,8.4637005,45.649924341432474,0
1437,8.198629590917635,45.70781251497645,0
3923,8.637329015394874,45.167476790562375,1
2844,8.899367183826783,45.167421020076254,1
1819,8.891839603146693,45.162322583035866,1
4540,8.338468892460064,45.67093308765012,0
3140,8.614356791956999,45.16959018463647,1
3052,8.713188117696244,45.20142666572419,1
3220,8.805931236625367,45.31449270716994,1
2265,8.796476285824287,45.32386456830123,1
922,8.630824959400227,45.161088187946675,1
851,8.670980439046224,45.139290487963784,1
1759,8.333643821766298,45.870580282812575,0
3223,8.04326860912963,45.390762845729945,0
4195,8.628944735394795,45.139824824454074,1
1621,8.298783613095749,45.84593452451706,0
2751,8.438308897215121,45.790578476931614,0
3382,8.326375287337894,45.69428506066827,0
282,8.693761315312976,45.20606085058349,1
2392,8.30540235376791,45.65303901139313,0
3071,8.719353923140055,45.217726731026524,1
3496,8.400384908608919,45.771606641252106,0
2400,8.150277259919166,45.601039931995665,0
4204,8.61132991479705,45.33270740891696,1
4213,8.14697295367744,45.65114087282857,0
1970,8.054827011500828,45.522476792105735,0
4172,8.28750854971874,45.823907637019204,0
1653,8.838652038345629,45.61134348091492,1
3400,8.393784745246235,45.76698341158417,0
4358,8.682039409723826,45.45546251598017,1
4926,8.623173670259325,45.14330205669246,1
2474,8.678938007078145,45.442197422030816,1
1857,8.024218880568382,45.34991410076663,0
4762,8.429493028205128,45.55930796828792,0
1328,8.929751444736358,45.180959599041195,1
1661,8.653988361589493,45.19420343450036,1
182,8.54249326707775,45.035419939991485,1
2600,8.32724207899002,45.6543978350184,0
1588,8.648050037579921,45.13823475673818,1
2050,8.678543009100098,45.48420065077979,1
1625,8.870118876485328,45.41458950524064,1
690,8.634053603133522,45.132236912013035,1
4223,8.987367559622019,45.60865292692983,1
980,8.6504850723176,45.133466817434545,1
4103,8.636930039287707,45.14314342151727,1
279,8.268618060129143,45.8496982079877,0
2696,8.716964842292583,45.22280800334267,1
626,8.828237993047752,45.621003143638106,1
4628,8.158701029690503,45.62942989776235,0
3553,8.138918264144847,45.60541171840475,0
3565,8.5353630217972,45.007269772322694,1
4918,8.077584436839455,45.55674957971834,0
1995,8.23722072402555,45.47616770519467,0
724,8.486707741620565,45.18029960357956,1
4321,8.80283506307312,45.60905502173899,1
3477,8.806734767479549,45.33913366231197,1
1639,8.787015786689858,45.28162266310825,1
202,8.823706885001805,45.62658961140658,1
4853,8.910104948326786,45.62858526034947,1
1332,8.691535272835583,45.22119838905041,1
369,8.776186030882357,45.26222182038306,1
2746,8.791412701650913,45.29246007842992,1
3598,8.533698081586722,45.025750981338305,1
568,8.863167132729618,45.44362476037675,1
1615,8.504106161209743,45.93728593858439,0
3215,8.743734583692747,45.29223035758941,1
2383,8.772572797692755,45.32643447622085,1
4414,8.537531653670042,45.067088086237504,1
3297,8.859819023203302,45.40874572100407,1
4417,8.641946893496224,45.21002656864234,1
3894,8.871847259075338,45.62630646660935,1
633,8.715428193725268,45.19301588309841,1
2894,8.473772240422738,45.03889377751259,1
2110,8.755702895298146,45.28912345233297,1
154,8.253113792518855,45.77883519090079,0
2342,8.205261653846154,45.227515575581116,0
4247,8.772624434768726,45.24587801428784,1
2199,8.63787133988778,45.16739553205798,1
2252,8.539600372465527,45.030506547463744,1
765,8.148998605655965,45.65460883134518,0
2539,8.736661173804036,45.329221796080084,1
1774,8.801299681738033,45.29882160700239,1
4891,8.281477813980976,45.846788349257785,0
226,8.689428749858472,45.49046447959711,1
4676,8.854438395262386,45.439573291590364,1
2046,8.511496481321382,45.021576827275766,1
1097,8.882284828903957,45.416809487091975,1
1683,8.83168806251249,45.63422574785525,1
375,8.52759267717209,45.19602211553673,1
3099,8.046969786574635,45.360524030886545,0
312,8.505357992472026,45.20084177455079,1
483,8.959565112107533,45.23445702738928,1
4940,8.74460135579962,45.3055002171837,1
3596,8.794397204262173,45.59644772200008,1
170,8.059016938727574,45.34164384523848,0
2111,8.584797996084305,45.34827990992867,1
410,8.726332242768539,45.57693139843833,1
308,8.651224357536815,45.44011483413945,1
1394,8.521863871952283,45.0257560366153,1
2132,8.464443674889056,45.132273506199695,1
325,8.582938840135904,45.316658390386316,1
3273,8.100551768364326,45.56744032475341,0
706,8.257495580192916,45.763315800886346,0
3601,8.266284414642522,45.795915716658214,0
868,8.798710530604318,45.60871972470943,1
1302,8.90829333289806,45.485279711441294,1
2912,8.24039388815627,45.460027253957435,0
1799,8.090916638522414,45.55059977694738,0
840,8.339569229826685,45.69406741690129,0
653,8.655601645618535,45.14920977840094,1
4133,8.855105676675578,45.49238933031721,1
2666,8.63064671110888,45.43379237060377,1
1801,8.931747077282312,45.20798337285769,1
4660,8.258810807404098,45.498023125466865,0
2451,8.664048903909817,45.157539265080096,1
3326,8.733626165330374,45.19696938979053,1
2806,8.863448755435126,45.639001034563535,1
1278,8.64460631235137,45.17009121236878,1
3719,8.597280105151183,45.35114967413793,1
293,8.96601556955358,45.24375408803307,1
2427,8.653490716845623,45.4616408104256,1
1541,8.747751752167996,45.5343999797785,1
1337,8.270618315692158,45.85953965387981,0
1680,8.118105428077632,45.587426796855866,0
955,8.491473173088709,45.05392690979508,1
3438,8.67292068610592,45.22083518343793,1
1345,8.911657944553314,45.45367113059172,1
3754,8.92491374098775,45.61680957404539,1
2,8.341178649607036,45.893738879126076,0
4234,8.849553859596638,45.47439747279201,1
3499,8.095439838413212,45.57300496341323,0
543,8.34123453356069,45.62997427474942,0
1395,8.909799262104872,45.15398984299964,1
2022,8.775028958306429,45.2919218775829,1
2830,8.05075896083103,45.34554330647568,0
4319,8.766334104913394,45.57476534436507,1
463,8.66320987340561,45.19648107164479,1
219,8.861706899257939,45.48106551946114,1
3334,8.950401115237248,45.600093350295346,1
332,8.982524203795615,45.59078133555584,1
511,8.654794115925352,45.11037211145829,1
2782,8.738755449045703,45.311630238880184,1
178,8.507463376105852,45.051563096220576,1
753,8.045079652837178,45.37264505204491,0
4655,8.093406815384844,45.53488091842035,0
1428,8.938818103380928,45.61177070032522,1
2024,8.843710138005312,45.62040474927973,1
443,8.445616599841909,45.802215476820855,0
359,8.115551890669776,45.62855769735685,0
3324,8.33925392295803,45.64210024613917,0
2025,8.002834555029123,45.39139074837888,0
2668,8.399254774798873,45.786460734816096,0
540,8.509770823095577,45.21289288489253,1
3533,8.313559800805356,45.69439144406947,0
901,8.492957054389871,45.02892351217131,1
2733,8.884477282065264,45.5088928349291,1
3639,8.823335203124445,45.341497407572554,1
3715,8.241060088135841,45.84051657098245,0
365,8.562021573145895,45.29356503020565,1
2707,8.878050667815218,45.45760515230561,1
1888,8.113500100274836,45.559329661368466,0
1865,8.880385981797456,45.43604566587298,1
1679,8.348953598795426,45.67598151186769,0
3089,8.889329872159127,45.13452798190303,1
2122,8.48660085916174,45.10433143574436,1
3258,8.333219726302538,45.90222659520285,0
1920,8.42229539668056,45.76351811457304,0
4575,8.41159262917639,45.77598699436746,0
4842,8.597106220511042,45.352534345319015,1
2581,8.905099752438302,45.47604369355858,1
1908,8.888644725275924,45.14394765355881,1
1854,8.300256649500582,45.63325211190037,0
4690,8.070239229266672,45.32878057629228,0
3274,8.504165885451146,45.95199213897139,0
2248,8.6453644030363,45.12230927234974,1
804,8.855917898849455,45.42525250573006,1
4651,8.634513972198805,45.12229850219174,1
265,8.254889465708846,45.844338439870036,0
532,8.322025002517352,45.87621464602046,0
1142,8.74662497959828,45.54291935198288,1
913,8.411962555833858,45.76787692642951,0
1632,8.532153284443705,45.01926917339869,1
3292,8.624937208006832,45.12756044720359,1
4214,8.501809785708687,45.17341614786409,1
844,8.404386981043544,45.74717123986826,0
3473,8.258254368293906,45.487338096547646,0
2713,8.792212664855784,45.354190511510396,1
838,8.689175605090782,45.49346534447038,1
3017,8.254646201807013,45.78842464762331,0
2092,8.887627644410173,45.61782188354005,1
1904,8.790736992755217,45.3300170291689,1
3852,8.200629867268088,45.78732931633222,0
3769,8.409451037129395,45.769361708148296,0
3394,8.312474766871041,45.6494269730846,0
1553,8.909840363157677,45.20327025771793,1
1803,8.026398129819967,45.35193244518633,0
622,8.633417336165444,45.168851426768974,1
3304,8.412213853113393,45.75282078833308,0
2867,8.78745246140423,45.596637184430584,1
1167,8.014743771992789,45.34880064446214,0
1905,8.786676100734189,45.30194853826471,1
1363,8.898394620760433,45.174381806610555,1
2153,8.70618934513336,45.173001047393036,1
4863,8.916055416765293,45.46116488306937,1
4243,8.538411649668292,45.92721503737275,0
615,8.668583672328015,45.25264202659024,1
1725,8.785926707937838,45.2811427260742,1
1818,8.934992979693998,45.208564056054115,1
3991,8.50153907759835,45.07472270556826,1
1613,8.900920712702465,45.499276512200304,1
3675,8.769611002355742,45.30040547256058,1
2354,8.433712441667241,45.78741705859589,0
2744,8.493644228963074,45.174246088895494,1
2831,8.83430404384267,45.43057071352871,1
4650,8.519028601573883,45.947966481369974,0
4244,8.120410154441513,45.61014246724219,0
2413,8.697086924696166,45.48075016478538,1
764,8.099829047285773,45.55053996194702,0
1112,8.192543188510994,45.731688953172345,0
4004,8.72612753142163,45.279948832142274,1
3378,8.364148406526676,45.912225446258844,0
303,8.72643121017392,45.31271058679253,1
1611,8.744657121112265,45.303983889169736,1
321,8.70011900044323,45.192653535767434,1
1327,8.63349794970509,45.20068808230457,1
4044,8.937379513438136,45.150414107398,1
1348,8.119079739838,45.57698589174254,0
4138,8.664062312304921,45.14953504503212,1
815,8.979431869986287,45.620080727155845,1
1557,8.871489350318473,45.462354805593044,1
998,8.493696115062484,45.948932908868606,0
237,8.967000740176998,45.232121897452124,1
1001,8.03384365158876,45.32509261435053,0
2849,8.640029550796752,45.3605356870994,1
1047,8.705898403653935,45.51614987753604,1
944,8.128493383612978,45.6512613667216,0
1861,8.501601886684455,45.94516074005569,0
1107,8.331881721344931,45.69166614911703,0
942,8.64210764175955,45.412937722365484,1
1872,8.764360548874931,45.568776968915564,1
1477,8.78773216054428,45.592505170249986,1
3895,8.148378518069864,45.67131261203345,0
1616,8.19285485871588,45.77067642311749,0
3555,8.85804064107086,45.62659374343543,1
1126,8.81795077549247,45.34398663428373,1
4983,8.63817414019372,45.18047526247455,1
2187,8.495822894894472,45.053251986856154,1
1697,8.967829187176624,45.20028942717306,1
3261,8.104132273682305,45.531433597613606,0
1856,8.656952094065016,45.19112335626295,1
1883,8.982395798332144,45.59071466343437,1
1515,8.736660527614768,45.53144392665494,1
1558,8.501197641863042,45.206163722459735,1
1685,8.582352360872836,45.288028126095334,1
4249,8.111187573168436,45.598800128145314,0
1388,8.074358661090447,45.35086098636291,0
2833,8.306859399609444,45.8733900757487,0
4482,8.186233365512237,45.738810910412724,0
2237,8.098363233816738,45.5320057449006,0
4082,8.790008905320782,45.596284002406165,1
2514,8.932553680780241,45.59070113514587,1
3997,8.330234605327236,45.640120450897754,0
4115,8.184031468282775,45.74974459661481,0
1016,8.209701821598102,45.76036062008562,0
1208,8.911473589799916,45.61069014055488,1
2367,8.684861370889251,45.468228384302705,1
4228,8.767529406488997,45.34826624680142,1
4021,8.646963581736737,45.14633725606827,1
3031,8.954656316350409,45.195885555943,1
129,8.783301808936672,45.26083310614612,1
4795,8.787992217330775,45.36617236727084,1
145,8.550298539798709,45.00448298004065,1
3360,8.857011704163853,45.60843861448858,1
4131,8.66943731962153,45.452589824415625,1
4761,8.713293227666043,45.52407276513771,1
2682,8.73976654769638,45.32324030912532,1
3945,8.263341665498332,45.4687836483073,0
1137,8.046595706546597,45.37419642146135,0
4825,8.731241607788068,45.5612117492515,1
1731,8.720319682772118,45.504376119819426,1
4712,8.930152008200533,45.1451557015374,1
1760,8.857549762414209,45.424818596185816,1
306,8.725290246419439,45.321032804493846,1
883,8.76208932873625,45.26672727823584,1
4830,8.62004021932128,45.149291857979556,1
189,8.775076208650292,45.37273838129542,1
1603,8.527361942486577,45.08535480739534,1
2596,8.7464096517738,45.32065705946706,1
3700,8.722930968596405,45.551744130844675,1
4493,8.784667077962826,45.33040875509703,1
1540,8.959340226758197,45.200585909791464,1
644,8.97095552066687,45.589939599176574,1
4999,8.917252833284484,45.473284516916046,1
1890,8.50504974623793,45.940230283938334,0
3878,8.435857685154907,45.79369733413534,0
3245,8.049899331287662,45.331048590751315,0
2043,8.42209005313517,45.77395483189424,0
4547,8.850507090559198,45.39808485113208,1
632,8.69379571707283,45.24869701118886,1
398,8.225838957175188,45.74107089781159,0
604,8.209815530232841,45.77264541747491,0
84,8.522940182324264,45.0377267564489,1
77,8.793605545266162,45.38186104991743,1
2669,8.722663747360723,45.202551759107386,1
3255,8.47567689141879,45.08024108252065,1
709,8.645441550145897,45.218251834751754,1
4971,8.76984041919449,45.28436668203141,1
2082,8.004304945718316,45.36844516518257,0
4481,8.666497266903583,45.15436921864768,1
4063,8.728281374729818,45.553868918832876,1
4086,8.551609417293443,45.249669926755736,1
522,8.304257612910014,45.60724562695509,0
4670,8.860806729401448,45.43647012781969,1
3827,8.95171928737064,45.246512024912,1
1563,8.641262084797614,45.156040496153196,1
285,8.809491695917504,45.32452717907389,1
4579,8.788470144861167,45.600543960685236,1
716,8.50846139830466,45.04055436138433,1
381,8.31236023950119,45.63574193201953,0
608,8.650455001375192,45.37952398441885,1
3463,8.252711338171638,45.82347162469927,0
2249,8.336407348217197,45.883379210326495,0
4348,8.869896268695587,45.44106952449724,1
823,8.220880822534504,45.46246036717358,0
1381,8.106662045519462,45.55353284732612,0
3631,8.761749981588657,45.265251612048765,1
376,8.53570788974359,45.71647278588588,0
627,8.503071979952837,45.18179283735863,1
801,8.197931214366502,45.74468298722806,0
4534,8.548048023453534,45.234043157969694,1
3930,8.945363140050132,45.19056025468549,1
220,8.65614560121925,45.17877791629652,1
491,8.373679453846153,45.516721312272345,0
3470,8.532999208289063,45.94214262501281,0
693,8.71209346123596,45.53863350661267,1
5008,8.811201363587255,45.33831429456172,1
2475,8.496037314893456,45.0733171017999,1
3928,8.429015090834636,45.79064111571207,0
1544,8.096262091446269,45.538171581061576,0
1468,8.80468739184133,45.34850399915891,1
767,8.653635292041132,45.4176963105143,1
2683,8.959818435292595,45.18902988823461,1
1017,8.235716506084401,45.48130868737722,0
2989,8.685644616372628,45.24191608510573,1
4283,8.964485996635624,45.59868440370402,1
24,8.501174635734717,45.20797046180341,1
1944,8.751480026799069,45.306931958922995,1
2617,8.75114486881808,45.55563030385452,1
1955,8.84397123777129,45.61506119774046,1
4251,8.66140321205075,45.20987508541794,1
2066,8.549384608927955,45.26500506431804,1
2565,8.662592707956316,45.16509918779604,1
2618,8.885715074294227,45.45200731335431,1
4314,8.816883824623428,45.347325484466296,1
737,8.650307131587514,45.19667067238064,1
4287,8.483052501800858,45.98293722261092,0
1979,8.653223806281336,45.129934914180616,1
3990,8.654655986353678,45.12709267594925,1
2015,8.683262252693629,45.13868983357034,1
4411,8.956946170186715,45.61641581809765,1
1839,8.901356634607804,45.50827149832201,1
4717,8.821267273293914,45.33784441347771,1
261,8.64641390735073,45.191026862167625,1
1081,8.608548095979309,45.33900377786107,1
44,8.64370131672803,45.17432260474084,1
4353,8.736918190248096,45.30352956893819,1
1216,8.715424625302255,45.531497375399766,1
2881,8.429942607692308,45.59997320549743,0
3832,8.827250690628455,45.33747436463337,1
1508,8.660982452786175,45.1182049469312,1
3716,8.751676709348233,45.3532936604491,1
3830,8.100023160553782,45.51783918956271,0
3671,8.621909678096111,45.39896542852748,1
2555,8.166296415102128,45.699202845853065,0
2349,8.124408222939685,45.638780645050524,0
4167,8.869053492705888,45.45276091775621,1
4102,8.639664901731365,45.40422232994782,1
2077,8.830638577227171,45.431772946112844,1
1377,8.845107671297335,45.4264506673999,1
1830,8.541569424454883,45.257628767452864,1
4582,8.647345443074846,45.41811905266935,1
4549,8.779788530880513,45.27131602763383,1
3960,8.903321943556689,45.47624266865199,1
2917,8.965481310680058,45.23938406805469,1
2907,8.774200920761194,45.25638612098853,1
4263,8.19068489166021,45.712365451428255,0
1344,8.040429927084471,45.375968033968604,0
3902,8.480779161232782,45.111970383507035,1
3358,8.488667136354806,45.16143628825162,1
3692,8.156675699317118,45.67105217827216,0
81,8.209566660541203,45.434148966252145,0
2752,8.468417019812598,45.084542615347644,1
2091,8.981731753629184,45.23650011573095,1
4736,8.843367222576004,45.476721999049644,1
3939,8.657175494831087,45.459259474303046,1
2223,8.826516413526639,45.45019756266145,1
4277,8.555183607626427,45.27651439951006,1
3763,8.65590603559929,45.0995358416287,1
4225,8.691025288369133,45.16117622175144,1
3270,8.080569126557295,45.54784444589385,0
2000,8.966592179369146,45.24667797922214,1
4523,8.323685018579038,45.654383753626114,0
2919,8.653245672116253,45.40978135502483,1
3194,8.060204666053258,45.36556212629685,0
4934,8.872557430241525,45.49288567115493,1
1089,8.965055750263845,45.244596197712816,1
3730,8.259816681937414,45.53316737506097,0
1630,8.881988816364334,45.63069184170804,1
1177,8.260754144740275,45.50374500257046,0
3057,8.938619898838752,45.59228552985125,1
2937,8.795058578426989,45.363355588004936,1
2895,8.86564473637557,45.508358765340574,1
4664,8.276105890358327,45.85347361488698,0
4893,8.838817077418751,45.605187286147974,1
4700,8.044509255442014,45.3261143513587,0
1251,8.337823352639331,45.666519689380905,0
400,8.06052862387995,45.34260995433263,0
1143,8.922858009915776,45.48767119295113,1
953,8.440184241942006,45.78297816226739,0
1609,8.362354736788369,45.91172153026464,0
5014,8.973178690110931,45.585623641430495,1
4393,8.888322698890581,45.413389795579775,1
3740,8.885770384458088,45.49173940636949,1
1843,8.77619565941528,45.395708681684035,1
3061,8.23450842567191,45.485343835812024,0
3182,8.094763979232233,45.5932872437513,0
1715,8.9835637391482,45.239132081720285,1
141,8.611797723038517,45.16596112713235,1
1695,8.772465943385624,45.31274829713547,1
4991,8.526345102640464,45.03989817377871,1
2321,8.514670252623247,45.064187886578466,1
3627,8.808265485150386,45.29854781106592,1
4588,8.877309778129607,45.638287260066576,1
3196,8.636131316892573,45.146403317480576,1
4834,8.981915695939858,45.602540437234666,1
2442,8.07897506210704,45.601152525415046,0
1004,8.875904185895921,45.62313254192307,1
126,8.686316408480623,45.224154771356794,1
4818,8.777520391118541,45.363104409430555,1
3651,8.188968712153512,45.74004323079386,0
4085,8.052549220551747,45.37721966027323,0
309,8.716859523676622,45.18959508469379,1
1279,8.90308714361033,45.48975407811312,1
4014,8.66732007012178,45.196714121942456,1
2909,8.683484980375539,45.49095210208751,1
2137,8.780197088641797,45.336077709740344,1
4224,8.483791318277598,45.12575971092855,1
810,8.760856386781919,45.36604014460592,1
3781,8.140650815400189,45.70024895910148,0
4551,8.674430296539187,45.14455371889163,1
2241,8.246871434189,45.51013279884904,0
3954,8.913717145600135,45.606592083629934,1
2141,8.542795244679972,45.04421361309793,1
3976,8.729574671123968,45.192750595763975,1
4030,8.451038223741888,45.78334861262835,0
3139,8.667120996139717,45.207951592650126,1
2081,8.22827406896442,45.7803046472285,0
373,8.872423633928179,45.509624942522926,1
2876,8.851703388106735,45.445153563086635,1
3629,8.974145756107681,45.254980978752606,1
1291,8.365686998693182,45.6775409613178,0
3092,8.11464535692786,45.583224528499926,0
960,8.433844742785936,45.770372852617086,0
2828,8.27462274309787,45.845307067953634,0
4378,8.091700432333324,45.57513090900598,0
2422,8.700029997272082,45.14491334554618,1
4001,8.43812396540376,45.77489161945811,0
5017,8.429414244927777,45.76746429972499,0
91,8.621541356561623,45.361070303967615,1
2748,8.962957713396184,45.20363804279834,1
324,8.197042932002244,45.7148129965226,0
1172,8.563685288178828,45.01319811819353,1
3192,8.140578907085432,45.63957496862028,0
3464,8.760719538932936,45.288269865813014,1
4599,8.662052149171775,45.12461059215532,1
2026,8.201954717532738,45.79940703766487,0
4334,8.503152247882849,45.047805904992956,1
814,8.898722245570484,45.60524051333683,1
837,8.929800953007591,45.18779906316723,1
434,8.50587135701503,45.940791372385206,0
2535,8.69397998159494,45.13656697808118,1
1273,8.068197370361897,45.55810407986838,0
1684,8.51364517710769,45.20346486318297,1
4750,8.512262810954955,45.92048886149054,0
3549,8.226270315333405,45.43785819485646,0
2097,8.958835403614485,45.24305776517623,1
2433,8.308157250745296,45.88492767419133,0
2676,8.889765440479124,45.460976098346976,1
200,8.649317102277655,45.42581395081102,1
1060,8.73911972008068,45.203852387795045,1
1556,8.692883710370632,45.21062514429341,1
2899,8.92859680534277,45.197840426909515,1
3818,8.707490828593594,45.18471567856734,1
4159,8.68457482298266,45.50904622496466,1
2434,8.831660931318401,45.59933207875647,1
4739,8.207977468851684,45.4453309558687,0
2521,8.44486324538171,45.77161984526549,0
1467,8.910184581916159,45.499522269579884,1
3612,8.662470676701382,45.14279890370124,1
2531,8.54133520740751,45.005519278151326,1
1077,8.224705101902973,45.738590599723445,0
1990,8.525256536477277,45.963588712552166,0
1776,8.300052711429398,45.846703863576835,0
4871,8.767559310353501,45.240751343107235,1
4347,8.756706817849969,45.326270280740964,1
4511,8.617023487109751,45.147626099034554,1
4003,8.867753565104074,45.61873009144821,1
3332,8.778600201476348,45.58896062061004,1
4759,8.862491666173606,45.478022566326196,1
2260,8.728369903755002,45.19096916845014,1
3720,8.503036902188079,45.02706662704135,1
2845,8.271168637563798,45.54170308060418,0
1196,8.118032885646574,45.64065061669163,0
3933,8.839441714686373,45.45260211441832,1
152,8.615685924360163,45.37125545047507,1
3800,8.45324493625907,45.80919675490493,0
1792,8.718241560222571,45.5545448133562,1
2999,8.864546922820788,45.40522085193323,1
1832,8.593178266317333,45.31099296631647,1
3050,8.067228298775468,45.4924464150824,0
4392,8.740392730091068,45.344346234592116,1
649,8.847785802688739,45.60143916885398,1
4684,8.045073656371823,45.327249716253505,0
2672,8.499776211917863,45.962900851405834,0
2981,8.664468174477573,45.24646327145248,1
2704,8.408486283300306,45.77742846925829,0
1371,8.3414134418321,45.66273805379316,0
986,8.495899835481527,45.955563505046115,0
4366,8.513135182075084,45.05950157970374,1
346,8.64644572329239,45.13417513936207,1
1754,8.061413071084534,45.526549118116854,0
849,8.74962737344058,45.57628057923026,1
4501,8.95961734636449,45.234604030497565,1
3617,8.243185169991149,45.5207047545758,0
4121,8.660405672617324,45.13029679124889,1
2286,8.663304469116367,45.13694552135334,1
2008,8.20040299395608,45.747438307003705,0
4644,8.491378260051846,45.09219298267596,1
28,8.798017833686819,45.61036214575778,1
912,8.854784404773618,45.63192674479987,1
1674,8.644138295076214,45.13893442127439,1
4058,8.318470950880887,45.85261414118941,0
1528,8.35380607235203,45.648756736282316,0
1076,8.511119755275582,45.06934161250295,1
882,8.67592609142818,45.19787879116574,1
807,8.351868196314944,45.886780359714336,0
3173,8.726833983494455,45.297685947603895,1
451,8.853486425081707,45.505217558059464,1
4564,8.323726274324299,45.86802493030796,0
1575,8.315724275072823,45.66619136071111,0
2261,8.190127874645313,45.726596000915535,0
1825,8.416126756594135,45.76326548308607,0
873,8.687974597673705,45.232657672021396,1
1185,8.71989593019121,45.53129775011476,1
836,8.157617548903753,45.654637632644004,0
4007,8.03977275313228,45.34963783809743,0
4155,8.833506465917331,45.41138560492195,1
2440,8.520624945134541,45.03809939939541,1
3595,8.647736849155065,45.17366255608589,1
127,8.582866291749712,45.32846662365656,1
1709,8.04501502712231,45.364878098074264,0
1231,8.66160299231548,45.20414299806557,1
4706,8.854824466334362,45.44011830887592,1
683,8.232895951843123,45.825249041108734,0
704,8.787120420389469,45.299663076665254,1
4416,8.924526498893414,45.47546754739507,1
2901,8.219772976817938,45.78571914831957,0
146,8.250968307742006,45.47733550839509,0
4877,8.770235200753838,45.27268536435733,1
4212,8.680711388086701,45.18315678119257,1
1555,8.789269243470562,45.343712452923086,1
3454,8.58747943846154,45.83307850652765,0
4233,8.527909520784362,45.057132956813746,1
2494,8.651841655366177,45.120377891449714,1
1041,8.359729566010577,45.905365643282714,0
2388,8.53419775178447,45.212282576549185,1
2062,8.89127470427194,45.51485360908696,1
4457,8.657039983011398,45.41862454627236,1
2904,8.89503516587446,45.117649060705595,1
3896,8.504911712470532,45.968031158821056,0
3996,8.715160399405587,45.21024782835365,1
5010,8.30192005820327,45.89073214109587,0
539,8.653409219488273,45.19151464570467,1
1812,8.324828153872705,45.67091675152012,0
1368,8.505468084782589,45.092909054638014,1
1396,8.915379787445493,45.15685833166019,1
916,8.172057322911673,45.68784747838502,0
4605,8.630181077884973,45.167643171259606,1
4089,8.495087868716624,45.046348057682934,1
661,8.638895783719597,45.175589788379824,1
2135,8.29364958279087,45.6883481768785,0
2902,8.708761707478688,45.231150849290266,1
1073,8.54834602276889,45.2471034406256,1
3746,8.321620047051134,45.63916518400641,0
132,8.840499653410433,45.421975700933615,1
909,8.520536062391503,45.924042911214194,0
1488,8.401212941917201,45.77996694170449,0
4215,8.913956394452807,45.616314482197225,1
4017,8.205280691580867,45.76270566254325,0
2993,8.03556864818991,45.36736176774193,0
4696,8.635852051040047,45.13962008554871,1
692,8.85483713057283,45.4834724938332,1
4364,8.527095642177144,45.03966663200687,1
3677,8.534356456090698,45.96115201037706,0
2913,8.637546609820198,45.20337245437556,1
2156,8.479100733150615,45.064062730986144,1
4095,8.974828863751348,45.19646381284826,1
1244,8.732819388053786,45.3106455414923,1
3072,8.65547449022384,45.170383613187596,1
639,8.783517151235595,45.32875900259125,1
4281,8.661594032609477,45.17942541468193,1
4093,8.193228828924296,45.769743025240665,0
3550,8.767871455241398,45.332463631710084,1
1263,8.493374170025028,45.93974833940286,0
754,8.901179105242175,45.63379459628618,1
1235,8.215354714946482,45.7381931624915,0
1268,8.217644246041083,45.74075631560652,0
31,8.259094669881259,45.44166704296793,0
442,8.666198881168715,45.115661463763715,1
1589,8.946622049206768,45.22776111884735,1
2076,8.922108277815749,45.62389378904158,1
1480,8.169654002715207,45.68678767670418,0
1824,8.263149849491345,45.469936373193846,0
1067,8.328730403873838,45.630515805233294,0
1977,8.086093052642225,45.600519207727885,0
3120,8.60747707103775,45.37208012782857,1
2930,8.499775849354574,45.92759800007888,0
1932,8.868057427356554,45.39646038463773,1
2347,8.491979756952578,45.143099970718914,1
4743,8.24241491280197,45.45644924536176,0
1929,8.652310857356206,45.43692233292948,1
3485,8.777201212730226,45.29245161832192,1
4902,8.771691585390762,45.59470446036225,1
3893,8.654612089481569,45.411091224959335,1
4369,8.32079198049369,45.642566449308916,0
3607,8.634101036357437,45.14703553944959,1
272,8.693145954099142,45.22691527925873,1
278,8.896296794874358,45.479840917431964,1
213,8.782745351457349,45.35878695750059,1
419,8.157684448503517,45.71353388245502,0
3932,8.709026890776034,45.227191748616406,1
2524,8.271351066890459,45.82598583018764,0
4274,8.629547174202791,45.40482118604941,1
3971,8.800037650224445,45.34800929769374,1
4448,8.321783245526309,45.87038732720373,0
3224,8.491269464631545,45.169613587948504,1
932,8.775267448097761,45.265390570547964,1
554,8.640177585992108,45.12593996003166,1
2458,8.814095842673689,45.357510366177756,1
2309,8.662734234078338,45.17123396372142,1
3782,8.046547127797211,45.356984623322916,0
3941,8.423952770040115,45.791776570344595,0
1687,8.686625734090626,45.12977643221633,1
4574,8.633932057854175,45.135535474338376,1
750,8.921725642505441,45.12671548544623,1
1896,8.949178593127487,45.19032777953647,1
2411,8.197370452560705,45.75814155146361,0
4719,8.947768245354371,45.21328316821563,1
428,8.320053278135584,45.87416124459962,0
3901,8.683729997512264,45.16320623251343,1
665,8.416575487326512,45.75931309650391,0
2289,8.773282877835122,45.36442962150202,1
672,8.870739964098442,45.414734573603866,1
3697,8.94238111947298,45.605644742487904,1
2426,8.321742128303729,45.861949376218064,0
67,8.464341991445755,45.16000945360441,1
3266,8.21444815261971,45.74227534565777,0
3302,8.991649243106536,45.25811477307672,1
3890,8.780250985467788,45.332614130309224,1
4924,8.980126346835577,45.58756576303536,1
4570,8.493208979651163,45.06946221838011,1
934,8.40728313702336,45.77359580199489,0
3249,8.07819505473479,45.35148593743527,0
3982,8.303787352084475,45.629376464467846,0
2973,8.663716521312162,45.204025402917985,1
4418,8.833498603985639,45.59985884717482,1
1106,8.228864956410257,45.262441090602884,0
345,8.482408401122393,45.969443263628364,0
292,8.727631356280838,45.5447685365551,1
4695,8.406845232650781,45.76971794075355,0
2518,8.020967870594928,45.35034005696893,0
3433,8.685016403090831,45.447376472336664,1
406,8.257034594168022,45.8519638195061,0
1079,8.258727678730779,45.818203381235236,0
2225,8.62687608717805,45.13256803614591,1
2522,8.753991339891563,45.33541694476027,1
2279,8.897580372577526,45.13377081048622,1
1859,8.46683853510921,45.124146582582746,1
3010,8.25762551233306,45.7867797746662,0
3106,8.634912044379469,45.12563389700545,1
787,8.818053052213461,45.60442570092916,1
4248,8.754834251397643,45.34385898289199,1
3521,8.875565935220692,45.464774464861115,1
2622,8.82681987735349,45.32509917543758,1
2948,8.636653998293598,45.1685701016598,1
1502,8.574585719594804,45.29511517952786,1
911,8.635811214562406,45.140042912058966,1
2503,8.5244621805915,45.02356345120674,1
3306,8.660135426275273,45.14193688299515,1
2864,8.66808168495568,45.489412431848415,1
1623,8.560843417502165,45.32198558991912,1
2331,8.588150652834027,45.32090973047208,1
1014,8.117797010687505,45.631725056793044,0
564,8.680026508770919,45.12745556911787,1
1699,8.430200318447337,45.761574263529475,0
4578,8.766858662899647,45.25195913653329,1
4603,8.982406447961333,45.60339348401335,1
2250,8.854374721290593,45.451037768269444,1
3457,8.753694301280706,45.345555332057984,1
4019,8.502161609672505,45.99118162315254,0
3219,8.751582340347118,45.32718656079129,1
599,8.460376570821092,45.81854469808136,0
3172,8.787307527345208,45.33884929991872,1
755,8.257313524179727,45.810878149844214,0
3204,8.503644427408343,45.1410308604522,1
1023,8.917721991554174,45.14626349514474,1
1847,8.269086297470425,45.82043929683409,0
4018,8.496109445874657,45.182714487269976,1
160,8.171769226976078,45.679573791121534,0
1389,8.831863610011231,45.60988693401415,1
2929,8.04282883818498,45.391134009063876,0
3354,8.488546807390728,45.93956181861693,0
2106,8.751127872787546,45.33500449641312,1
2242,8.051628088732915,45.375481113145014,0
270,8.446997674638192,45.77569080234697,0
2236,8.237473714622087,45.47040605339086,0
1633,8.049827326520164,45.36225703854721,0
4397,8.282886989734987,45.8660512878087,0
1828,8.13093249161366,45.692934583933564,0
4360,8.314809421504247,45.886034696622175,0
2038,8.735247569865198,45.292137441831244,1
3611,8.087349502364207,45.511268868694216,0
1578,8.501590797298688,45.042997124348204,1
3331,8.315395613096346,45.66290872129898,0
2723,8.470339994054866,45.79603293070547,0
3578,8.288493082736188,45.59889133516631,0
4099,8.750800934950611,45.58872343606393,1
1635,8.751181181430404,45.29871971235835,1
2067,8.974442364536468,45.247355568371546,1
848,8.502308864010638,45.94092276576461,0
969,8.847429453674373,45.49573131519047,1
3126,8.776397439324965,45.26985926218058,1
2430,8.876742602741228,45.412460272656546,1
3619,8.880674343451458,45.62882136014284,1
2308,8.29822515993503,45.81508671997421,0
1479,8.777780497761416,45.295508934623214,1
3768,8.04472128446952,45.363156856991694,0
1482,8.854808971598235,45.4733812822313,1
4726,8.64816352356281,45.15498858643727,1
3876,8.782802469125556,45.31399700082706,1
1455,8.66523290398498,45.2295312789658,1
298,8.253966308730577,45.507336728073454,0
263,8.83201816538401,45.42626179799604,1
2537,8.818344421078407,45.351592889022704,1
461,8.154681998836786,45.711501323925205,0
994,8.584105480357671,45.343373777164565,1
3527,8.411437700285422,45.78623288184919,0
3342,8.465958027736912,45.97904614664045,0
4662,8.730168659744434,45.21006577306728,1
1921,8.782447789625769,45.32369618142365,1
3399,8.301220574575451,45.86075179084967,0
35,8.240666607692308,45.27990384811377,0
4713,8.780264520082737,45.57332638147721,1
2874,8.317981697923324,45.89652954171082,0
57,8.739037367076133,45.306673464370675,1
2366,8.51260123888162,45.92440563370848,0
164,8.321822808942516,45.693779895916784,0
3323,8.32134592724223,45.63434815336122,0
1330,8.64026902395055,45.19165133476976,1
3221,8.542468915384616,45.76647699194759,0
416,8.22047693750572,45.45233092971529,0
1256,8.585649511686345,45.27849284760757,1
487,8.385033341555328,45.78281705892279,0
2266,8.299674864102565,45.36721763566819,0
4466,8.372982499375055,45.88084593149308,0
49,8.709371845478941,45.21019717318705,1
4529,8.850478134327773,45.41838866210768,1
2350,8.975982180939925,45.23176692947861,1
4185,8.752041948285074,45.58108353299181,1
4130,8.217063305128205,45.244978333092,0
2164,8.222955674743202,45.76776966349982,0
1750,8.794591277974392,45.290739988045225,1
1495,8.82267130340809,45.45765820915722,1
2297,8.662007079032183,45.201861290382766,1
3355,8.099841579572795,45.58266430541352,0
4229,8.522234663607875,45.22059516249464,1
3428,8.512170955539547,45.242943164038614,1
2191,8.163677958145463,45.68070506411021,0
3351,8.764669903494543,45.27071072913056,1
1194,8.962486579208166,45.192148661776784,1
3311,8.699822707737981,45.230905547044806,1
3456,8.47400993494039,45.13637702309967,1
4405,8.242447410200961,45.822886585043584,0
2256,8.827112825221679,45.60424978889377,1
921,8.725482755104439,45.182781492407145,1
4074,8.71581714297865,45.512255197952705,1
2484,8.659426178664049,45.11766867855878,1
4297,8.068441556757453,45.328431565504964,0
993,8.122785387074076,45.579779619973586,0
2280,8.513167589695104,45.9302019809039,0
3227,8.486700812294243,45.13561980060976,1
1596,8.669347751353301,45.213890784882146,1
4901,8.671678593969597,45.48018903013409,1
4057,8.283658407692307,45.38351828311222,0
4905,8.345074808814616,45.89548962281815,0
4441,8.239798885069742,45.479550902801535,0
3305,8.16844958088496,45.7281521231613,0
3548,8.644638785962975,45.16880050150986,1
3589,8.908923520139208,45.18267800968111,1
2445,8.228914887745535,45.454531248944065,0
4557,8.81106534753916,45.34067367052133,1
2329,8.676561280269958,45.250048883542675,1
3158,8.57068557939407,45.29754479653084,1
3888,8.851697957726714,45.48869938507403,1
85,8.678223740677327,45.144489348316554,1
485,8.17690498601272,45.73155107132717,0
1755,8.474695468737243,45.79927998871097,0
691,8.645949090615918,45.10168724974451,1
2741,8.102927124223674,45.543005846966544,0
4317,8.916803256271132,45.15592318924741,1
1935,8.792379196790131,45.36852359236196,1
417,8.95619063502171,45.228186005009825,1
1199,8.669745790202704,45.25124528224016,1
2770,8.176672065470525,45.70662896307641,0
1369,8.661249556847912,45.197675182995994,1
1931,8.479845343356622,45.18740017463313,1
236,8.229668671639047,45.485392353873706,0
1359,8.619398363255582,45.358852830050445,1
3718,8.130574970925057,45.68026965256984,0
3436,8.529682191837615,45.05604334016056,1
1580,8.60096820944861,45.29827444281437,1
3449,8.75962610528761,45.349883153341544,1
1275,8.656416249677807,45.40746256016655,1
3135,8.849489633030135,45.6206147404911,1
5020,8.674952585019208,45.24201134188828,1
3836,8.494713979130037,45.96002446056234,0
4472,8.019820311121611,45.354798865751974,0
1007,8.09953670322895,45.60649744794006,0
1650,8.950197116141087,45.216521244673565,1
1178,8.777731569084414,45.27703086499974,1
1879,8.306112721743672,45.631759546795806,0
4439,8.936306997021465,45.60055971540476,1
4631,8.963962322346267,45.59253423177666,1
4689,8.921445077113411,45.61449294508099,1
3191,8.75436619137381,45.30035416728879,1
1634,8.247442558356202,45.45501769026439,0
992,8.750133947193346,45.30089660681172,1
2459,8.29326215504607,45.62222444766002,0
248,8.441009474417651,45.7944467058366,0
2750,8.240316409473056,45.45470737485881,0
1152,8.37942227729003,45.88883325217799,0
101,8.76105801141897,45.3498437484679,1
1505,8.104610544279073,45.56570612028722,0
3684,8.268409228932292,45.81845294090431,0
4769,8.228500592828286,45.46911374171611,0
4123,8.148987931773311,45.6419767359328,0
347,8.709206900037307,45.20672121789173,1
4829,8.766089303262921,45.3511256550058,1
1782,8.76388148772955,45.26975351665878,1
3247,8.724174151531289,45.21588672257227,1
1545,8.753214331663088,45.34914997649866,1
19,8.92115528222085,45.196996178342744,1
2528,8.32083194468806,45.64639132429681,0
3660,8.217898212815102,45.45246835237652,0
2742,8.358805778618272,45.89164169180857,0
4220,8.207541164243793,45.76621524800568,0
3958,8.703686545211804,45.23358926522965,1
4235,8.944991527435343,45.1924420228415,1
3679,8.97635144981953,45.24606028076513,1
4820,8.062549387270431,45.37343948617249,0
3925,8.720772088209149,45.53681452287393,1
1127,8.656220886549688,45.211936036718754,1
3678,8.523573691290515,45.20469303927832,1
3138,8.250272293133612,45.51982910725432,0
1187,8.76684640462149,45.38094563014781,1
2712,8.738668791320984,45.56461352059947,1
2210,8.167143904577976,45.67006344743828,0
4458,8.481038672452126,45.058877047400784,1
2630,8.43059547282333,45.78260343764714,0
4385,8.975286428286765,45.2503876833163,1
40,8.440840214601483,45.7660927255602,0
3290,8.590559908126522,45.29432126346677,1
2527,8.890810062656136,45.451201723210495,1
1934,8.57061721289586,45.32904863228757,1
889,8.911439146655487,45.470155883172,1
1240,8.127851097877134,45.58488837004761,0
2946,8.290396211669131,45.871198666004624,0
1257,8.281391201794774,45.85360674600447,0
997,8.078534398446745,45.362826256517614,0
2180,8.764518369920884,45.294017976677196,1
257,8.762649670286292,45.25954169827894,1
289,8.826538166442845,45.603657452456105,1
348,8.335404197135883,45.61790132363786,0
4327,8.795474006776924,45.30572555409628,1
3391,8.68924905610166,45.17310020528682,1
3012,8.488501284615385,45.64662175584234,0
3418,8.528006693109257,45.95801678526567,0
3547,8.62565015413178,45.14394774818056,1
1361,8.650816168017132,45.2026046093894,1
377,8.255667440886686,45.83401188017106,0
1941,8.641866323517728,45.2097867236523,1
2421,8.63375982112533,45.19575607717603,1
2001,8.103029769169778,45.557052862091105,0
2030,8.621833570037516,45.14525059083764,1
1311,8.744132443447027,45.27880222397316,1
1286,8.936823557022715,45.60528230464284,1
3407,8.239220191779765,45.453816992774186,0
1682,8.943283837785282,45.21623783276754,1
2133,8.649799542447555,45.222993669162676,1
1160,8.832831151332813,45.60856748770921,1
900,8.666579853629285,45.24529145957482,1
351,8.310951218858088,45.85715680296395,0
735,8.660105290924404,45.144025122945926,1
1071,8.756250353679642,45.29578764052605,1
4205,8.330463068319666,45.858016737100925,0
62,8.186402587477486,45.73813787721975,0
4846,8.505081508682181,45.09637035645282,1
36,8.482788533094196,45.125546780962495,1
4267,8.644056593546676,45.112980672797576,1
1419,8.13751034066226,45.600073575608576,0
343,8.355969056530824,45.675191478487804,0
2534,8.68328272835844,45.2273757050075,1
3102,8.870335228659357,45.52881167398024,1
2075,8.959371337479944,45.60593273142907,1
3343,8.736062310577491,45.28645681234433,1
4268,8.808818902745731,45.35159547585488,1
4298,8.941212678669583,45.24433254694268,1
4699,8.769137325857034,45.341003019237334,1
547,8.459181575394341,45.81603489234082,0
4217,8.454521680091961,45.783254030757135,0
3291,8.79709830220688,45.294422607363046,1
1183,8.468910949753267,45.12260823779558,1
3401,8.655797391313598,45.1220300488455,1
3404,8.531216284615384,45.74982661330257,0
3691,8.77950935992525,45.60093805648173,1
2654,8.748676767787693,45.323559239372216,1
305,8.401832946197445,45.772970215867204,0
820,8.939110435299476,45.222251877567075,1
1961,8.708048877179058,45.22200700384374,1
4284,8.946968721434882,45.601738963985625,1
4168,8.222435102337245,45.813599616072494,0
4151,8.96394155124418,45.20461517733192,1
1046,8.888089291720199,45.44502319991419,1
3711,8.738490643649536,45.30330088662632,1
3606,8.044711997693845,45.34615255292733,0
2856,8.622384409200672,45.37837418520271,1
1296,8.917656596619981,45.13747391875532,1
2822,8.93119349585762,45.231699444259775,1
4294,8.494812720348337,45.11861631920216,1
3551,8.616675177241504,45.393920684321124,1
4824,8.762392522882827,45.3591525811001,1
4020,8.3174163,45.43346941904726,0
2317,8.199921545167339,45.76196470043909,0
2816,8.435927320016965,45.80817493726582,0
876,8.836917493386443,45.612562917885946,1
1354,8.77839699642811,45.36233784560055,1
2823,8.610540393868126,45.1654327086778,1
3299,8.985588815265666,45.595675789448066,1
2173,8.890767447285985,45.51713390261759,1
4163,8.788255441655735,45.35494216069275,1
1195,8.47936920603245,45.03025828975324,1
542,8.698738458179564,45.18799096476156,1
3294,8.606517797435897,45.82124933095118,0
1969,8.972449801458753,45.583838792322986,1
4146,8.45076963339844,45.8015804351545,0
1423,8.811854273325299,45.59814238464699,1
2635,8.727604354666457,45.295856802709075,1
982,8.660630914463779,45.238307107055064,1
2605,8.294698904163878,45.83925158164445,0
2803,8.121456573370565,45.631306154337295,0
4772,8.315172841230082,45.66358717243989,0
2143,8.222305752021786,45.45917533010199,0
3588,8.94983415498467,45.214186670942276,1
988,8.490616264686453,45.97746931802682,0
2636,8.93317640571511,45.61343398705083,1
92,8.787527793284433,45.36800467447398,1
2226,8.655588987367802,45.232506437039625,1
3176,8.517457260114204,45.19673612757449,1
3201,8.664053266276134,45.178415594162864,1
3434,8.094050062661468,45.617352560065996,0
4342,8.900941101291924,45.4685122212401,1
1181,8.687191571281378,45.21568766790384,1
1627,8.640275381740658,45.179126031647954,1
606,8.737104049332084,45.55219500176791,1
3203,8.504373475917955,45.96762091314146,0
768,8.313413359822984,45.6670115496178,0
2202,8.098378316129237,45.581700303106025,0
1547,8.768564492282596,45.59449281122679,1
1915,8.812121509800326,45.591372582404254,1
3911,8.202929985888906,45.725636271883914,0
2893,8.526680371431954,45.2708886288929,1
1444,8.78178792596214,45.279056530104704,1
3333,8.904434120215015,45.60293457785479,1
2094,8.075630730246694,45.34777008449113,0
3910,8.129168648244386,45.57783039849093,0
4854,8.707815057973434,45.21587913919548,1
2320,8.451335690202141,45.79182816951423,0
1457,8.068916465594484,45.52137626981807,0
4344,8.529128242954586,45.03595706653959,1
1417,8.442698650719862,45.79241489450386,0
4371,8.960532227665258,45.24006701724942,1
3862,8.921280329765688,45.61550945288972,1
927,8.896452810184265,45.47284952395588,1
2761,8.508080166731574,45.198319949084976,1
215,8.825667361500647,45.43007337264353,1
1149,8.884303397404484,45.63341101701212,1
4665,8.530616731755076,45.96229280297772,0
3087,8.101825211442303,45.61590690989451,0
605,8.585868448136944,45.303942459950605,1
328,8.928598685629234,45.60243797626391,1
2045,8.667286979907649,45.10989455845024,1
1151,8.74616865552873,45.3117590049894,1
4116,8.750267931553541,45.318089829515564,1
895,8.265714306113185,45.779459862262634,0
413,8.950686083997548,45.60555098837409,1
2922,8.824652183824654,45.32364127491711,1
1471,8.67375456685008,45.13395582633841,1
4383,8.30073910677761,45.65266566040005,0
2073,8.519963653846153,45.733176234657556,0
4073,8.822973171470363,45.61323517917602,1
2623,8.24501131179712,45.74806757147914,0
3443,8.645213817443015,45.15634022808373,1
1648,8.240394501078177,45.501573687602566,0
3024,8.625753087606595,45.427370399947364,1
1937,8.414391240931725,45.75767378154412,0
1295,8.799109590544385,45.2884125331842,1
1210,8.161756524580726,45.65223858206247,0
2837,8.0826183163204,45.525256242120534,0
502,8.470205355976324,45.12160542753293,1
4868,8.176654361242907,45.67482254094844,0
1129,8.622225834455604,45.357059926812624,1
181,8.253903325178435,45.52517993683075,0
968,8.904079846474513,45.47765519099942,1
3515,8.715480718046535,45.19852431491346,1
769,8.015739389613275,45.38728102554848,0
758,8.485881985752508,45.084215367252234,1
149,8.638775450893192,45.11243712841533,1
1745,8.690943237494466,45.208251295873545,1
4436,8.893141465352999,45.4880346942908,1
985,8.856460837506285,45.40298378884226,1
1973,8.111955709433563,45.62487043049954,0
2927,8.747787337248086,45.359543174839075,1
4446,8.899104904400192,45.44450059895752,1
4427,8.480942838438342,45.956450095259264,0
1604,8.206760711218687,45.75559997681496,0
1711,8.891069828332226,45.44589934420105,1
596,8.109832215605351,45.6302216302087,0
1066,8.792421314993582,45.61091879957532,1
967,8.783733285098277,45.278091500497695,1
4850,8.65456693779079,45.19658092251493,1
2089,8.704277816864549,45.162783483952296,1
3918,8.366930828941774,45.90112360558242,0
4011,8.333921276881469,45.869655035654645,0
1412,8.03430931024682,45.36634448663278,0
2721,8.779250827412325,45.589788492032916,1
29,8.34516450034124,45.88891264205403,0
4293,8.665978018651854,45.15018661737908,1
2235,8.25997440182569,45.81427433145038,0
4396,8.88010177371138,45.4387394325948,1
678,8.178802339703804,45.64931585050908,0
4609,8.922355601208903,45.18051688495233,1
3789,8.735566410839194,45.53768777583092,1
3853,8.60876287791133,45.35400594546116,1
938,8.237221490984108,45.519850699476706,0
3321,8.33901580457918,45.70423887421247,0
4323,8.253264213945823,45.81290253980362,0
3318,8.642793527199846,45.376069851300606,1
1042,8.885996996824437,45.47234457519826,1
3019,8.517752084601797,45.00566707956721,1
4506,8.898527859719787,45.61699542382563,1
2791,8.544014115534026,45.2499234723921,1
4250,8.56269345098586,45.303553669567805,1
4744,8.29114477773453,45.613914907786835,0
636,8.90578681003573,45.15038272749306,1
259,8.500607699404487,45.96639909494649,0
1049,8.445185149899755,45.79502731995035,0
3295,8.517455352072904,45.113861272164435,1
4400,8.231056838327506,45.75860653128685,0
939,8.712982910350771,45.199470736737275,1
3210,8.6216712682991,45.13071554873301,1
2095,8.124522866853276,45.62802006447765,0
1313,8.653037420882765,45.15283959839895,1
2259,8.926720808243648,45.61014922998795,1
4849,8.979592847640442,45.22167489131307,1
2028,8.23457486262114,45.78139316710782,0
1218,8.653447749875157,45.173719427167015,1
1948,8.335483235282142,45.85309972242455,0
766,8.714656617262538,45.19148497576226,1
1171,8.26562479374572,45.814077071558785,0
2335,8.969936146572977,45.20175113668356,1
2687,8.256356851145036,45.47362987232993,0
4639,8.706188306573923,45.54034736122283,1
2394,8.854533594247847,45.63021071513527,1
3574,8.658432193032295,45.204117189295374,1
2662,8.845609262448635,45.42721113289692,1
957,8.889345541929595,45.44506013743227,1
1272,8.932125012921782,45.19797976844208,1
1590,8.24861472040112,45.50171380995932,0
3628,8.78151924047659,45.571807305145825,1
598,8.501635169872891,45.94417475978136,0
1862,8.666183852454617,45.14487692375718,1
946,8.855738019042732,45.60377329128559,1
201,8.933528253554012,45.62306490727586,1
1100,8.730684158876828,45.56947874113332,1
1334,8.119504810744754,45.64442113845652,0
2538,8.377231694774958,45.88947907109359,0
3490,8.9500316887943,45.596060545334254,1
1447,8.299747765478442,45.86830836848831,0
2384,8.723634519485529,45.54176533457005,1
1873,8.770278285748944,45.37799089515362,1
1462,8.294911038461539,45.400168661757235,0
4884,8.898592206830916,45.44163799457729,1
1219,8.094341426899966,45.56581327184052,0
1591,8.50881695637079,45.16814824600606,1
3445,8.257686010563877,45.52175285313364,0
1456,8.949752077524295,45.61862294528199,1
2316,8.685612645445826,45.25866326983083,1
4094,8.806553578928499,45.58940892383224,1
2767,8.51574112814887,45.961060744092606,0
1491,8.050444758206131,45.391434764618694,0
2779,8.100076311779072,45.570584581524734,0
3877,8.886320790873658,45.40592229273107,1
3636,8.193360719873407,45.74039472558817,0
4160,8.670864110255943,45.20753185487446,1
4596,8.994379655954523,45.59183217477155,1
3951,8.897957623922085,45.43928220546043,1
1383,8.506131985923691,45.02767596553206,1
3908,8.696319532449824,45.15652060333281,1
3390,8.267306877541197,45.822991652864964,0
3082,8.307253957154252,45.61879639381087,0
1537,8.873219639428218,45.50890109819526,1
264,8.941437291719676,45.6104769109764,1
4805,8.780292300800822,45.57467939759978,1
3411,8.804514772060692,45.42938023502634,1
2407,8.070781194707534,45.550620342184246,0
1980,8.3359805141514,45.65781099401884,0
4171,8.882696435894793,45.405730881165084,1
4097,8.469028165019358,45.81811869167632,0
562,8.863611094630718,45.39942272621031,1
3699,8.685131713264438,45.15003265483675,1
697,8.333263350730777,45.872136079752494,0
3602,8.061455404278075,45.363683134688536,0
574,8.048946074759067,45.37682552555142,0
1509,8.370484771794873,45.471994180733496,0
996,8.264509024861727,45.49369733024618,0
2848,8.512869811806993,45.93542274062532,0
4635,8.589218365618189,45.27316477158557,1
2452,8.729121438652111,45.19884580433649,1
3615,8.65178120238425,45.174822521393885,1
2932,8.26803705522125,45.49175003122455,0
569,8.85062255560454,45.61339709009417,1
287,8.63789285055051,45.140441481824034,1
4895,8.803213918818317,45.36285174493164,1
4616,8.08542352622713,45.53196388041104,0
3873,8.656983574078202,45.17509070721165,1
3530,8.478951709817347,45.0901589683893,1
3096,8.78204118484604,45.359952434901174,1
2396,8.642534955869593,45.159052122719345,1
4372,8.791539709502796,45.60079412477335,1
2334,8.937998904687932,45.199022125698775,1
2021,8.903959525412452,45.12058307792997,1
3949,8.92165169626945,45.62294098380852,1
2276,8.753008518498246,45.341896200464916,1
3668,8.538433440304374,45.26894662836302,1
4661,8.563621464251051,45.288406904526774,1
2485,8.783415266382526,45.5880602760241,1
3459,8.640045914163537,45.385189563073425,1
3340,8.531112682252678,45.09000385328658,1
3919,8.33277491321971,45.8799376455335,0
2465,8.792371780989733,45.586584313114244,1
1271,8.682725984265998,45.12557811059633,1
1184,8.448657772054608,45.80221458215024,0
2377,8.472055104435844,45.9659355268075,0
1150,8.613401264557693,45.36656690875009,1
1954,8.235132378861563,45.8034400373631,0
1691,8.351414546357741,45.880643275464365,0
4984,8.516664323445669,45.25003697150272,1
1376,8.553979909631394,45.27098794565451,1
1593,8.622694603020898,45.39438862301635,1
468,8.001452313183847,45.37774846503772,0
174,8.078057727209398,45.351227426558935,0
3169,8.661759163383637,45.158053070286975,1
4798,8.853279050856491,45.475171334233046,1
4399,8.16492240979438,45.65636661904416,0
4161,8.100567299319447,45.52279905343856,0
2380,8.81769946818751,45.592749263584324,1
422,8.687559851125904,45.186446007932965,1
1329,8.811730615079158,45.32478625198751,1
734,8.926621147517286,45.60414892074048,1
708,8.162859982556792,45.67141322865121,0
1012,8.642286120878463,45.106944000317384,1
25,8.03637562768809,45.36911546262923,0
4925,8.81183669194001,45.42312544492077,1
2197,8.387046503255071,45.76512481012063,0
2758,8.210800315794662,45.76245165279149,0
1756,8.317988453256488,45.629397270233426,0
104,8.947608393359767,45.23303903387415,1
3743,8.664102797240647,45.18645220296888,1
163,8.537844746407579,45.95017149350037,0
2159,8.417691376923077,45.54184521077703,0
271,8.681642807660657,45.22702694068352,1
3345,8.225085988800169,45.826861230628566,0
4638,8.13575583667208,45.60012090912746,0
2074,8.514890930222515,45.94448782972806,0
2488,8.386771989729462,45.75265331968494,0
2627,8.696887145166649,45.2118954212388,1
344,8.40484794435928,45.77512929892424,0
4841,8.101382232764726,45.57615137734507,0
4498,8.155946171527576,45.64559257249955,0
1987,8.686842802885408,45.23896873202326,1
576,8.7591261659649,45.341271127110126,1
4497,8.016150561642853,45.40895206577621,0
2123,8.50229159965633,45.050457460781224,1
4285,8.509519560515702,45.10139955642873,1
893,8.352149144891793,45.915831029368384,0
2645,8.75943713602941,45.34649510679789,1
520,8.55522774760572,45.29360485245267,1
3248,8.320903156823668,45.64760290273323,0
3211,8.670165940875847,45.24315403753129,1
2416,8.771066492126,45.385299688243215,1
2655,8.789034223198211,45.28751895433706,1
791,8.2533543459479,45.51586981854395,0
2389,8.943636490224522,45.61147147816058,1
1512,8.775975862787266,45.36805526767019,1
4368,8.706189315359069,45.49648948513207,1
1999,8.656145569783972,45.206651741476556,1
2857,8.313471099176354,45.647978821094235,0
1338,8.636298881728731,45.36155147455295,1
525,8.525849094673545,45.20996426778631,1
2933,8.564974176923076,45.79977774923762,0
4238,8.826163879942618,45.59747887592562,1
4394,8.900868956526878,45.16149491061523,1
3934,8.505385995096464,45.197670137089865,1
4907,8.178445420723676,45.704235575776465,0
567,8.399841244202559,45.78640027561487,0
1239,8.471078248602137,45.155505960034105,1
4075,8.230728681146246,45.45264660638177,0
8,8.49494442215479,45.11878839939735,1
274,8.236673886328479,45.44899435175228,0
4668,8.954461170370195,45.21715674167956,1
3999,8.685474645111308,45.17344161718299,1
4645,8.167262449289025,45.662050633253976,0
527,8.82038169681467,45.33428375439799,1
3225,8.021294513456796,45.39992396214246,0
4987,8.404850693649163,45.765194415627874,0
2964,8.331891254527855,45.67979175933191,0
94,8.059129105551946,45.3804764620344,0
2550,8.74923170933121,45.27589737120115,1
255,8.752004346511983,45.29836126751808,1
2473,8.96442945291556,45.60254472022814,1
2374,8.605302922719153,45.37841680740283,1
47,8.481327978086016,45.11819093914993,1
2809,8.032660025537393,45.3533445715489,0
2949,8.494527319254702,45.949672179800956,0
492,8.885711213136892,45.494912543566464,1
1270,8.88253327264085,45.498693204896185,1
1384,8.697137835193926,45.2029494797049,1
2328,8.679679546802134,45.47843531854079,1
3231,8.677466210582256,45.14186618851626,1
207,8.113855517773187,45.566986195248894,0
3966,8.867559969360286,45.379781524736615,1
1465,8.224976649002214,45.4546679805131,0
4826,8.825676973087347,45.32476095599691,1
3084,8.088206249162548,45.58416424708002,0
538,8.035709299919601,45.342087901210235,0
1610,8.908850236879978,45.16615920314442,1
4819,8.91642002098741,45.49037944093816,1
2205,8.133958544304589,45.669350222881285,0
2005,8.759183080554932,45.580112612752956,1
4954,8.519474593832484,45.056761773699925,1
3103,8.340133873541378,45.909636395423426,0
4216,8.064487657122656,45.51749879470284,0
188,8.776126097649817,45.33647295845193,1
2420,8.782448612036385,45.59523082631737,1
990,8.762889454429244,45.317153542816726,1
3190,8.145571675973194,45.63486812564535,0
3580,8.692767412594709,45.488353270931434,1
4257,8.565960762941696,45.279316452168906,1
524,8.686478957613817,45.203753345338185,1
842,8.455827954168582,45.77981697902953,0
283,8.538385645516327,45.2608654923479,1
225,8.638430229614668,45.15957292808057,1
3905,8.15267163043276,45.68701909764512,0
1203,8.52321305317995,45.924537235068016,0
580,8.719972432873,45.480182221553875,1
4410,8.242373793853927,45.76595642554963,0
4045,8.186740568000094,45.71941312582883,0
3373,8.273715605009102,45.496622818489676,0
4336,8.79249649033876,45.35491985209148,1
2871,8.61177852085088,45.38072706823374,1
10,8.986161340079944,45.602455408637,1
4952,8.294479732630457,45.86906438809335,0
481,8.515810576101487,46.0,0
1527,8.80665082051023,45.3552324823728,1
4521,8.036932173208399,45.32402125237503,0
1485,8.967848950618567,45.22502894013496,1
3594,8.312565080508072,45.61978073671252,0
2093,8.631820727202182,45.38108427502811,1
4967,8.660483964283108,45.147559930044196,1
1773,8.605822244951733,45.15956648014476,1
1809,8.731088239581672,45.510922490313156,1
2507,8.545388408091295,45.95767252805531,0
361,8.718557431030707,45.553612754058754,1
435,8.788379645557479,45.62135713226656,1
1643,8.485822872103086,45.94190621999458,0
1350,8.579103164473018,45.29101651003119,1
2905,8.803981757540656,45.32599906527721,1
2410,8.227395253846153,45.300266389887135,0
4188,8.486847113445545,45.1665593126454,1
1440,8.89584092923603,45.451672340096295,1
3218,8.576226807692308,45.81642812788264,0
4118,8.237016263013277,45.46113274635057,0
3973,8.846264591449973,45.410424063575114,1
588,8.893779010918347,45.4596687594189,1
2160,8.923193272272988,45.199768174746346,1
2722,8.79170739629867,45.291983714910266,1
514,8.686229025857815,45.15511056736134,1
3726,8.412039410896801,45.791331287561995,0
1713,8.826568258586368,45.445919750813495,1
2167,8.615188823006612,45.14170408475698,1
4764,8.148796532291092,45.662801518804464,0
2409,8.61945194266265,45.15675677092424,1
2819,8.100074876312357,45.59116134139181,0
2583,8.526585930715498,45.22396598153802,1
4438,8.32752265421676,45.63977686528184,0
3453,8.779181322869743,45.585613769420256,1
4657,8.497681346680451,45.19507894956076,1
2390,8.067965600083731,45.341439629124935,0
1842,8.930289149539202,45.179365905179274,1
3556,8.109236734956927,45.63781926269828,0
411,8.50244357584934,45.98362966982549,0
4584,8.233809273992623,45.4654312984171,0
979,8.692067862032856,45.17249343855064,1
4310,8.612165192372133,45.39275903279726,1
964,8.06310447863584,45.53368861030369,0
198,8.691067312898985,45.22729711643306,1
2832,8.66582849226987,45.174773102850224,1
4659,8.489919773415116,45.11444602479404,1
3028,8.070541354255328,45.53024648377437,0
4801,8.783291024901471,45.37599945207101,1
658,8.793374245676437,45.314003955421,1
1432,8.682540528435224,45.22586604621184,1
2322,8.572548140186507,45.280332499851006,1
3479,8.811801291321958,45.361865616278266,1
908,8.8550614912452,45.39180730186269,1
2786,8.51872237692358,45.93411777992837,0
3680,8.838002681823555,45.34277093626308,1
3367,8.903424938033575,45.15471554833321,1
4960,8.236569458363936,45.460641308749395,0
3278,8.905769253383777,45.15924260245836,1
1182,8.893705415998342,45.6307964221893,1
1721,8.61830726084235,45.17370131634877,1
3900,8.997643174041439,45.57700401705501,1
3353,8.457475365620358,45.78766445824104,0
2771,8.862279774347678,45.42008782893752,1
2144,8.279747827006114,45.53452809968113,0
850,8.658079118577522,45.143947491920144,1
712,8.694627109734942,45.192504318033976,1
1222,8.892388137932102,45.47841981831414,1
2755,8.610194007005397,45.157621055819064,1
3657,8.322691298985598,45.64038696564754,0
2121,8.303213489708352,45.673616567919275,0
819,8.055444612308358,45.36262195184387,0
466,8.065259868934595,45.326930763702265,0
1373,8.567304565918727,45.29000937378612,1
756,8.646059562322133,45.43756010734964,1
3051,8.443639595643184,45.788828441397186,0
3592,8.96588319240371,45.61392171201321,1
3528,8.706259229037359,45.51379318939964,1
2706,8.86892620623964,45.50678260019027,1
3725,8.795624026429108,45.36109140853245,1
2924,8.6301211,45.85617484597295,0
2633,8.563330291407137,45.31242232327836,1
1153,8.551515279042583,45.01686512601896,1
1882,8.645250244143055,45.182084966985194,1
119,8.208350119700077,45.783757290244736,0
1022,8.90689547920568,45.47856785679897,1
3537,8.662806627680784,45.169504325253065,1
3947,8.468098842737467,45.1247620436357,1
2470,8.075512358753715,45.54700343492685,0
4376,8.49648983846357,45.031777397341735,1
1962,8.755364629299526,45.27391701888748,1
732,8.750358297909782,45.25696679399827,1
4065,8.502335683972023,45.17134519300845,1
2417,8.043972625459517,45.36983239355656,0
3282,8.539545637711345,45.26644269655254,1
32,8.905583813613472,45.446842281637856,1
2959,8.713034504931729,45.212487478747555,1
5004,8.09908569095317,45.55683593556225,0
1385,8.636650719150364,45.161622153918955,1
1953,8.122777847929047,45.590805932419094,0
341,8.489780998322823,45.110556437425124,1
1994,8.899951884045235,45.45483080832118,1
3961,8.78773564103606,45.27070321010039,1
2753,8.927520820791848,45.61101729038968,1
1190,8.25948676953184,45.47904399610635,0
669,8.802040975101228,45.318655484743594,1
1576,8.841271852855318,45.47366690781298,1
2813,8.936408726495598,45.63478203981855,1
3828,8.141921523628572,45.677212905125984,0
1939,8.516166257666374,45.0291150948158,1
4856,8.672826214347396,45.15488002727466,1
2953,8.673584160277047,45.45320194296862,1
4963,8.039284278345237,45.34308382478838,0
4484,8.065982470558561,45.383609843925626,0
395,8.100306069417211,45.542771067854055,0
2898,8.634245972456515,45.154688088160356,1
2418,8.800210262672945,45.59214284128437,1
4531,8.35856003476928,45.91957686868692,0
1983,8.26237693011751,45.52983625583679,0
2319,8.906980866288844,45.59789229419778,1
2181,8.31761244795887,45.62050773982852,0
582,8.291311114569044,45.63826399056527,0
4144,8.834917516582866,45.60189235940402,1
5009,8.731349410576676,45.30066045642573,1
1664,8.76634823107758,45.347482424558635,1
4933,8.08455060968132,45.528800101046244,0
2590,8.666393547779972,45.44906235346382,1
1971,8.707469605034687,45.23203209028841,1
251,8.817386901849824,45.605008243103605,1
1554,8.535619127721755,45.00310986514541,1
503,8.103089123249353,45.5541992992672,0
2944,8.297859418976095,45.83991261886096,0
2559,8.664992283243553,45.18481015703099,1
3235,8.487145117858647,45.94396365745775,0
3468,8.658503241042071,45.131999203638074,1
1120,8.906421040031415,45.4722592418753,1
2174,8.042181515653564,45.353939711994094,0
2962,8.493420015922354,45.94850646810166,0
120,8.647577839378043,45.1253453700451,1
125,8.043369369854968,45.34855094079512,0
4861,8.786012991873141,45.29999450898343,1
474,8.866792514894964,45.427878071228896,1
4735,8.773366333112177,45.34168597233255,1
26,8.337933631969275,45.66100503267217,0
1601,8.88068006902665,45.50300263168608,1
870,8.261153146153847,45.35021752582219,0
1458,8.29755913593419,45.63958399404163,0
1316,8.769499857638852,45.3131132183147,1
4949,8.644136119950009,45.179724100134024,1
4912,8.237503836960995,45.79551404234877,0
97,8.837728539048644,45.628863577687035,1
3013,8.547695562714981,45.0176660234437,1
2839,8.590034646313088,45.31867469885086,1
1749,8.72975794397691,45.3279235745139,1
2457,8.867926540126687,45.400242918661064,1
1607,8.661218644088292,45.13640658180854,1
2351,8.522544585824459,45.203697334643195,1
610,8.692535383888789,45.20996000700075,1
3518,8.448834193819682,45.761065887290115,0
2468,8.22091579082548,45.78382500991268,0
2873,8.262078363203912,45.80867503443206,0
3287,8.883862651538957,45.519203896489834,1
3068,8.026347121908303,45.37556077490338,0
3065,8.777474332513037,45.30425553011583,1
3328,8.659773362872023,45.45915791585529,1
197,8.776532490308808,45.347945054616574,1
4886,8.872641261412651,45.519295956315915,1
4275,8.65972890186368,45.180513042032565,1
3166,8.0759698448039,45.5819540722243,0
4591,8.985120004886063,45.249852513317656,1
1771,8.474503749346397,45.983341490705946,0
4959,8.557808588744527,45.003409441831415,1
4499,8.494071076537548,45.179636573487656,1
2715,8.291692849503333,45.86498942819419,0
2994,8.706788480444187,45.515567875699986,1
2508,8.617381484127959,45.32201788532619,1
3927,8.49847747763763,45.93753474203547,0
4701,8.893028841131521,45.10447767969973,1
1331,8.543708289475333,45.047539035108905,1
3118,8.269336961243573,45.834303447252125,0
3421,8.170337462820743,45.709812457767505,0
2563,8.20667793788233,45.738263808901266,0
4879,8.495419774034865,45.18079869849403,1
426,8.435695650825263,45.7655839938523,0
3741,8.628316647381599,45.18609905079099,1
1200,8.548541002354808,45.29174781591579,1
4962,8.70746042488457,45.52053044890306,1
1886,8.612808393953253,45.349962787649204,1
1,8.673992630733675,45.19993101097752,1
3559,8.330287618102105,45.62794154412861,0
4784,8.064723321493389,45.53560231690108,0
1411,8.045682092698032,45.34770528010398,0
1702,8.265005228350168,45.492061499923395,0
1863,8.146972273522412,45.63546013693448,0
4442,8.11345510545298,45.613158934100426,0
1559,8.793638038690709,45.335979826474414,1
1642,8.91531665286,45.61093515867646,1
4239,8.602225084832412,45.36665003004257,1
3,8.325047206255682,45.85700520324786,0
4318,8.716404257178246,45.19222053378004,1
4433,8.625928720717274,45.35309783274961,1
2020,8.44621729148471,45.77508519843489,0
1833,8.085315751012978,45.577759199261635,0
4567,8.963395515807681,45.595662178661634,1
2175,8.686981242485924,45.17236414304375,1
3107,8.16635867568721,45.67928594880549,0
1572,8.375822543362299,45.90070557818724,0
3858,8.311997669525107,45.62888211506095,0
2362,8.86381149260665,45.60586863647725,1
1844,8.83095048555533,45.612285161978654,1
3272,8.563701893312599,45.29451873504213,1
2928,8.811667804467477,45.611905691919375,1
1835,8.580064350100752,45.3078039280861,1
476,8.093125119120671,45.539322328784,0
3168,8.682988070451902,45.14822188888708,1
1415,8.533068587482768,45.94124152530814,0
2939,8.511659684187393,45.08125016730625,1
3575,8.754267474794634,45.32901330245643,1
498,8.631786671819945,45.36844144627352,1
2637,8.720672642172627,45.54465693837921,1
3724,8.645923325954001,45.15955846052922,1
3658,8.83955951716231,45.62076121859266,1
3212,8.34660162957286,45.69098136472895,0
4992,8.714059624367398,45.53583162951606,1
2402,8.757594102301242,45.332722013033546,1
3021,8.880109438023283,45.48129279242081,1
1324,8.720685763355803,45.50846821508228,1
1675,8.889090635281741,45.50927166279825,1
3655,8.653401156236786,45.19179737920494,1
2069,8.322814234154064,45.651878760488216,0
3729,8.146009925203035,45.66444187592916,0
3370,8.956878716422352,45.60747240699279,1
3526,8.193460002564104,45.21005281807023,0
3871,8.416085345922442,45.77840436283364,0
1476,8.782025803242142,45.27203418539103,1
4565,8.78165682887946,45.263193866252344,1
3293,8.529127150223779,45.96319456407343,0
834,8.814490322671267,45.34844948840977,1
822,8.696657312925323,45.24594206869708,1
116,8.239821831471565,45.45792092520135,0
4945,8.874158515700756,45.38713637995136,1
3977,8.650248100185266,45.22457730642683,1
2674,8.644369030833639,45.172805450946115,1
3171,8.892025454859047,45.47436105762421,1
2882,8.910783074793306,45.48476442082731,1
1758,8.64271464191264,45.1305978171556,1
1768,8.246949783877342,45.52930560851464,0
2997,8.890914139893889,45.478233053644225,1
4272,8.494071658280227,45.1469405705781,1
1663,8.32199679958219,45.892430340856414,0
2255,8.28155257766408,45.797654981960584,0
1132,8.650325936425519,45.44930805352241,1
2573,8.528785877940697,45.023827575895936,1
4445,8.262845923085791,45.49082492810622,0
3414,8.663231985636626,45.190411480811576,1
470,8.640822262012607,45.12278327592688,1
890,8.526592414224721,45.96358499998005,0
4737,8.516032518912612,45.953734423776886,0
205,8.348350790639431,45.679186934782145,0
2698,8.611906636002239,45.14449868130225,1
4671,8.741879106053862,45.56633628382878,1
4232,8.41723537200783,45.79937661600103,0
266,8.728871626907369,45.543903784919266,1
4126,8.316896200173854,45.65297311015939,0
394,8.71549610591655,45.55791479905483,1
935,8.648015268062704,45.194006433179354,1
333,8.686230445976747,45.13483037788002,1
2147,8.155196391293847,45.65062037009211,0
2602,8.782652540937713,45.2896291672491,1
2412,8.183473444290481,45.707345800042525,0
2310,8.48140634586757,45.091572759389855,1
171,8.869268747940385,45.50783225815016,1
3567,8.779023294526311,45.36427979941265,1
2277,8.202862818547004,45.74047784789373,0
2747,8.696544275359548,45.218223509163735,1
4226,8.768558905355013,45.253996132227066,1
4943,8.218013406891195,45.78499703060005,0
1786,8.248307019276075,45.538766896318414,0
3356,8.829853629188484,45.35246426432198,1
3767,8.321363872776477,45.65383018875146,0
2906,8.10576903345488,45.56498898730108,0
2835,8.972579838785506,45.59863202275184,1
962,8.39647322660832,45.770878282838254,0
2554,8.28903496649424,45.838841019808385,0
1728,8.793435249417138,45.617414156446685,1
353,8.682899108547636,45.21309914819855,1
858,8.659572370269416,45.13574663846752,1
397,8.301263778299667,45.8773022483709,0
2725,8.89836129855826,45.630734818552405,1
3085,8.52096552153121,45.029001392880616,1
3760,8.897671680702107,45.60816527530011,1
3426,8.89600389047705,45.12068568302551,1
1741,8.94935607714558,45.231670875819056,1
4512,8.688191579309606,45.15283022168497,1
2376,8.519719484814942,45.959098820866984,0
1997,8.854856993713284,45.410357245759364,1
1813,8.217918710844724,45.458642795101085,0
4913,8.453554534418295,45.803252066990474,0
4554,8.226717668340239,45.46487087463553,0
2966,8.052096705014874,45.36587932526037,0
597,8.793594993870972,45.296474742032295,1
1501,8.836640780832317,45.43974961573489,1
1299,8.665429741402496,45.18601642655788,1
1887,8.932458584465083,45.615399447605455,1
3825,8.946615210814265,45.614619220512765,1
3020,8.099609709133102,45.5641651682403,0
1099,8.864558179590428,45.46306535408061,1
3968,8.266502297666229,45.53291633630196,0
3197,8.667627701784152,45.13056798836653,1
2220,8.351886299141388,45.90717512247616,0
2938,8.266076236274587,45.52879606843632,0
3560,8.908864635374123,45.14003315321872,1
2724,8.599079336600713,45.33061923911642,1
273,8.887339440003874,45.44572018117449,1
3735,8.905393585706083,45.17226143970806,1
1422,8.011264537502292,45.37343832163732,0
79,8.230414025758954,45.77631743230823,0
3329,8.342195817147434,45.86367988710831,0
2381,8.906263799207153,45.18056830584289,1
739,8.908672091803254,45.498592392964454,1
3452,8.74710460547239,45.285586619961954,1
3357,8.777714867614234,45.31315054570382,1
1958,8.333446625010785,45.889446926108114,0
3981,8.174213699683255,45.671835400711025,0
1304,8.655407585090416,45.454786104614286,1
2865,8.534266562583392,45.228932626787014,1
3886,8.050358321995601,45.36348345567952,0
52,8.75717362533213,45.569527356171264,1
2253,8.729674569779638,45.2966950157234,1
1814,8.087962227877583,45.51740618954163,0
3840,8.032918200889355,45.36559989486699,0
816,8.428240390476114,45.77988608882144,0
775,8.34179159352924,45.89665363772542,0
1525,8.250653361905785,45.479406959712215,0
2858,8.335169723978057,45.68847095584121,0
51,8.75855519153758,45.289468868300965,1
228,8.539648095752774,45.010640841706156,1
513,8.626428996864158,45.37453464876716,1
1055,8.660410383907328,45.13236635822693,1
340,8.79565093215464,45.608629400869965,1
2820,8.760469837052035,45.28738873758825,1
475,8.168643412444426,45.70072492358449,0
1724,8.209530626615983,45.759889450932334,0
1445,8.895764965324263,45.15049377688293,1
4255,8.819757798034908,45.31500229661145,1
1689,8.693633193557188,45.18066433702483,1
2370,8.721756534404813,45.50501193364195,1
881,8.536579396466205,45.274825635424,1
38,8.396899473702783,45.762820686023964,0
2305,8.502786122764084,45.116608726474865,1
1366,8.617430713961042,45.357494045193,1
3023,8.65248211033364,45.18292726885096,1
4496,8.687772927270357,45.17437125718987,1
3891,8.676443553003041,45.17257906639005,1
1213,8.757813814060276,45.33961654306394,1
2448,8.24020604280269,45.83090398064562,0
4904,8.95823407360638,45.6037550158308,1
1595,8.53701089300448,45.92180883499041,0
1472,8.62423262049012,45.38485444347604,1
4836,8.65151694274148,45.19771840441714,1
760,8.61775511548619,45.16857228736498,1
637,8.811515437656867,45.32288045930632,1
4147,8.046408392327127,45.32746112771883,0
2476,8.858655279183626,45.515256604327625,1
3298,8.888327673275189,45.631393194436754,1
70,8.693276992513226,45.178047913354774,1
1978,8.657004207772893,45.375960975463336,1
4792,8.656768344876923,45.45484504433661,1
4475,8.498383522760562,45.9635023242403,0
4589,8.254102278121042,45.50932912703257,0
1293,8.047392880569802,45.33317812094488,0
4658,8.527909683992913,45.232905771585216,1
3591,8.909462927541865,45.15121110417514,1
3395,8.65159213616581,45.19146548173218,1
1564,8.309384415497405,45.64166874651154,0
4778,8.675017100703759,45.21367654259316,1
3127,8.140236624595717,45.60261016381176,0
3055,8.7128002947255,45.16166236132058,1
3376,8.912901572873121,45.14273243800543,1
316,8.757734767222342,45.361479370100284,1
1531,8.14992441138731,45.68137507524323,0
937,8.493690142635325,45.18952762665917,1
3148,8.778488867798902,45.35801781406076,1
3652,8.317249987495964,45.67741041269826,0
2695,8.739343014030542,45.55767703913309,1
1416,8.255378995338845,45.53108480311758,0
2613,8.485206030894444,45.09172055129888,1
4601,8.66939726390784,45.194022387943335,1
3845,8.672211024758214,45.16650671811872,1
2582,8.770629799694653,45.35205290106072,1
1452,8.514964634348996,45.93497953283902,0
995,8.77007743380378,45.36205869518073,1
2536,8.86355950300975,45.61321424029757,1
963,8.916496949050266,45.629444677351756,1
1228,8.93606915833702,45.14851727840399,1
4206,8.809675175881491,45.619027233206495,1
2240,8.657528207894694,45.216343759968936,1
2192,8.628867733284952,45.14085956325702,1
4346,8.348626683233437,45.683985278598996,0
4802,8.420490483332388,45.780786233381946,0
2214,8.743455886659229,45.30866493013945,1
5012,8.511509767715092,45.21280608069505,1
3187,8.426018752804723,45.767858863230266,0
30,8.604983555065681,45.1483869682854,1
806,8.284979398677143,45.86051654357237,0
660,8.496536945832789,45.92816908759942,0
1748,8.252587775116655,45.81083207497341,0
1716,8.927520825375062,45.62971512250867,1
4359,8.0613268572592,45.51606064937647,0
2584,8.825502509558957,45.33564299628616,1
320,8.627808824269103,45.36829144594482,1
4105,8.883647963739044,45.44406952906258,1
1314,8.678058944442066,45.49134533498666,1
2186,8.332992834651062,45.89354137702971,0
4088,8.743003596649652,45.343942796907754,1
3644,8.671230441261693,45.155524072231195,1
4031,8.22650091584402,45.75537653477343,0
3824,8.737109029998155,45.312860756995185,1
223,8.992410558805135,45.58929274398996,1
958,8.68031037123076,45.23030192392635,1
4733,8.785322984116613,45.37786685106101,1
645,8.485773430765244,45.09743539601306,1
1968,8.698602178200515,45.18285806227361,1
107,8.834126824479034,45.62927957791926,1
2314,8.529277300383386,45.028577018483006,1
350,8.160011559190211,45.70927141371392,0
277,8.500079299108842,45.93659641256276,0
2631,8.508175498135992,45.03013942386543,1
4278,8.121235378981355,45.6518411403496,0
2447,8.641024328466447,45.13281710447346,1
1945,8.269389976766735,45.48859411350224,0
1831,8.248805071499083,45.46075057883473,0
1392,8.625827899155128,45.43076343083763,1
959,8.870266159303862,45.4479148073638,1
3476,8.219952373685684,45.46942271614199,0
1050,8.040535406036867,45.343527214914566,0
3676,8.657349302213575,45.124234489727556,1
832,8.688054983330243,45.47830139667854,1
3322,8.427232373620415,45.75675049414021,0
3330,8.79742950444929,45.30799247519484,1
1767,8.520756107402224,45.95268233833353,0
3416,8.848167854662899,45.427441741694565,1
1165,8.854353419624783,45.49747153460605,1
617,8.115856026705197,45.58024735389137,0
3815,8.073238151181002,45.54809288681002,0
2281,8.279756202639751,45.84460201278579,0
4566,8.237939201024847,45.47186597743197,0
2163,8.179109437854034,45.68142997003731,0
4624,8.252452762039521,45.76750442387964,0
3003,8.7319345760486,45.573818643968124,1
603,8.655330766157691,45.11771850208618,1
1290,8.703095144722445,45.4901256954241,1
700,8.642579733777083,45.42047550470936,1
2044,8.531719027339815,45.242623960732026,1
4790,8.695737312433893,45.514260026451204,1
3821,8.282529993347321,45.83863983525439,0
846,8.867557277603268,45.453003678275635,1
1340,8.268996160043395,45.84289465227077,0
2070,8.50372083470542,45.929325707335224,0
1520,8.32150058955106,45.64869005892555,0
2525,8.877267167772839,45.39385123144133,1
2890,8.642121377976903,45.15167285471187,1
454,8.77403792407999,45.314005755472444,1
744,8.09955581098991,45.58557481688971,0
695,8.735871920790398,45.3055699597397,1
4387,8.133826045915013,45.63505983134524,0
4320,8.668352614132946,45.13415987927162,1
1390,8.633012438675062,45.14835214720936,1
4941,8.694193451121668,45.515996260245856,1
2372,8.670119800436053,45.135246779637455,1
337,8.72959253886531,45.548675046584876,1
2206,8.790805676242915,45.289140832159134,1
3406,8.33609486381108,45.63971610858861,0
1024,8.894206793403773,45.464445846742635,1
86,8.695685045964197,45.483145108351806,1
940,8.450196750056184,45.812933960775624,0
440,8.716446972653106,45.19589138002899,1
2838,8.510331488410985,45.97673688709347,0
1499,8.519750733131701,45.039077358351086,1
3419,8.092771883881758,45.58102328738012,0
157,8.798274776499545,45.30318979311832,1
3751,8.039109496046912,45.35062921117865,0
3066,8.769977994440831,45.307486627740715,1
2549,8.242977681069421,45.4973888217023,0
3301,8.50007782391449,45.13868743987337,1
3757,8.868142922689973,45.410097228887295,1
4899,8.209254442852925,45.76862144430938,0
2665,8.50299020021224,45.184271968131455,1
1281,8.492824221322238,45.954564031456385,0
166,8.068692082098465,45.52363147428514,0
4782,8.736893038129612,45.316278052364574,1
1867,8.765753702403327,45.31866305801707,1
2977,8.520093215663579,45.08033705824749,1
1289,8.330969996174932,45.656613022005914,0
3599,8.679616253482834,45.46018098705418,1
1600,8.487255995812836,45.120865136351426,1
1753,8.181608920487891,45.72743761409189,0
1492,8.768468889667195,45.35725675343615,1
2532,8.476276610220506,45.95304176353699,0
1217,8.685047599799177,45.141318725130844,1
1027,8.255356389802515,45.54989676426638,0
4766,8.418993467924858,45.76841728448604,0
4937,8.775237033020757,45.32280896965507,1
1095,8.772125230708701,45.59451305411737,1
1656,8.101025226906714,45.557412434381654,0
3748,8.262664544778193,45.81474099754969,0
3310,8.443025593811102,45.78493364604736,0
4143,8.694344494575645,45.50360986869303,1
2872,8.898660856213985,45.442728563423955,1
1494,8.855918520502298,45.45480919114128,1
595,8.630615864533576,45.1763485036588,1
558,8.270824764735876,45.813298630906864,0
453,8.165550242274183,45.681292508468935,0
3372,8.292083880959533,45.854913088998785,0
551,8.120616726322526,45.56044553489042,0
4111,8.950870844628238,45.22083367022794,1
4139,8.727374068771677,45.30833216120256,1
1450,8.660122787163079,45.13306460873464,1
715,8.653425378376259,45.179951886308274,1
3851,8.769212197694056,45.586640717123096,1
4444,8.857679707518592,45.62126006475046,1
2542,8.297275064678733,45.63758976243058,0
4096,8.807381067831049,45.344093420362185,1
3759,8.407042149793547,45.75364134028752,0
3180,8.565810693810668,45.28911163799509,1
176,8.327356578907592,45.898406206915695,0
536,8.630917680862826,45.377437750545816,1
640,8.889201892780074,45.507097795094424,1
2405,8.71759271938207,45.19720680169347,1
3714,8.671817578940999,45.48354747942376,1
326,8.59124968176685,45.35403905037884,1
2671,8.479079443658833,45.10772772589479,1
2104,8.65997615319999,45.20688456834662,1
3669,8.916630861355054,45.6297789518451,1
703,8.289059361583886,45.83259946892029,0
776,8.503450786130568,45.951022948876044,0
4919,8.95818663178256,45.61688266733079,1
949,8.896480693523579,45.12747064063961,1
1405,8.679072303825066,45.15596185882664,1
966,8.273857023220822,45.46599700902086,0
1123,8.661373887870417,45.1220845606596,1
2492,8.56762530656634,45.26675923087322,1
1780,8.667644485739004,45.16769093474397,1
1135,8.02884051265903,45.38594693018517,0
4413,8.560580148703874,45.294245352070284,1
1276,8.706118858322046,45.49670831140836,1
4740,8.082098381868535,45.55901460655909,0
869,8.675911969239568,45.14139531008032,1
1574,8.681893393969284,45.229346621481035,1
2632,8.818135333747826,45.34409731280404,1
4135,8.781526317386472,45.281860862645715,1
4421,8.91815541221024,45.641331907414255,1
2511,8.74413904534629,45.533978264214646,1
2490,8.062298180905335,45.36873085573959,0
552,8.805913392503848,45.59466731536626,1
2415,8.341029971047206,45.68768787432467,0
5006,8.473723553985607,45.13533298865135,1
2705,8.693288223315726,45.509907393594766,1
2177,8.33814187395537,45.8536453459559,0
1789,8.823795630600547,45.42299237574286,1
