,id,subtaskID,answer
0,1,1,MATEMATICA MATE-INFO
1,2,2,2022
2,120760,3,8.031786467088585
3,120761,3,6.940590822643313
4,120762,3,8.601772861467799
5,120763,3,8.812507092088845
6,120764,3,8.551336007365485
7,120765,3,8.885851467310143
8,120766,3,9.312218997994929
9,120767,3,9.219090864672067
10,120768,3,8.78860276993434
11,120769,3,9.108331996484106
12,120770,3,9.00194651481414
13,120771,3,8.813012523591066
14,120772,3,8.229793854469996
15,120773,3,9.16826924528869
16,120774,3,9.16922460345044
17,120775,3,8.953294784611671
18,120776,3,9.253772552757091
19,120777,3,8.977358390553183
20,120778,3,8.669990235882622
21,120779,3,9.152069384443676
22,120780,3,8.999071970821355
23,120781,3,9.097333463735229
24,120782,3,8.954091475516154
25,120783,3,8.96912717772239
26,120784,3,8.23317493904737
27,120785,3,8.845320657982034
28,120786,3,9.211641786914265
29,120787,3,9.270673347319395
30,120788,3,7.046686446655971
31,120789,3,9.187981869824297
32,120790,3,9.047976355118914
33,120791,3,9.18092909797035
34,120792,3,9.167541330158281
35,120793,3,9.196296809649231
36,120794,3,8.924662666416708
37,120795,3,9.175862595531571
38,120796,3,9.285198587002895
39,120797,3,9.173134408307824
40,120798,3,9.16427612975292
41,120799,3,8.55388039722759
42,120800,3,9.115483353645674
43,120801,3,8.64079200059204
44,120802,3,8.311701521800405
45,120803,3,8.988268246165434
46,120804,3,9.037966144181924
47,120805,3,8.91064863386305
48,120806,3,9.173310833040286
49,120807,3,9.137147963445832
50,120808,3,9.250440838785305
51,120809,3,9.223160390812339
52,120810,3,8.706138501146905
53,120811,3,9.267656313420783
54,120812,3,9.018303904006716
55,120813,3,8.905904913880539
56,120814,3,8.672110827644133
57,120815,3,8.921713432324655
58,120816,3,8.645953939587546
59,120817,3,9.159759164522553
60,120818,3,9.070452594935855
61,120819,3,9.297738704528063
62,120820,3,9.309522072603546
63,120821,3,9.001904725430716
64,120822,3,9.18352078751151
65,120823,3,9.248120009491151
66,120824,3,8.797279270562164
67,120825,3,8.660388946823163
68,120826,3,9.310137472491466
69,120827,3,8.978062538562881
70,120828,3,7.209635913414128
71,120829,3,7.148443909424553
72,120830,3,4.581166821525429
73,120831,3,9.145985625455456
74,120832,3,9.057225553770914
75,120833,3,8.968135392035258
76,120834,3,9.393411680883906
77,120835,3,8.71364920051129
78,120836,3,8.336410642550618
79,120837,3,8.336410642550618
80,120838,3,8.47092355435502
81,120839,3,9.1194651878279
82,120840,3,8.74365269418428
83,120841,3,9.16493105930791
84,120842,3,9.155035836150116
85,120843,3,8.833879466570723
86,120844,3,8.075068078180719
87,120845,3,8.988750873964662
88,120846,3,8.474519068639765
89,120847,3,9.117476202452686
90,120848,3,8.845938192210221
91,120849,3,8.484548873696394
92,120850,3,8.667688541196464
93,120851,3,8.44928990276388
94,120852,3,9.067958423952035
95,120853,3,8.587136629410784
96,120854,3,8.50261684953232
97,120855,3,8.942681808699325
98,120856,3,8.831817107410068
99,120857,3,9.22331817241609
100,120858,3,8.782213906994851
101,120859,3,8.333784073695046
102,120860,3,8.636905828851912
103,120861,3,9.071667597578678
104,120862,3,9.257549549866075
105,120863,3,7.74497527168577
106,120864,3,8.936279570347509
107,120865,3,8.908855811644889
108,120866,3,8.681865924421707
109,120867,3,8.719584126593762
110,120868,3,8.719584126593762
111,120869,3,8.955348363814217
112,120870,3,8.940127290464167
113,120871,3,8.873576954276189
114,120872,3,8.972328597903235
115,120873,3,8.778171567561067
116,120874,3,8.593928542625362
117,120875,3,8.618142727502418
118,120876,3,8.434539070465535
119,120877,3,8.83284907001756
120,120878,3,8.416596406130743
121,120879,3,8.42643526191844
122,120880,3,5.334660149127407
123,120881,3,8.696094116051412
124,120882,3,8.584156993103544
125,120883,3,8.43915780957182
126,120884,3,8.795438697694934
127,120885,3,9.002722511871582
128,120886,3,8.794927141770419
129,120887,3,8.736634930728178
130,120888,3,9.28973596011552
131,120889,3,5.902365088885445
132,120890,3,8.772428338636296
133,120891,3,9.054063554278448
134,120892,3,8.705213033730304
135,120893,3,8.11609780228611
136,120894,3,6.73455803376588
137,120895,3,8.543564874918767
138,120896,3,8.731013333711351
139,120897,3,8.786685289185096
140,120898,3,8.44494115584096
141,120899,3,8.616663051351416
142,120900,3,7.030614012036493
143,120901,3,8.44800605770168
144,120902,3,8.615696230366034
145,120903,3,8.754367892442911
146,120904,3,8.967429186372156
147,120905,3,8.601512459438302
148,120906,3,8.207252617789868
149,120907,3,8.583245853941538
150,120908,3,8.833556034195048
151,120909,3,7.717852882100816
152,120910,3,9.071455739154626
153,120911,3,8.459722416382752
154,120912,3,9.150445918414288
155,120913,3,8.85412665817416
156,120914,3,9.188607372627882
157,120915,3,8.865543122474572
158,120916,3,8.336597497458953
159,120917,3,8.888622189782716
160,120918,3,8.604434980137393
161,120919,3,9.156997491332952
162,120920,3,8.915258846734407
163,120921,3,9.037929765494251
164,120922,3,8.702157835146236
165,120923,3,8.856003645639564
166,120924,3,9.05714837063011
167,120925,3,8.3380591864509
168,120926,3,8.416584825009775
169,120927,3,6.454868813694591
170,120928,3,8.661086786286301
171,120929,3,9.098636415808935
172,120930,3,8.753137473573942
173,120931,3,8.776309770047794
174,120932,3,8.503143869372234
175,120933,3,7.726974096710338
176,120934,3,8.979704967797078
177,120935,3,8.720969840670705
178,120936,3,8.789151580739809
179,120937,3,8.765803835446482
180,120938,3,8.919033201328418
181,120939,3,7.536387048150296
182,120940,3,7.050831447109595
183,120941,3,9.113134577516739
184,120942,3,8.306535049512924
185,120943,3,8.799205293737765
186,120944,3,8.484013381641919
187,120945,3,9.025606410297275
188,120946,3,8.092222865000593
189,120947,3,9.192544900491646
190,120948,3,8.174371530263809
191,120949,3,9.020181664695706
192,120950,3,8.105062542573085
193,120951,3,8.573808652854927
194,120952,3,7.7379737694324096
195,120953,3,8.188206938683278
196,120954,3,8.230252052804914
197,120955,3,8.301112542912426
198,120956,3,7.534015447664541
199,120957,3,8.582878137549997
200,120958,3,8.957414477620057
201,120959,3,8.905223927113676
202,120960,3,8.186290212041978
203,120961,3,8.871269673936546
204,120962,3,8.372117148139461
205,120963,3,8.253495087478054
206,120964,3,7.009486344998351
207,120965,3,8.569265665951843
208,120966,3,8.57268427114433
209,120967,3,8.57268427114433
210,120968,3,8.778174928770264
211,120969,3,8.347258369706333
212,120970,3,7.951179385160938
213,120971,3,8.509433573875455
214,120972,3,8.740417178817644
215,120973,3,8.502598766359721
216,120974,3,8.802448260632936
217,120975,3,7.438573753329804
218,120976,3,8.637922100219138
219,120977,3,8.462913482441484
220,120978,3,8.320100776174218
221,120979,3,8.458830072501627
222,120980,3,7.798368534340913
223,120981,3,7.899519485615881
224,120982,3,8.437494027548107
225,120983,3,6.920308352862464
226,120984,3,8.242620284011252
227,120985,3,8.250772633522107
228,120986,3,8.695586709399858
229,120987,3,8.742612387846494
230,120988,3,8.180243651511637
231,120989,3,8.001648265221355
232,120990,3,8.547671226075007
233,120991,3,8.906631499329734
234,120992,3,8.3351142567922
235,120993,3,8.364681857217493
236,120994,3,8.428039942267407
237,120995,3,8.54468190641732
238,120996,3,8.195702652875084
239,120997,3,8.36730203180168
240,120998,3,8.801185348786005
241,120999,3,8.845428373026422
242,121000,3,8.176954591532931
243,121001,3,8.143895889686034
244,121002,3,7.993072108816939
245,121003,3,8.99115708605713
246,121004,3,8.287232361186174
247,121005,3,8.712903108904046
248,121006,3,8.220272976258615
249,121007,3,8.553659764335363
250,121008,3,8.068558794773866
251,121009,3,8.746588281217722
252,121010,3,8.099690779817742
253,121011,3,8.6934281373175
254,121012,3,8.484145586512517
255,121013,3,8.590056957202167
256,121014,3,8.576341530870565
257,121015,3,8.748947424603482
258,121016,3,7.718893704454658
259,121017,3,8.56599309465939
260,121018,3,8.15214666332703
261,121019,3,8.012115044679971
262,121020,3,8.5365908237171
263,121021,3,8.59873825886743
264,121022,3,8.505703397244242
265,121023,3,8.063188921499009
266,121024,3,8.432934750760188
267,121025,3,6.922042714957973
268,121026,3,8.642086645479514
269,121027,3,7.332242977602674
270,121028,3,8.371868198989493
271,121029,3,7.982990753941181
272,121030,3,8.265676160614039
273,121031,3,8.530128909177208
274,121032,3,8.167006512256583
275,121033,3,8.202216101415873
276,121034,3,7.557588359362201
277,121035,3,8.279677793476193
278,121036,3,7.977734630470246
279,121037,3,7.5538909431825605
280,121038,3,7.569149982787682
281,121039,3,7.642914925520833
282,121040,3,7.8917664083522
283,121041,3,8.116582475614678
284,121042,3,8.828688412849118
285,121043,3,8.79580645707985
286,121044,3,8.077713906364847
287,121045,3,7.878630050034655
288,121046,3,8.365501744788286
289,121047,3,8.335567317077397
290,121048,3,9.048790111619187
291,121049,3,7.734770015788933
292,121050,3,8.51132509424143
293,121051,3,7.685924589922544
294,121052,3,8.563299863353578
295,121053,3,8.408574167176488
296,121054,3,8.30569793071005
297,121055,3,8.36588254376215
298,121056,3,8.325212647007257
299,121057,3,7.841377951260986
300,121058,3,8.210415119599423
301,121059,3,8.119863433981191
302,121060,3,8.64339721901038
303,121061,3,8.174703244730058
304,121062,3,8.366388057612491
305,121063,3,7.8398182927106985
306,121064,3,8.510410128168967
307,121065,3,8.875393020052991
308,121066,3,8.55768434389773
309,121067,3,8.350055614629435
310,121068,3,8.511937668943007
311,121069,3,8.15937765459105
312,121070,3,8.438629629014487
313,121071,3,8.419112762895766
314,121072,3,8.446579629366735
315,121073,3,8.350013894434943
316,121074,3,8.421764048602245
317,121075,3,8.674816629226216
318,121076,3,8.627831782575608
319,121077,3,8.64031165383145
320,121078,3,8.126553064293516
321,121079,3,8.011425418535474
322,121080,3,7.3510772597478935
323,121081,3,7.588952353063151
324,121082,3,7.507609737540843
325,121083,3,8.345008524338395
326,121084,3,8.053056123183937
327,121085,3,8.381628106146342
328,121086,3,7.9077354072868395
329,121087,3,8.19892610071642
330,121088,3,7.123036968164919
331,121089,3,8.327472990535947
332,121090,3,8.90663398056841
333,121091,3,5.686961014368998
334,121092,3,6.759678225060453
335,121093,3,8.2379009875164
336,121094,3,8.39371180288787
337,121095,3,8.172931775471415
338,121096,3,8.343209312114446
339,121097,3,8.671128008516463
340,121098,3,7.973244113188952
341,121099,3,7.640821906626172
342,121100,3,8.501247714926945
343,121101,3,8.317994725872635
344,121102,3,7.931926849509615
345,121103,3,7.850619550095859
346,121104,3,8.334817890381995
347,121105,3,7.311944949788825
348,121106,3,8.36008307429509
349,121107,3,7.495184265416202
350,121108,3,8.213748126448866
351,121109,3,8.233202437519406
352,121110,3,7.858496380246298
353,121111,3,7.835213861814639
354,121112,3,5.852837250673771
355,121113,3,7.650145314228879
356,121114,3,5.645841021093036
357,121115,3,7.563681435370889
358,121116,3,8.181172631979168
359,121117,3,7.655531950682627
360,121118,3,7.2328884430970275
361,121119,3,7.234035690190976
362,121120,3,7.686396288264492
363,121121,3,6.921884711531947
364,121122,3,8.145921182924301
365,121123,3,8.49194087567527
366,121124,3,7.7439109223764255
367,121125,3,7.1168186801649185
368,121126,3,7.789482951373187
369,121127,3,8.00211718325851
370,121128,3,7.025516681776298
371,121129,3,7.832763474916374
372,121130,3,8.425633415294744
373,121131,3,8.037807644817681
374,121132,3,7.7604309366318525
375,121133,3,8.749974082340266
376,121134,3,8.02040854313825
377,121135,3,8.176682143098436
378,121136,3,8.491536341879568
379,121137,3,8.11699871924047
380,121138,3,7.645017599445815
381,121139,3,7.932259526806437
382,121140,3,7.6276124541165125
383,121141,3,8.28648506019707
384,121142,3,8.098494505034132
385,121143,3,7.709752842569793
386,121144,3,7.478320740770996
387,121145,3,8.202040586689769
388,121146,3,7.646391220929642
389,121147,3,7.954972490380843
390,121148,3,6.564957340514854
391,121149,3,5.412048901802837
392,121150,3,8.292150073754323
393,121151,3,7.6327166959323565
394,121152,3,7.461119700583359
395,121153,3,7.9014166601532345
396,121154,3,8.136029235378196
397,121155,3,7.838868931287721
398,121156,3,8.061054309082044
399,121157,3,8.004149312958607
400,121158,3,7.14919740230237
401,121159,3,7.099006278419545
402,121160,3,8.168109638394757
403,121161,3,7.896344935210698
404,121162,3,5.673467853946528
405,121163,3,7.206177279732164
406,121164,3,8.236663271459838
407,121165,3,7.81691686730429
408,121166,3,7.560901616032298
409,121167,3,7.749717973056702
410,121168,3,7.26604697064014
411,121169,3,7.809755654299039
412,121170,3,8.020385519287373
413,121171,3,8.083219877144824
414,121172,3,7.640742041860658
415,121173,3,7.252809485207407
416,121174,3,6.9552787105688
417,121175,3,7.497194945888726
418,121176,3,8.734301520728755
419,121177,3,7.620625648767146
420,121178,3,7.266296486643774
421,121179,3,7.393666398279461
422,121180,3,8.422406201318415
423,121181,3,7.547936044410462
424,121182,3,8.381725206193288
425,121183,3,8.145519993878576
426,121184,3,8.359920034801926
427,121185,3,7.583926808987863
428,121186,3,7.340859333253096
429,121187,3,6.701014350494238
430,121188,3,7.229518287159993
431,121189,3,7.198609913629278
432,121190,3,7.17243750088737
433,121191,3,8.090464841605208
434,121192,3,7.997311534632575
435,121193,3,7.879645763432699
436,121194,3,7.321352543777161
437,121195,3,7.317113975158929
438,121196,3,7.128148919491557
439,121197,3,7.7371282971590185
440,121198,3,7.610730113484833
441,121199,3,7.304907246372549
442,121200,3,7.24450140195441
443,121201,3,8.026732232599233
444,121202,3,8.151961195682428
445,121203,3,6.967081660460041
446,121204,3,7.721408159515201
447,121205,3,8.068911309010222
448,121206,3,7.577229640103376
449,121207,3,7.283849306004683
450,121208,3,6.951648630726927
451,121209,3,7.070422807050495
452,121210,3,7.6127997503441165
453,121211,3,6.422945519668784
454,121212,3,7.580388946370456
455,121213,3,7.3402044744461765
456,121214,3,7.61024587003111
457,121215,3,7.427710051904451
458,121216,3,7.139481940742861
459,121217,3,6.838721731422524
460,121218,3,6.720282733843192
461,121219,3,8.1597151710799
462,121220,3,7.358089548797018
463,121221,3,7.3035018243667205
464,121222,3,7.101247257577292
465,121223,3,7.636484300069751
466,121224,3,7.511722012518236
467,121225,3,6.911240301181432
468,121226,3,7.581352971883124
469,121227,3,8.104843799402548
470,121228,3,6.738794937171811
471,121229,3,7.754270048102965
472,121230,3,6.5608092998586045
473,121231,3,6.416489067103335
474,121232,3,7.3057465002127655
475,121233,3,7.651088530415995
476,121234,3,6.263815695645198
477,121235,3,7.270114957885143
478,121236,3,7.021217727118682
479,121237,3,7.521515331207056
480,121238,3,6.844820837659968
481,121239,3,7.415872414154544
482,121240,3,6.860542636621198
483,121241,3,7.1774817154744825
484,121242,3,7.187436542553439
485,121243,3,7.824903502749101
486,121244,3,7.716601619443324
487,121245,3,7.517608604804122
488,121246,3,7.519623707817961
489,121247,3,7.091483485668851
490,121248,3,7.280220521456431
491,121249,3,6.811073148516051
492,121250,3,7.549602697157939
493,121251,3,6.753709484434596
494,121252,3,6.509725874664463
495,121253,3,7.242552735866428
496,121254,3,7.371750842989479
497,121255,3,6.948859892815671
498,121256,3,6.76408640520221
499,121257,3,7.934537703318649
500,121258,3,7.390839170214348
501,121259,3,6.66556465027289
502,121260,3,7.725095840631048
503,121261,3,6.97306071156229
504,121262,3,7.064133353604426
505,121263,3,6.4240211328869306
506,121264,3,6.767747417710726
507,121265,3,7.259286886173591
508,121266,3,7.018509946153206
509,121267,3,6.768887865439849
510,121268,3,6.475311339704026
511,121269,3,6.9078288284391105
512,121270,3,7.292587121918278
513,121271,3,7.002595813131831
514,121272,3,6.802382922093896
515,121273,3,7.270561922672781
516,121274,3,7.836273978454435
517,121275,3,6.731848576320115
518,121276,3,7.607237099979919
519,121277,3,7.304154729754037
520,121278,3,7.6935506816653
521,121279,3,6.916437447677771
522,121280,3,7.700863929187132
523,121281,3,7.33914858987027
524,121282,3,6.853701155519212
525,121283,3,6.923176033600685
526,121284,3,6.220488070051417
527,121285,3,6.258629045103797
528,121286,3,6.599005125643785
529,121287,3,6.719079448427839
530,121288,3,6.628073946816064
531,121289,3,6.024656439054967
532,121290,3,6.227134329585812
533,121291,3,7.036098033015171
534,121292,3,6.5296647288618175
535,121293,3,7.184999741413122
536,121294,3,7.646934646965705
537,121295,3,6.606882813738858
538,121296,3,6.606882813738858
539,121297,3,6.606882813738858
540,121298,3,6.580441788584465
541,121299,3,6.435907277610894
542,121300,3,6.792398220635752
543,121301,3,6.912828992345324
544,121302,3,7.433010991425115
545,121303,3,6.902377325714911
546,121304,3,8.198454832417397
547,121305,3,6.6788558372428595
548,121306,3,7.175650469379385
549,121307,3,6.701423509293805
550,121308,3,7.177922758103869
551,121309,3,6.730995356709609
552,121310,3,7.516459381934646
553,121311,3,6.67852962285401
554,121312,3,6.534946384604693
555,121313,3,7.1999389836867875
556,121314,3,6.0533702897886945
557,121315,3,7.2393772953961175
558,121316,3,6.581616605740205
559,121317,3,7.119526315414257
560,121318,3,7.338290160569305
561,121319,3,6.765108661757526
562,121320,3,6.665090222428287
563,121321,3,8.100816734013204
564,121322,3,6.874571413797829
565,121323,3,7.907552147791115
566,121324,3,7.039325727973979
567,121325,3,6.045664560260424
568,121326,3,6.486771134165053
569,121327,3,6.438348098804543
570,121328,3,7.369724731902849
571,121329,3,6.687135252034261
572,121330,3,6.755783125483187
573,121331,3,6.347153346299419
574,121332,3,7.655583256573611
575,121333,3,7.257935079260196
576,121334,3,7.926850874684068
577,121335,3,6.997556339261804
578,121336,3,7.096239636054403
579,121337,3,6.219216690410725
580,121338,3,7.196280105962028
581,121339,3,6.996751786383223
582,121340,3,6.651711365534598
583,121341,3,8.16178492302772
584,121342,3,6.353569855354522
585,121343,3,6.365852894388654
586,121344,3,6.607674434499208
587,121345,3,6.210340491264154
588,121346,3,7.050777905362946
589,121347,3,6.9633857545724895
590,121348,3,6.511851347622175
591,121349,3,7.21966815320097
592,121350,3,6.09288884758801
593,121351,3,6.719971763767759
594,121352,3,5.826150293985877
595,121353,3,6.167089253685402
596,121354,3,6.869637006262315
597,121355,3,5.939355222965313
598,121356,3,6.559900488552483
599,121357,3,6.291775352023607
600,121358,3,6.321884620897277
601,121359,3,6.371604671405394
602,121360,3,7.0221633403020896
603,121361,3,6.709385667526504
604,121362,3,6.737718537785763
605,121363,3,6.725888480130509
606,121364,3,6.457905173559527
607,121365,3,6.137750089359935
608,121366,3,6.504601974090426
609,121367,3,6.2770940777071855
610,121368,3,5.865386294825448
611,121369,3,6.29890376209352
612,121370,3,6.917245396171516
613,121371,3,6.514287947697213
614,121372,3,6.181464088063603
615,121373,3,5.997822222737424
616,121374,3,6.678147429061452
617,121375,3,6.302852980891369
618,121376,3,7.187663020350114
619,121377,3,6.639338317675464
620,121378,3,6.046409864416724
621,121379,3,6.122988748026036
622,121380,3,6.118495768426909
623,121381,3,7.47064868052199
624,121382,3,6.5388102417727945
625,121383,3,5.238432424111133
626,121384,3,7.024767935964251
627,121385,3,6.577539794401767
628,121386,3,6.2090718076638405
629,121387,3,7.846276399755136
630,121388,3,6.349693602030531
631,121389,3,5.9289273980339425
632,121390,3,6.384367135933226
633,121391,3,6.923109368337358
634,121392,3,6.449080730297062
635,121393,3,6.389056919198363
636,121394,3,6.801510192457023
637,121395,3,5.1642559676915525
638,121396,3,6.381266324448231
639,121397,3,6.712889613628854
640,121398,3,5.995514567932128
641,121399,3,7.086624619349092
642,121400,3,8.287271972653238
643,121401,3,6.200332176872654
644,121402,3,6.432527055817786
645,121403,3,6.351225036414896
646,121404,3,6.520275445766581
647,121405,3,6.51625212826214
648,121406,3,5.6092884688351266
649,121407,3,6.425991975707674
650,121408,3,6.828312131883224
651,121409,3,6.582169429207376
652,121410,3,6.293789750555929
653,121411,3,6.527338585825155
654,121412,3,6.502971775832813
655,121413,3,5.666609722333787
656,121414,3,6.196970192421662
657,121415,3,6.575027131515253
658,121416,3,6.830923921358928
659,121417,3,4.648019360690039
660,121418,3,6.367595914513349
661,121419,3,5.78471129894586
662,121420,3,5.967054250157571
663,121421,3,5.475850955501873
664,121422,3,6.762853262011267
665,121423,3,5.9113085962232015
666,121424,3,6.23967371140907
667,121425,3,6.320658424030878
668,121426,3,6.676460548188097
669,121427,3,6.1734199376324215
670,121428,3,6.157494628664585
671,121429,3,6.023831700109755
672,121430,3,6.2956106175384186
673,121431,3,5.555115932592398
674,121432,3,5.828651404813389
675,121433,3,5.812173356077564
676,121434,3,5.943213831008689
677,121435,3,7.09274552084308
678,121436,3,7.153928416872424
679,121437,3,6.315720415540362
680,121438,3,6.349177108157492
681,121439,3,7.307885805401949
682,121440,3,6.35707179019906
683,121441,3,7.949484051261384
684,121442,3,5.943050530559646
685,121443,3,7.170652393638138
686,121444,3,6.352393340387026
687,121445,3,5.718775594334974
688,121446,3,4.8146779297385836
689,121447,3,5.4166135794881285
690,121448,3,5.592596809892003
691,121449,3,5.786121397085771
692,121450,3,5.761316244049138
693,121451,3,5.993557765635146
694,121452,3,7.082574842798508
695,121453,3,5.765829784308637
696,121454,3,5.912894466885355
697,121455,3,6.5833805022718686
698,121456,3,5.907097522885302
699,121457,3,6.2340601686149535
700,121458,3,5.104590350701802
701,121459,3,5.711809687242245
702,121460,3,6.0603251082006855
703,121461,3,5.571163300379311
704,121462,3,5.268909471576018
705,121463,3,6.515158891865926
706,121464,3,5.866670190162552
707,121465,3,5.504194322979712
708,121466,3,6.1841329184983085
709,121467,3,7.076448544242655
710,121468,3,6.26605039282043
711,121469,3,5.841413958318481
712,121470,3,5.4469991842863426
713,121471,3,6.075200011874647
714,121472,3,5.5459351012508185
715,121473,3,4.761035708050221
716,121474,3,4.761035708050221
717,121475,3,4.761035708050221
718,121476,3,5.71382393991935
719,121477,3,5.623529630633347
720,121478,3,5.486526674390032
721,121479,3,5.772152755585354
722,121480,3,6.0739293860182215
723,121481,3,6.536861028181089
724,121482,3,5.685606515927919
725,121483,3,5.650553925329657
726,121484,3,5.318507599224896
727,121485,3,4.984511361986648
728,121486,3,6.132057015396139
729,121487,3,5.506231407603235
730,121488,3,5.682813927376806
731,121489,3,5.38792086399672
732,121490,3,6.779850613979459
733,121491,3,6.91635367147741
734,121492,3,6.6192390981330185
735,121493,3,5.437895040713751
736,121494,3,6.712991259415837
737,121495,3,7.012640765509554
738,121496,3,5.9374009042747184
739,121497,3,5.486470809889435
740,121498,3,5.640404896596657
741,121499,3,6.015882973318593
742,121500,3,6.319974345440766
743,121501,3,5.650441305780951
744,121502,3,6.539498445115346
745,121503,3,5.592157260381987
746,121504,3,5.430820279402946
747,121505,3,5.179995260748743
748,121506,3,5.694151388475455
749,121507,3,5.549736096148254
750,121508,3,5.294368856361891
751,121509,3,5.28006699268924
752,121510,3,4.607631775710345
753,121511,3,5.6855617459175285
754,121512,3,5.810856676651281
755,121513,3,4.342412903532729
756,121514,3,4.8217788673991855
757,121515,3,6.508499814214212
758,121516,3,5.160179745279253
759,121517,3,5.684409125985038
760,121518,3,5.540361647009408
761,121519,3,5.309478732761858
762,121520,3,5.105076697375979
763,121521,3,5.969989191032729
764,121522,3,5.72155492399977
765,121523,3,4.873851167315535
766,121524,3,5.57818207542239
767,121525,3,5.3433921551229835
768,121526,3,5.580543334291036
769,121527,3,4.832671511036693
770,121528,3,4.762934531144543
771,121529,3,5.285244932984558
772,121530,3,5.442567985103091
773,121531,3,4.337297149835255
774,121532,3,7.228901821551579
775,121533,3,5.590094272779974
776,121534,3,5.417043720364767
777,121535,3,5.390335516490671
778,121536,3,5.803360117410894
779,121537,3,5.123262495127204
780,121538,3,7.489487907543568
781,121539,3,6.591301647986221
782,121540,3,5.717164902554289
783,121541,3,6.098520682073891
784,121542,3,5.097164043317056
785,121543,3,5.210154503746226
786,121544,3,6.326804514752659
787,121545,3,6.33012500773815
788,121546,3,6.56327525275814
789,121547,3,6.258055522475787
790,121548,3,6.608732156802022
791,121549,3,6.045963501931156
792,121550,3,4.970996470451459
793,121551,3,4.837598503718486
794,121552,3,5.165575698721363
795,121553,3,5.461878664420709
796,121554,3,4.978299429279456
797,121555,3,4.680770732331559
798,121556,3,5.386703821335553
799,121557,3,4.836687819025284
800,121558,3,5.413849461490036
801,121559,3,5.123730735608163
802,121560,3,5.333385994272909
803,121561,3,4.9131630832916535
804,121562,3,4.043996490505908
805,121563,3,4.474817573062191
806,121564,3,5.129398181565156
807,121565,3,4.867539873650338
808,121566,3,4.12980202336667
809,121567,3,5.2560283056188
810,121568,3,4.84347643916727
811,121569,3,5.361596575965082
812,121570,3,5.023169864224325
813,121571,3,4.801671139700735
814,121572,3,3.9316997784903576
815,121573,3,5.0986957727863835
816,121574,3,4.8656276105573975
817,121575,3,5.831694274518248
818,121576,3,4.120892370575136
819,121577,3,4.444468875137029
820,121578,3,4.938772602249773
821,121579,3,4.883265683336431
822,121580,3,3.437718238073608
823,121581,3,4.642828407688347
824,121582,3,4.922474273315011
825,121583,3,6.121666454165912
826,121584,3,5.208555203402771
827,121585,3,4.261974081191495
828,121586,3,2.9832144506712255
829,121587,3,4.598502118688673
830,121588,3,4.769332254869354
831,121589,3,5.135051076268067
832,121590,3,5.455791511571963
833,121591,3,3.286074125175393
834,121592,3,4.548593223758797
835,121593,3,3.748043593752652
836,121594,3,5.1688258812336985
837,121595,3,4.248641321062343
838,121596,3,5.03089655565667
839,121597,3,4.629350595306015
840,121598,3,4.366285380394644
841,121599,3,4.848087615374211
842,121600,3,4.2376813240123905
843,121601,3,4.057215693211688
844,121602,3,5.549377525375478
845,121603,3,4.367965606927234
846,121604,3,4.385899264119979
847,121605,3,5.1073209701656985
848,121606,3,4.722498204630998
849,121607,3,3.0731265063348587
850,121608,3,3.647342147401986
851,121609,3,4.714954011215954
852,121610,3,4.864913739266064
853,121611,3,4.326992342049163
854,121612,3,4.283288359396108
855,121613,3,4.247091535679468
856,121614,3,4.265730449198715
857,121615,3,4.636486035443582
858,121616,3,5.0901964312565635
859,121617,3,3.2058637939960217
860,121618,3,3.9104736242367553
861,121619,3,3.5956614913312284
862,121620,3,3.444087634626538
863,121621,3,4.189944356740191
864,121622,3,4.154269066254502
865,121623,3,4.103136220672462
866,121624,3,4.0838128678613845
867,121625,3,3.056456255546995
868,121626,3,3.9640667622298214
869,121627,3,3.9756169028019714
870,121628,3,3.122913985058609
871,121629,3,4.715633827781957
872,121630,3,4.246625440340173
873,121631,3,4.629322421455752
874,121632,3,3.2878677610358165
875,121633,3,4.539917274187055
876,121634,3,2.9636422850504123
877,121635,3,3.352853856002298
878,121636,3,3.0859759110383806
879,121637,3,2.847859443370133
880,121638,3,2.8399435139297755
881,121639,3,4.316277445794125
882,121640,3,3.903961453974841
883,121641,3,3.1133945017664453
884,121642,3,3.9107672723750255
885,121643,3,3.0043969577033054
886,121644,3,3.4413048244872915
887,121645,3,4.017231738072333
888,121646,3,3.5198381071028906
889,121647,3,2.9899602110036887
890,121648,3,2.9621418809091207
891,121649,3,3.1488858617898887
892,121650,3,3.1318554823029268
893,121651,3,3.2791829468006433
894,121652,3,3.0496755199346617
895,121653,3,3.1424764616508916
896,121654,3,2.7649946723456655
897,121655,3,3.0972615579856413
898,121656,3,3.135367588194754
899,121657,3,3.1605072934172687
900,121658,3,3.1774030103626294
901,121659,3,3.2882760855459345
902,121660,3,7.832601166814643
903,121661,3,7.972104171653554
904,121662,3,7.561132246998156
905,121663,3,8.427649803725492
906,121664,3,7.663058804616147
907,121665,3,8.897529750581844
908,121666,3,8.679037729509782
909,121667,3,8.887817494456522
910,121668,3,8.048456870555064
911,121669,3,8.034590832259653
912,121670,3,8.981381127222825
913,121671,3,8.858189380699848
914,121672,3,8.225974067138118
915,121673,3,6.826263579951241
916,121674,3,8.515931403802838
917,121675,3,8.459368670053019
918,121676,3,8.54814741914769
919,121677,3,8.794757154874809
920,121678,3,7.9247363934279225
921,121679,3,8.54351392330799
922,121680,3,8.061183112882455
923,121681,3,8.368362235963383
924,121682,3,7.960367205472518
925,121683,3,8.204653219163554
926,121684,3,8.645948426477922
927,121685,3,8.724865660714379
928,121686,3,9.056770833031575
929,121687,3,8.85240715871494
930,121688,3,8.822315114525281
931,121689,3,8.708772685807453
932,121690,3,8.793529960207259
933,121691,3,8.19688675779059
934,121692,3,7.449065651499395
935,121693,3,8.026294584763129
936,121694,3,8.95264559638351
937,121695,3,8.630836250696795
938,121696,3,8.516680197834226
939,121697,3,7.684401339597449
940,121698,3,8.643208658851199
941,121699,3,8.672626915474757
942,121700,3,8.973657199581297
943,121701,3,8.716574561780543
944,121702,3,8.701406295624466
945,121703,3,8.586316172759295
946,121704,3,8.785672722612253
947,121705,3,8.504728741672029
948,121706,3,8.87801037713466
949,121707,3,8.785092268359517
950,121708,3,8.629864467388472
951,121709,3,8.028770328378563
952,121710,3,8.938915388139002
953,121711,3,7.771193291656412
954,121712,3,8.999414995195554
955,121713,3,8.617326064951888
956,121714,3,6.611630924195998
957,121715,3,6.183380338247056
958,121716,3,8.341916678911222
959,121717,3,8.095392803211576
960,121718,3,6.880451244494656
961,121719,3,8.15623211916267
962,121720,3,8.875433396094733
963,121721,3,7.870800031090009
964,121722,3,8.937730698139784
965,121723,3,7.680856482398832
966,121724,3,8.735695021330567
967,121725,3,8.985727157290007
968,121726,3,7.41090101594984
969,121727,3,5.166321727927724
970,121728,3,8.960468903191495
971,121729,3,8.387478669284771
972,121730,3,8.387478669284771
973,121731,3,8.161285363637509
974,121732,3,8.350711347541809
975,121733,3,7.930676069375749
976,121734,3,4.6022417676448715
977,121735,3,7.511155754481124
978,121736,3,8.207419335119166
979,121737,3,7.892153144746738
980,121738,3,8.030529486030069
981,121739,3,8.030529486030069
982,121740,3,7.752593163059293
983,121741,3,8.555564462762902
984,121742,3,7.674716769479026
985,121743,3,7.394054436928638
986,121744,3,6.768565630647252
987,121745,3,7.797653724113942
988,121746,3,7.934846561991605
989,121747,3,7.4400722702651345
990,121748,3,8.601241553047684
991,121749,3,7.126298286304956
992,121750,3,3.693576313543012
993,121751,3,6.564921952611554
994,121752,3,7.455661120129812
995,121753,3,8.331340420682384
996,121754,3,7.668482025163459
997,121755,3,8.627945809101979
998,121756,3,8.627945809101979
999,121757,3,7.283388319341309
1000,121758,3,8.793973062029819
1001,121759,3,8.570934697960032
1002,121760,3,8.686131302014452
1003,121761,3,6.736597017814735
1004,121762,3,5.254639363467283
1005,121763,3,8.184706270615907
1006,121764,3,6.336893492882135
1007,121765,3,7.5681820275148155
1008,121766,3,6.039892287947974
1009,121767,3,8.196763722050779
1010,121768,3,8.418256188419548
1011,121769,3,6.026808979790753
1012,121770,3,8.627071658599192
1013,121771,3,7.977862791877573
1014,121772,3,7.6487807889182555
1015,121773,3,7.621930578640608
1016,121774,3,6.842507173488471
1017,121775,3,5.498361378695819
1018,121776,3,5.498361378695819
1019,121777,3,5.498361378695819
1020,121778,3,7.268778407704986
1021,121779,3,7.656384701420336
1022,121780,3,8.404202213995971
1023,121781,3,7.745297430149549
1024,121782,3,5.817436365677608
1025,121783,3,5.110866260821214
1026,121784,3,7.491591359764746
1027,121785,3,6.672544824958992
1028,121786,3,8.769039568063558
1029,121787,3,8.880104859425995
1030,121788,3,7.356270985734343
1031,121789,3,7.532891571331725
1032,121790,3,6.515167329822324
1033,121791,3,7.672211453898149
1034,121792,3,7.804513211654585
1035,121793,3,6.358466505915858
1036,121794,3,7.1589427902283
1037,121795,3,7.918619722969912
1038,121796,3,7.494705388220169
1039,121797,3,6.878876132449253
1040,121798,3,6.135930795827268
1041,121799,3,6.896017996306697
1042,121800,3,7.176479448232282
1043,121801,3,8.013521676441611
1044,121802,3,7.671856409084953
1045,121803,3,6.333519114874816
1046,121804,3,6.432720203762126
1047,121805,3,8.502987067372556
1048,121806,3,7.3554018035805635
1049,121807,3,6.119445246525973
1050,121808,3,7.746928758769826
1051,121809,3,6.956444895685127
1052,121810,3,6.888813115916774
1053,121811,3,7.409736602262825
1054,121812,3,6.208665919727687
1055,121813,3,6.816955500954109
1056,121814,3,7.2287157009944245
1057,121815,3,7.039848833836343
1058,121816,3,7.011477083911539
1059,121817,3,6.52006699939754
1060,121818,3,8.102539343069921
1061,121819,3,6.386679535698631
1062,121820,3,7.394072726704229
1063,121821,3,8.371371602380592
1064,121822,3,4.578445824864051
1065,121823,3,7.418665756616205
1066,121824,3,5.961257976766243
1067,121825,3,7.024744547172299
1068,121826,3,6.380085819786075
1069,121827,3,6.71753867363152
1070,121828,3,6.294961111628879
1071,121829,3,6.987223296170546
1072,121830,3,7.867068025235272
1073,121831,3,8.130015491117767
1074,121832,3,6.254888942755328
1075,121833,3,6.457566973843053
1076,121834,3,5.779744804570549
1077,121835,3,7.6889983172315715
1078,121836,3,6.29545686586934
1079,121837,3,6.654200912280831
1080,121838,3,6.139799063995846
1081,121839,3,6.886050459142991
1082,121840,3,5.899846882826411
1083,121841,3,5.782913823643004
1084,121842,3,6.676667621811263
1085,121843,3,6.696733748405694
1086,121844,3,7.114974343055575
1087,121845,3,7.434256605845725
1088,121846,3,6.333870561673749
1089,121847,3,7.218774116176609
1090,121848,3,8.387722196435048
1091,121849,3,6.736210170104087
1092,121850,3,6.537387621556899
1093,121851,3,5.820567415908056
1094,121852,3,6.95403649397517
1095,121853,3,6.641411587600554
1096,121854,3,7.774224492449836
1097,121855,3,6.413388638112937
1098,121856,3,6.801523994045632
1099,121857,3,6.823216316028209
1100,121858,3,5.236005140245698
1101,121859,3,7.0012373870238855
1102,121860,3,5.49312566101463
1103,121861,3,3.6730281341551403
1104,121862,3,7.2994850500025885
1105,121863,3,6.577720094132858
1106,121864,3,6.071671848523806
1107,121865,3,6.924018799111847
1108,121866,3,6.1547354717243845
1109,121867,3,7.05316421413594
1110,121868,3,6.371806867144405
1111,121869,3,7.855118850864045
1112,121870,3,7.719809115794
1113,121871,3,7.2505489761367485
1114,121872,3,6.236203481925668
1115,121873,3,5.612479781703806
1116,121874,3,5.199743729251541
1117,121875,3,6.3313593992271295
1118,121876,3,5.517228739876177
1119,121877,3,7.310191182296574
1120,121878,3,6.319146340171237
1121,121879,3,5.82861237091631
1122,121880,3,6.639151431349152
1123,121881,3,7.140388836221013
1124,121882,3,7.724135625006602
1125,121883,3,6.040066530122166
1126,121884,3,6.814514284338338
1127,121885,3,5.489002048331114
1128,121886,3,5.806814437103239
1129,121887,3,6.261396844924734
1130,121888,3,6.523912885252629
1131,121889,3,5.56341141156908
1132,121890,3,6.128744934477095
1133,121891,3,6.656573626620758
1134,121892,3,6.278102378818281
1135,121893,3,6.462602415151912
1136,121894,3,6.124142884922415
1137,121895,3,6.332518424304916
1138,121896,3,6.27596609600302
1139,121897,3,5.247796722847486
1140,121898,3,5.615415820712816
1141,121899,3,7.640095001009443
1142,121900,3,6.759128369229354
1143,121901,3,4.437070869574383
1144,121902,3,6.462311318618972
1145,121903,3,5.910697312597565
1146,121904,3,7.195905492853255
1147,121905,3,7.1408131349436506
1148,121906,3,5.847965821530347
1149,121907,3,6.197961154720716
1150,121908,3,5.71457087883164
1151,121909,3,5.28649140895992
1152,121910,3,5.543429300381668
1153,121911,3,6.489255889608353
1154,121912,3,6.5460907827687596
1155,121913,3,6.504893465368581
1156,121914,3,6.064266975866614
1157,121915,3,5.702863123541183
1158,121916,3,6.165201044934335
1159,121917,3,5.751275382932722
1160,121918,3,6.235537600711502
1161,121919,3,6.9378024645769845
1162,121920,3,6.0443516343205035
1163,121921,3,6.24675402205243
1164,121922,3,5.764751909027757
1165,121923,3,6.31897559783351
1166,121924,3,6.734071924185955
1167,121925,3,6.043011452796517
1168,121926,3,5.574920267271507
1169,121927,3,5.717611537427865
1170,121928,3,6.443996409312183
1171,121929,3,5.4778554034266325
1172,121930,3,6.270543421781452
1173,121931,3,6.383621555123388
1174,121932,3,8.323523831222909
1175,121933,3,5.770108972990923
1176,121934,3,6.553942020909946
1177,121935,3,6.123188772391784
1178,121936,3,7.814045057614907
1179,121937,3,5.345858355338184
1180,121938,3,5.125988067017429
1181,121939,3,6.611236751195241
1182,121940,3,5.877825734496065
1183,121941,3,6.321091114211599
1184,121942,3,5.923660229317754
1185,121943,3,6.573281929874245
1186,121944,3,6.185448306327296
1187,121945,3,5.258299250373349
1188,121946,3,6.133550611676442
1189,121947,3,4.698756262552252
1190,121948,3,6.5282706339054695
1191,121949,3,6.367165566192513
1192,121950,3,4.929158104715978
1193,121951,3,4.437199735355699
1194,121952,3,6.785800309833642
1195,121953,3,5.040951352654721
1196,121954,3,6.585618266965943
1197,121955,3,6.7062711031573015
1198,121956,3,6.866274710804595
1199,121957,3,6.000557913158644
1200,121958,3,5.565148835821196
1201,121959,3,5.580667331298967
1202,121960,3,5.728137790792295
1203,121961,3,5.897150058508467
1204,121962,3,3.440574504324952
1205,121963,3,6.326537672898494
1206,121964,3,7.196344322966676
1207,121965,3,5.396606128286898
1208,121966,3,5.832921000107979
1209,121967,3,5.816159466450613
1210,121968,3,8.42756712143594
1211,121969,3,5.78200614405081
1212,121970,3,5.6619440775805625
1213,121971,3,6.192426696516824
1214,121972,3,6.284729852707941
1215,121973,3,6.613791472460394
1216,121974,3,6.537271158424653
1217,121975,3,5.778814836264736
1218,121976,3,5.640044895797716
1219,121977,3,5.979673517284577
1220,121978,3,6.3578402193694785
1221,121979,3,6.390538701415505
1222,121980,3,6.087511454009546
1223,121981,3,5.862161310033686
1224,121982,3,6.5686549129664185
1225,121983,3,6.520575565441412
1226,121984,3,6.499772183594138
1227,121985,3,6.764635009537779
1228,121986,3,6.255211363462547
1229,121987,3,5.738246277952137
1230,121988,3,5.589046864851031
1231,121989,3,4.715646333285864
1232,121990,3,4.409878098431445
1233,121991,3,5.28399903720204
1234,121992,3,5.39133861231658
1235,121993,3,5.674701206649704
1236,121994,3,6.2519183005594074
1237,121995,3,6.973815021154867
1238,121996,3,5.965040470481223
1239,121997,3,5.6067243536954035
1240,121998,3,5.343414701666196
1241,121999,3,5.666439430418458
1242,122000,3,5.3794635717863635
1243,122001,3,5.6079512807203065
1244,122002,3,5.259709999296163
1245,122003,3,5.399275299338731
1246,122004,3,6.262916056317002
1247,122005,3,5.507272142049047
1248,122006,3,5.90564096112408
1249,122007,3,7.257327543371408
1250,122008,3,5.5541520809794935
1251,122009,3,6.366150166056835
1252,122010,3,5.524370854124748
1253,122011,3,6.509567406726622
1254,122012,3,5.237540547383544
1255,122013,3,4.8918098392292375
1256,122014,3,7.596783665873456
1257,122015,3,5.442335282992356
1258,122016,3,5.567259206926801
1259,122017,3,9.04060259456309
1260,122018,3,5.070980167215137
1261,122019,3,6.475663171015357
1262,122020,3,5.284452575850114
1263,122021,3,5.165066780303399
1264,122022,3,6.455236242699417
1265,122023,3,3.9800429231399046
1266,122024,3,5.631844236149702
1267,122025,3,6.184112703733666
1268,122026,3,4.988915872487029
1269,122027,3,5.17335561660725
1270,122028,3,6.334666051733178
1271,122029,3,6.2872104587586435
1272,122030,3,6.696308802214858
1273,122031,3,5.383458378010109
1274,122032,3,5.623681809686498
1275,122033,3,5.501488684642667
1276,122034,3,5.5514613143658496
1277,122035,3,5.423300586609383
1278,122036,3,5.9691058040335605
1279,122037,3,4.9338120601537225
1280,122038,3,6.801104083206972
1281,122039,3,6.53846719422941
1282,122040,3,5.791899122142393
1283,122041,3,5.5790194532583675
1284,122042,3,4.930225877571535
1285,122043,3,5.6682415201642105
1286,122044,3,6.085104960544956
1287,122045,3,4.76034577836283
1288,122046,3,5.540541031421076
1289,122047,3,5.523582405171636
1290,122048,3,6.114698765316027
1291,122049,3,5.426736706451427
1292,122050,3,6.40920748751963
1293,122051,3,6.268720154484961
1294,122052,3,5.299273870460341
1295,122053,3,5.1979276454554215
1296,122054,3,5.5385702825305545
1297,122055,3,5.627321119062894
1298,122056,3,5.768473710495718
1299,122057,3,6.198766795856083
1300,122058,3,5.560861990307714
1301,122059,3,5.850525812394579
1302,122060,3,5.363042744604615
1303,122061,3,4.089088797534696
1304,122062,3,5.405438799366353
1305,122063,3,4.5023569075460355
1306,122064,3,4.901859462629814
1307,122065,3,5.4822220494346485
1308,122066,3,5.189473450509861
1309,122067,3,5.596647060217311
1310,122068,3,5.308636522305628
1311,122069,3,5.099732743561433
1312,122070,3,4.799730859504381
1313,122071,3,5.314462047127767
1314,122072,3,4.372055265149447
1315,122073,3,5.26616676327833
1316,122074,3,5.513641646676316
1317,122075,3,5.291123785029877
1318,122076,3,5.680729517434714
1319,122077,3,5.511885036107383
1320,122078,3,6.411181936876187
1321,122079,3,6.72584737887986
1322,122080,3,5.287892229717165
1323,122081,3,5.145766904558637
1324,122082,3,5.149364448795934
1325,122083,3,4.048171419735654
1326,122084,3,5.052700684479375
1327,122085,3,5.190604503894972
1328,122086,3,5.4113506503445805
1329,122087,3,4.622808494174747
1330,122088,3,5.726047926619923
1331,122089,3,5.502410460209898
1332,122090,3,4.508888273711862
1333,122091,3,5.099662473313133
1334,122092,3,5.190763425405012
1335,122093,3,5.394364333024897
1336,122094,3,5.200224385789752
1337,122095,3,5.7817399143884085
1338,122096,3,6.11678965418055
1339,122097,3,5.819509574175306
1340,122098,3,5.686259581765739
1341,122099,3,5.197611846279861
1342,122100,3,4.43425424922437
1343,122101,3,5.299335414403339
1344,122102,3,4.958474168277511
1345,122103,3,8.32060224572495
1346,122104,3,7.290973815684002
1347,122105,3,5.3888675750297095
1348,122106,3,5.291902801626939
1349,122107,3,4.991870760774102
1350,122108,3,5.33222032959153
1351,122109,3,4.710792562358392
1352,122110,3,5.068048273070659
1353,122111,3,7.626092577418037
1354,122112,3,4.908569653134039
1355,122113,3,5.100799031390514
1356,122114,3,4.059684136888075
1357,122115,3,5.071316207886317
1358,122116,3,5.297736524935573
1359,122117,3,5.228493023847251
1360,122118,3,5.333102139957683
1361,122119,3,4.88419689943442
1362,122120,3,5.166970769627857
1363,122121,3,4.837382784006412
1364,122122,3,6.3587001529444045
1365,122123,3,4.371966133018798
1366,122124,3,5.187562712568198
1367,122125,3,5.24739256470804
1368,122126,3,4.410844501781913
1369,122127,3,5.598019685003931
1370,122128,3,5.251081524372399
1371,122129,3,5.179904223488515
1372,122130,3,5.084550051506191
1373,122131,3,5.006354369610953
1374,122132,3,5.3444619997203215
1375,122133,3,5.084219447445236
1376,122134,3,6.756779295084494
1377,122135,3,5.267263120202369
1378,122136,3,5.124469226774458
1379,122137,3,5.313668210640775
1380,122138,3,4.884716611573845
1381,122139,3,5.077155832202677
1382,122140,3,5.016845886831654
1383,122141,3,4.874598090357523
1384,122142,3,4.853131829845426
1385,122143,3,5.28518495606153
1386,122144,3,4.495410865399231
1387,122145,3,7.14992514128362
1388,122146,3,4.786221566142683
1389,122147,3,4.952148803124804
1390,122148,3,4.761180159860194
1391,122149,3,4.94789268645323
1392,122150,3,4.848809321903419
1393,122151,3,5.573932163454704
1394,122152,3,4.573407261662982
1395,122153,3,5.112734616883336
1396,122154,3,5.1629918362469045
1397,122155,3,4.858165159624578
1398,122156,3,5.189515467704374
1399,122157,3,7.699641031646647
1400,122158,3,5.771319530991046
1401,122159,3,5.348929416843853
1402,122160,3,6.759931296031663
1403,122161,3,5.673440413658487
1404,122162,3,6.496488590519735
1405,122163,3,7.0765513333494825
1406,122164,3,6.791437023502947
1407,122165,3,4.549008550121958
1408,122166,3,4.8726981172259505
1409,122167,3,5.307386563154092
1410,122168,3,4.56072188431964
1411,122169,3,4.728993759895069
1412,122170,3,4.940817318977626
1413,122171,3,5.37071032321923
1414,122172,3,4.574811899915417
1415,122173,3,5.278309712839538
1416,122174,3,4.668865163791701
1417,122175,3,6.073002834833263
1418,122176,3,4.671411491072084
1419,122177,3,4.808245683425414
1420,122178,3,4.686148052061196
1421,122179,3,4.734579955962127
1422,122180,3,5.361559075304928
1423,122181,3,4.778739560549319
1424,122182,3,5.056077217397194
1425,122183,3,4.84191493939942
1426,122184,3,4.847078658632231
1427,122185,3,5.103490043202408
1428,122186,3,4.498538295787565
1429,122187,3,4.25811438369951
1430,122188,3,4.89208704652976
1431,122189,3,4.7355229455330825
1432,122190,3,5.087379695824353
1433,122191,3,4.864382731914643
1434,122192,3,4.760837792909744
1435,122193,3,5.144372375950396
1436,122194,3,4.975534111125846
1437,122195,3,4.676029371492838
1438,122196,3,5.052705303014649
1439,122197,3,4.723638552093035
1440,122198,3,4.926053120969701
1441,122199,3,4.404267651846229
1442,122200,3,5.368968273930621
1443,122201,3,4.5376900167965015
1444,122202,3,5.107291067111927
1445,122203,3,4.7683742008432395
1446,122204,3,5.040190398304929
1447,122205,3,4.36375128113546
1448,122206,3,5.086115219993537
1449,122207,3,4.902922156293195
1450,122208,3,5.098889396681903
1451,122209,3,4.793163132780433
1452,122210,3,5.633919346259858
1453,122211,3,5.022811304081171
1454,122212,3,4.512923798318898
1455,122213,3,5.999173118067443
1456,122214,3,5.198350557764023
1457,122215,3,5.149784394556901
1458,122216,3,4.651757908740919
1459,122217,3,4.4800471126678065
1460,122218,3,4.843104269083512
1461,122219,3,4.946465658437112
1462,122220,3,5.138317925963863
1463,122221,3,4.637812131393013
1464,122222,3,4.481589055807553
1465,122223,3,5.363985482491878
1466,122224,3,4.564519015231525
1467,122225,3,5.276828567344769
1468,122226,3,4.85978000956951
1469,122227,3,4.547225060251625
1470,122228,3,5.162351112468705
1471,122229,3,4.355577737056298
1472,122230,3,4.539570944075095
1473,122231,3,4.955031296077099
1474,122232,3,4.918665028685604
1475,122233,3,4.706930169626611
1476,122234,3,5.323869224023664
1477,122235,3,5.167389246442579
1478,122236,3,4.50604577597827
1479,122237,3,4.74698582518174
1480,122238,3,4.175759231269005
1481,122239,3,4.215331410592954
1482,122240,3,4.442610635039815
1483,122241,3,4.7583328971685175
1484,122242,3,4.519741765699854
1485,122243,3,4.761076655063425
1486,122244,3,4.710147483343083
1487,122245,3,5.239891414994352
1488,122246,3,4.95128478069343
1489,122247,3,4.967056275087866
1490,122248,3,4.78346032713459
1491,122249,3,4.569637864709755
1492,122250,3,3.2892442219393008
1493,122251,3,4.875179956947369
1494,122252,3,4.675498064936486
1495,122253,3,4.268176415767825
1496,122254,3,3.897099334483576
1497,122255,3,4.682823638456545
1498,122256,3,4.407419352561706
1499,122257,3,4.603274532900208
1500,122258,3,4.582673622772338
1501,122259,3,4.964370068903127
1502,122260,3,4.399767637231612
1503,122261,3,6.11794373037135
1504,122262,3,4.686710553908209
1505,122263,3,4.2567054793195425
1506,122264,3,4.018675868555418
1507,122265,3,4.305975289740937
1508,122266,3,4.133656849233049
1509,122267,3,4.677985541240869
1510,122268,3,4.862924093749964
1511,122269,3,4.777700165582998
1512,122270,3,4.32180281083561
1513,122271,3,4.621442541500435
1514,122272,3,2.77891787632449
1515,122273,3,4.613083386857186
1516,122274,3,4.885528969302873
1517,122275,3,4.581153091026042
1518,122276,3,4.621091132273153
1519,122277,3,3.6557258563217565
1520,122278,3,4.5790594476318764
1521,122279,3,4.3610178818707075
1522,122280,3,4.326823255686557
1523,122281,3,4.5607770627243625
1524,122282,3,4.697162960732011
1525,122283,3,4.287551571857767
1526,122284,3,4.25649731389756
1527,122285,3,4.567173060932214
1528,122286,3,4.439930816252605
1529,122287,3,4.564815442449049
1530,122288,3,4.520324000656024
1531,122289,3,4.997541670224174
1532,122290,3,4.2590230669366544
1533,122291,3,4.4640010147988445
1534,122292,3,4.350381289745428
1535,122293,3,4.805812907204008
1536,122294,3,4.352724183784944
1537,122295,3,2.85806218264534
1538,122296,3,4.158980314191697
1539,122297,3,2.8623827128078174
1540,122298,3,3.9838496976512485
1541,122299,3,4.436278070376394
1542,122300,3,4.436278070376394
1543,122301,3,4.436278070376394
1544,122302,3,4.432418012587307
1545,122303,3,4.496444654391583
1546,122304,3,4.49116054647407
1547,122305,3,4.176979449632368
1548,122306,3,4.434436433685436
1549,122307,3,4.411489793150127
1550,122308,3,4.567432653102697
1551,122309,3,4.051126787627648
1552,122310,3,4.571158918223429
1553,122311,3,4.983170514826688
1554,122312,3,4.197951382549232
1555,122313,3,4.251113805821331
1556,122314,3,4.5734588329271055
1557,122315,3,3.9558725904024334
1558,122316,3,4.756898696121958
1559,122317,3,4.046397367672014
1560,122318,3,4.141637805329763
1561,122319,3,4.34280632586099
1562,122320,3,5.505014113381428
1563,122321,3,4.230130580665477
1564,122322,3,4.188828648394619
1565,122323,3,5.14524681404162
1566,122324,3,4.1593522129111395
1567,122325,3,4.0656751503102075
1568,122326,3,4.502455836605355
1569,122327,3,3.8257731569784657
1570,122328,3,4.892962396787009
1571,122329,3,4.119813169711865
1572,122330,3,4.5029161574371095
1573,122331,3,4.203810955732084
1574,122332,3,4.118883482817065
1575,122333,3,4.059692277582638
1576,122334,3,5.159145638764619
1577,122335,3,3.863094624891233
1578,122336,3,2.203822349544817
1579,122337,3,4.578984623319832
1580,122338,3,4.382411189345172
1581,122339,3,4.280148947021448
1582,122340,3,4.053312527252394
1583,122341,3,4.308636904747169
1584,122342,3,3.9561408179932203
1585,122343,3,4.060715797915415
1586,122344,3,4.532973723769253
1587,122345,3,4.6322951556576095
1588,122346,3,4.278626300886733
1589,122347,3,4.379819196353857
1590,122348,3,4.495465025157282
1591,122349,3,4.144366483975828
1592,122350,3,3.237950622250111
1593,122351,3,4.323964518667752
1594,122352,3,4.340695092119071
1595,122353,3,3.9001695150702984
1596,122354,3,3.8700392802290535
1597,122355,3,4.400350495553564
1598,122356,3,3.3857334201853964
1599,122357,3,3.205127029732989
1600,122358,3,3.994709672688864
1601,122359,3,3.518556291075235
1602,122360,3,4.3541418116743404
1603,122361,3,4.093505296751136
1604,122362,3,4.273286865179935
1605,122363,3,3.7410856118331144
1606,122364,3,3.614303128412495
1607,122365,3,4.960170895091816
1608,122366,3,4.306036026051649
1609,122367,3,2.953413584051348
1610,122368,3,4.53482139280281
1611,122369,3,4.0565486221509595
1612,122370,3,3.579808422787991
1613,122371,3,3.9461675891713166
1614,122372,3,3.894057496252182
1615,122373,3,3.8967926201065985
1616,122374,3,2.8676459794887332
1617,122375,3,3.89907632675345
1618,122376,3,3.8858179924067877
1619,122377,3,4.129989781462826
1620,122378,3,3.732732201532218
1621,122379,3,2.472668049151678
1622,122380,3,4.201154968814921
1623,122381,3,4.252238482011927
1624,122382,3,4.088974303752931
1625,122383,3,4.448307302529997
1626,122384,3,3.9333288102277213
1627,122385,3,4.1227547089583485
1628,122386,3,3.9685537878219344
1629,122387,3,4.117633004192175
1630,122388,3,4.296394440011394
1631,122389,3,3.7967561744483693
1632,122390,3,4.047298980270012
1633,122391,3,3.6850865754341586
1634,122392,3,3.5075467397453166
1635,122393,3,4.040261234556037
1636,122394,3,4.040608831924596
1637,122395,3,3.82083787145183
1638,122396,3,5.109675252368848
1639,122397,3,2.786993921263512
1640,122398,3,3.8771684910180655
1641,122399,3,4.135783384434287
1642,122400,3,3.784743170281115
1643,122401,3,3.7970612442686145
1644,122402,3,3.957909517372187
1645,122403,3,3.7594896584160793
1646,122404,3,4.269898836843657
1647,122405,3,3.52934129005796
1648,122406,3,3.8489583493252786
1649,122407,3,4.438985603506774
1650,122408,3,4.05978864912627
1651,122409,3,3.775216912077521
1652,122410,3,4.0495668894920165
1653,122411,3,3.697571776664346
1654,122412,3,4.003239973759048
1655,122413,3,4.099613802514163
1656,122414,3,3.9141454654440357
1657,122415,3,3.798349200387235
1658,122416,3,3.7314662674994223
1659,122417,3,3.7215194115475256
1660,122418,3,2.4748552187665585
1661,122419,3,3.6186410744698065
1662,122420,3,3.4334064218933054
1663,122421,3,3.748194358870162
1664,122422,3,3.5940823325377065
1665,122423,3,3.5924351951857565
1666,122424,3,3.5452929636403105
1667,122425,3,3.554926509665999
1668,122426,3,2.5974398318866614
1669,122427,3,3.8184759083451256
1670,122428,3,3.7747557383352737
1671,122429,3,3.425248739381737
1672,122430,3,3.3774175986107835
1673,122431,3,3.6239968015756516
1674,122432,3,3.787924080267915
1675,122433,3,2.733300817380568
1676,122434,3,3.3274422808033584
1677,122435,3,3.432151216472783
1678,122436,3,2.6613148416762114
1679,122437,3,2.717618861963318
1680,122438,3,2.7047911813171663
1681,122439,3,2.5734380112292703
1682,122440,3,3.2262239348178
1683,122441,3,2.4681970494735292
1684,122442,3,3.377853456769623
1685,122443,3,2.423744599643638
1686,122444,3,3.191062180439473
1687,122445,3,3.3032103734590867
1688,122446,3,3.1010366370170335
1689,122447,3,3.767142834409883
1690,122448,3,2.6447504036745944
1691,122449,3,3.336913979638054
1692,122450,3,3.4742838529466655
1693,122451,3,3.0696356043419883
1694,122452,3,2.6650091473483153
1695,122453,3,3.1712281291563587
1696,122454,3,2.818298276332593
1697,122455,3,2.479798954139887
1698,122456,3,2.984442124277727
1699,122457,3,2.7869247266767907
1700,122458,3,3.117528869825526
1701,122459,3,2.6580712954026318
1702,122460,3,2.6606957782734098
1703,122461,3,2.6930387324347134
1704,122462,3,2.674725349428864
1705,122463,3,2.609245912519441
1706,122464,3,2.4154604128274766
1707,122465,3,2.796681249805517
1708,122466,3,2.8105465702487256
1709,122467,3,2.475072987854934
1710,122468,3,2.6412638406949265
1711,122469,3,2.6789339785826165
1712,122470,3,2.453396486812732
1713,122471,3,2.526122578550254
1714,122472,3,2.9922478429012735
1715,122473,3,2.3405351927269606
1716,122474,3,2.5990604566173445
1717,122475,3,2.484462699000404
1718,122476,3,2.5636390170632044
1719,122477,3,2.414556362541809
1720,122478,3,2.3984587699308415
1721,122479,3,2.5777096171485248
1722,122480,3,2.7514737874744326
1723,122481,3,2.8902443876215758
1724,122482,3,2.6166269090005203
1725,122483,3,2.6184076437384904
1726,122484,3,2.0694251010555114
1727,122485,3,7.550483023336765
1728,122486,3,5.745772072425008
1729,122487,3,6.919372638065302
1730,122488,3,6.440514838684336
1731,122489,3,5.810230798037478
1732,122490,3,6.409895377004621
1733,122491,3,5.88961231344079
1734,122492,3,7.15009615313873
1735,122493,3,6.078874036647418
1736,122494,3,6.733663877116921
1737,122495,3,5.773195591236027
1738,122496,3,6.096989830754883
1739,122497,3,5.925418495234722
1740,122498,3,6.766496768542466
1741,122499,3,6.459667376401223
1742,122500,3,7.347620774241841
1743,122501,3,6.247088613749946
1744,122502,3,6.280947265138903
1745,122503,3,6.244959986286604
1746,122504,3,6.190423283007888
1747,122505,3,6.190423283007888
1748,122506,3,6.389345572606923
1749,122507,3,6.877188559715902
1750,122508,3,6.41730927582147
1751,122509,3,5.821345318340725
1752,122510,3,6.729744521088549
1753,122511,3,6.082381440762402
1754,122512,3,6.4520228819747505
1755,122513,3,6.465315038369077
1756,122514,3,6.220644434569559
1757,122515,3,5.671063378370541
1758,122516,3,5.52616814301895
1759,122517,3,6.488839420672731
1760,122518,3,6.398999961046657
1761,122519,3,6.4848245963696085
1762,122520,3,6.833244562287205
1763,122521,3,5.584214939900733
1764,122522,3,6.190421786181844
1765,122523,3,6.238179840687105
1766,122524,3,6.931477689457082
1767,122525,3,5.415233466377484
1768,122526,3,6.542719289415197
1769,122527,3,6.22533973429932
1770,122528,3,3.696834611808771
1771,122529,3,6.227988128304421
1772,122530,3,6.425026133321132
1773,122531,3,5.87004778588346
1774,122532,3,5.1603936093507
1775,122533,3,6.7409395692153815
1776,122534,3,5.654732363365731
1777,122535,3,4.840067918346146
1778,122536,3,5.558612996283841
1779,122537,3,5.94517772718904
1780,122538,3,6.104369848727927
1781,122539,3,6.27064675389701
1782,122540,3,5.841448504324065
1783,122541,3,5.669781634102662
1784,122542,3,4.755977735509458
1785,122543,3,5.947512242747595
1786,122544,3,5.661719637552953
1787,122545,3,5.912376873811349
1788,122546,3,5.837177561825043
1789,122547,3,4.656640287509833
1790,122548,3,6.04013604591045
1791,122549,3,4.804922292258699
1792,122550,3,6.57524070835857
1793,122551,3,5.85394132797595
1794,122552,3,5.115967697720627
1795,122553,3,6.726858227976855
1796,122554,3,5.142786086604573
1797,122555,3,6.825969622725047
1798,122556,3,5.189977713545449
1799,122557,3,5.654940537588457
1800,122558,3,6.577190053577384
1801,122559,3,6.014787015151758
1802,122560,3,6.773710366298988
1803,122561,3,5.991558889290123
1804,122562,3,4.051958969782447
1805,122563,3,5.560121805484152
1806,122564,3,5.98635900176998
1807,122565,3,5.303900717039334
1808,122566,3,5.919138359532113
1809,122567,3,5.88286946739145
1810,122568,3,5.948796692436641
1811,122569,3,4.919172982898337
1812,122570,3,4.807308275275418
1813,122571,3,6.418978222619139
1814,122572,3,5.729802410255494
1815,122573,3,5.183914038089165
1816,122574,3,6.199012924778236
1817,122575,3,5.620297243262707
1818,122576,3,4.849519788997956
1819,122577,3,6.026532282761468
1820,122578,3,5.937028261995573
1821,122579,3,4.755469342865864
1822,122580,3,5.270580947795783
1823,122581,3,4.5854744056821595
1824,122582,3,2.6873241471578604
1825,122583,3,2.6061398485997147
1826,122584,3,4.327505884610214
1827,122585,3,5.082062924250098
1828,122586,3,4.890851072167676
1829,122587,3,5.453539977926529
1830,122588,3,4.59609767289688
1831,122589,3,4.980037438295006
1832,122590,3,2.995795806498838
1833,122591,3,2.747011628893256
1834,122592,3,4.459959512683028
1835,122593,3,3.9538268541811483
1836,122594,3,3.678968098977089
1837,122595,3,2.9110632569680654
1838,122596,3,4.925198770864673
1839,122597,3,2.5652602979074954
1840,122598,3,3.054213623181865
1841,122599,3,2.724687495859755
1842,122600,3,4.019216135389238
1843,122601,3,3.0008379007296933
1844,122602,3,3.5898935530207576
1845,122603,3,4.475322970807978
1846,122604,3,2.7690633694793707
1847,122605,3,2.988653796943239
1848,122606,3,3.2454365905752396
1849,122607,3,2.817174840532231
1850,122608,3,4.349739913679296
1851,122609,3,5.084572933306365
1852,122610,3,4.158476554875191
1853,122611,3,3.02983911745795
1854,122612,3,3.0016823789022515
1855,122613,3,2.7515682827193366
1856,122614,3,2.7255997373274408
1857,122615,3,2.5993320767172996
1858,122616,3,2.757003768391249
1859,122617,3,2.9304644950464955
1860,122618,3,3.1973165841605966
1861,122619,3,3.16897548513924
1862,122620,3,2.712157371641612
1863,122621,3,2.6477231072374314
1864,122622,3,3.2868973118891733
1865,122623,3,2.5541198348394065
1866,122624,3,2.9142597049710055
1867,122625,3,2.324751050334693
1868,122626,3,2.7255725988533492
1869,122627,3,2.9762407009120153
1870,122628,3,2.7872659914069207
1871,122629,3,2.753614185894463
1872,122630,3,2.7474063669973456
1873,122631,3,2.6492423454879965
1874,122632,3,2.7006381926019283
1875,122633,3,2.7949371877226334
1876,122634,3,2.571204873859621
1877,122635,3,2.755736730554457
1878,122636,3,2.6388167797002113
1879,122637,3,2.6209823460608916
1880,122638,3,3.0075623705786954
1881,122639,3,2.6609714132517217
1882,122640,3,2.9826235346201
1883,122641,3,2.8201485990639283
1884,122642,3,8.68873297096632
1885,122643,3,8.848473401656426
1886,122644,3,9.22286037631385
1887,122645,3,8.454282667257965
1888,122646,3,8.809277998449492
1889,122647,3,8.915745326795232
1890,122648,3,7.719132784938999
1891,122649,3,8.167602334362027
1892,122650,3,8.664641427685552
1893,122651,3,6.955656351352976
1894,122652,3,7.378104762737961
1895,122653,3,8.642976284897822
1896,122654,3,7.734495496161615
1897,122655,3,7.746823019208285
1898,122656,3,8.070882440216117
1899,122657,3,8.996120466857317
1900,122658,3,8.445967821763624
1901,122659,3,8.544105733333243
1902,122660,3,8.58109998208352
1903,122661,3,8.387682031921013
1904,122662,3,7.701692107631946
1905,122663,3,9.213692731479334
1906,122664,3,6.814215152369143
1907,122665,3,7.421443613796755
1908,122666,3,7.658821902229256
1909,122667,3,8.945262642644654
1910,122668,3,7.766405021693386
1911,122669,3,8.617630979104373
1912,122670,3,8.499096081550015
1913,122671,3,8.091013985940535
1914,122672,3,8.049795022346835
1915,122673,3,8.071016282013485
1916,122674,3,7.134818756006727
1917,122675,3,8.903861491454023
1918,122676,3,8.455768468387067
1919,122677,3,7.869256098702092
1920,122678,3,8.21586644453747
1921,122679,3,8.296674327199176
1922,122680,3,8.053488818008132
1923,122681,3,8.324957602226359
1924,122682,3,8.818995411925297
1925,122683,3,8.731015946141774
1926,122684,3,8.488087933966963
1927,122685,3,8.030562751920632
1928,122686,3,7.337113695391956
1929,122687,3,7.892937834931422
1930,122688,3,8.665553954275357
1931,122689,3,8.473619251662752
1932,122690,3,8.804533445513261
1933,122691,3,7.251134771338719
1934,122692,3,8.264333362883606
1935,122693,3,8.431889604513376
1936,122694,3,8.517015607557465
1937,122695,3,9.029638343300457
1938,122696,3,8.369375953756975
1939,122697,3,8.277813213401837
1940,122698,3,8.05539954249635
1941,122699,3,8.335053596715685
1942,122700,3,7.675991350269915
1943,122701,3,8.518040007546386
1944,122702,3,7.903571191180855
1945,122703,3,8.570804663638414
1946,122704,3,8.302660150467812
1947,122705,3,8.581231296253616
1948,122706,3,8.305028726594365
1949,122707,3,7.34323398746076
1950,122708,3,8.15277582604691
1951,122709,3,8.167626623293414
1952,122710,3,8.864977957130282
1953,122711,3,8.478124718594975
1954,122712,3,7.842539775799782
1955,122713,3,8.034193975331391
1956,122714,3,8.344702212870528
1957,122715,3,8.285376847123832
1958,122716,3,7.95053114493351
1959,122717,3,8.93307787940607
1960,122718,3,7.448068074108365
1961,122719,3,7.53881813932787
1962,122720,3,8.899899273059402
1963,122721,3,8.515449911098116
1964,122722,3,8.405018423019998
1965,122723,3,7.481545939179646
1966,122724,3,8.24799047118594
1967,122725,3,8.297052402556082
1968,122726,3,8.114092979617247
1969,122727,3,7.704251126042216
1970,122728,3,8.418082247682861
1971,122729,3,7.382099904615968
1972,122730,3,8.318636894425415
1973,122731,3,7.732361075301994
1974,122732,3,8.226553527317233
1975,122733,3,8.263831922379092
1976,122734,3,7.833411621712297
1977,122735,3,8.231997391619004
1978,122736,3,7.899092927686654
1979,122737,3,8.456325739524114
1980,122738,3,7.432096226046613
1981,122739,3,7.612597611273256
1982,122740,3,7.369466905319306
1983,122741,3,8.158666056896815
1984,122742,3,8.464675918967133
1985,122743,3,8.073276720540687
1986,122744,3,7.214111939605101
1987,122745,3,7.766632207541814
1988,122746,3,7.447723500889074
1989,122747,3,8.200504075159929
1990,122748,3,7.527131705073783
1991,122749,3,7.3590583055518035
1992,122750,3,8.214941433851777
1993,122751,3,7.704582712004085
1994,122752,3,7.7359158359380835
1995,122753,3,7.1622039367992585
1996,122754,3,7.819919135371034
1997,122755,3,7.366471468886307
1998,122756,3,8.080292113121219
1999,122757,3,7.537710206877395
2000,122758,3,8.124461040096332
2001,122759,3,8.113525641115372
2002,122760,3,7.505679030778277
2003,122761,3,8.205353022891536
2004,122762,3,7.580768386351545
2005,122763,3,8.795967721453408
2006,122764,3,7.208432648730447
2007,122765,3,8.611734034200305
2008,122766,3,6.675202904934386
2009,122767,3,7.380934204992495
2010,122768,3,7.031846397206988
2011,122769,3,7.432811293341326
2012,122770,3,7.731468428691202
2013,122771,3,6.740725264361505
2014,122772,3,7.1613701213715
2015,122773,3,7.1211390978487845
2016,122774,3,6.986080790414131
2017,122775,3,8.412636165545718
2018,122776,3,7.307413531475648
2019,122777,3,7.870395677748819
2020,122778,3,7.711999168915669
2021,122779,3,7.9765224810192015
2022,122780,3,8.372091958398393
2023,122781,3,6.338008206888298
2024,122782,3,8.32740526076672
2025,122783,3,7.806273899817219
2026,122784,3,6.82637769788204
2027,122785,3,6.638874355287637
2028,122786,3,7.634652637320961
2029,122787,3,6.462405084591743
2030,122788,3,7.931555757644385
2031,122789,3,7.896121166989424
2032,122790,3,6.664428622914303
2033,122791,3,8.017323275798963
2034,122792,3,6.015460311403379
2035,122793,3,8.639779061329135
2036,122794,3,8.603152155306311
2037,122795,3,8.70906328276072
2038,122796,3,8.830024389111284
2039,122797,3,8.207035910319595
2040,122798,3,5.789898048006073
2041,122799,3,7.513905710805465
2042,122800,3,7.256852017729127
2043,122801,3,7.288470203185495
2044,122802,3,7.582051126125139
2045,122803,3,6.071798624947074
2046,122804,3,7.408880401857188
2047,122805,3,6.776719401744163
2048,122806,3,6.418891022816971
2049,122807,3,7.1553797304862305
2050,122808,3,7.889956615151829
2051,122809,3,5.477545850186596
2052,122810,3,7.0095235102458915
2053,122811,3,7.3764334855854825
2054,122812,3,6.089072500857297
2055,122813,3,6.936549318635204
2056,122814,3,7.564974774868085
2057,122815,3,5.702538121150164
2058,122816,3,6.054799262991727
2059,122817,3,5.205493108352469
2060,122818,3,5.2675839769884085
2061,122819,3,3.2928378324665144
2062,122820,3,3.37435429511066
2063,122821,3,3.8108885296465926
2064,122822,3,3.331342301562037
2065,122823,3,6.459248538444358
2066,122824,3,7.309226760949263
2067,122825,3,5.899226191927719
2068,122826,3,6.895228343391917
2069,122827,3,6.819971417015113
2070,122828,3,6.438199254158877
2071,122829,3,6.391261849150067
2072,122830,3,6.962604770173502
2073,122831,3,8.128096474860461
2074,122832,3,6.582867985004283
2075,122833,3,6.880165157175771
2076,122834,3,6.6437089131584095
2077,122835,3,6.374085803962019
2078,122836,3,7.459424638757747
2079,122837,3,6.5001320683784884
2080,122838,3,7.005046454649664
2081,122839,3,6.359105733039582
2082,122840,3,6.196422312777268
2083,122841,3,5.72901510905413
2084,122842,3,6.684409735053621
2085,122843,3,6.396366735865564
2086,122844,3,6.339865224790916
2087,122845,3,5.859628473437415
2088,122846,3,6.244364712449524
2089,122847,3,5.846788250235033
2090,122848,3,5.722308355310475
2091,122849,3,5.221590053893518
2092,122850,3,5.867624572097253
2093,122851,3,5.730045971008016
2094,122852,3,7.494949245593041
2095,122853,3,6.310584575914958
2096,122854,3,6.181841029765737
2097,122855,3,6.0925651526618
2098,122856,3,5.786659330507449
2099,122857,3,7.982854637546109
2100,122858,3,6.658837654644804
2101,122859,3,6.003694077255766
2102,122860,3,5.848964975631127
2103,122861,3,6.0948364721996064
2104,122862,3,6.612515076234876
2105,122863,3,5.251543781813147
2106,122864,3,5.737962555730053
2107,122865,3,5.737962555730053
2108,122866,3,5.737962555730053
2109,122867,3,2.8962862474708215
2110,122868,3,4.294963361749511
2111,122869,3,2.8919247500024077
2112,122870,3,4.976485339641287
2113,122871,3,2.5910609615245663
2114,122872,3,2.4015536452523225
2115,122873,3,4.282172256458878
2116,122874,3,2.5739491312411182
2117,122875,3,2.882825939008315
2118,122876,3,2.5365596338948126
2119,122877,3,3.6966483150711813
2120,122878,3,2.900360252136463
2121,122879,3,2.83749999687411
2122,122880,3,2.764059978335451
2123,122881,3,3.006474765847424
2124,122882,3,2.9616740203159586
2125,122883,3,2.6704223328366474
2126,122884,3,2.8017362373168373
2127,122885,3,2.8235319579642884
2128,122886,3,2.932504671997105
2129,122887,3,2.9885419560433713
2130,122888,3,2.717374766332904
2131,122889,3,3.005093636923782
2132,122890,3,2.6383882013487963
2133,122891,3,2.544860035201718
2134,122892,3,2.71755023630581
2135,122893,3,2.5429072254951173
2136,122894,3,2.976757295970601
2137,122895,3,2.812135257449511
2138,122896,3,2.765892408132102
2139,122897,3,2.727172002580714
2140,122898,3,3.1619736761536488
2141,122899,3,2.9819370239951826
2142,122900,3,8.706434197670166
2143,122901,3,9.198624164139101
2144,122902,3,8.854253508821337
2145,122903,3,9.086962523915489
2146,122904,3,8.896610151330169
2147,122905,3,8.73485590642096
2148,122906,3,8.341022380505539
2149,122907,3,9.145246039930356
2150,122908,3,9.132086280930553
2151,122909,3,8.9409395653838
2152,122910,3,9.120884502169
2153,122911,3,9.021433321293216
2154,122912,3,9.45343190211053
2155,122913,3,8.549057265291157
2156,122914,3,8.856732486693016
2157,122915,3,8.966139090189621
2158,122916,3,8.413343952003082
2159,122917,3,8.5871914837975
2160,122918,3,8.85780954820692
2161,122919,3,9.093175820875429
2162,122920,3,9.534525419597536
2163,122921,3,9.135697786830912
2164,122922,3,9.007562873591349
2165,122923,3,8.342078815165534
2166,122924,3,8.896579454068885
2167,122925,3,7.752287001559008
2168,122926,3,9.085632203017655
2169,122927,3,8.817762105012173
2170,122928,3,9.26224678880437
2171,122929,3,8.854083361202495
2172,122930,3,9.00160621586201
2173,122931,3,8.682367837227648
2174,122932,3,8.625671525482954
2175,122933,3,8.395084360647047
2176,122934,3,8.343638187142123
2177,122935,3,9.237592759650038
2178,122936,3,9.283324177272453
2179,122937,3,8.899628426233305
2180,122938,3,8.941130476188947
2181,122939,3,8.326870726505117
2182,122940,3,9.196634678115032
2183,122941,3,8.798359517940671
2184,122942,3,8.849599178025786
2185,122943,3,8.10812915755447
2186,122944,3,9.110981304731514
2187,122945,3,8.967711441219798
2188,122946,3,8.984049333579932
2189,122947,3,9.079605112340513
2190,122948,3,8.681435104810356
2191,122949,3,9.063696189629916
2192,122950,3,8.56486621018466
2193,122951,3,8.731076683794685
2194,122952,3,8.95861905681251
2195,122953,3,9.094743045822806
2196,122954,3,9.113460291275958
2197,122955,3,8.84847407363993
2198,122956,3,8.986397003598855
2199,122957,3,8.971471660644116
2200,122958,3,9.21070202386789
2201,122959,3,8.629223367154214
2202,122960,3,9.006980619830598
2203,122961,3,8.720291847416004
2204,122962,3,9.229463004986018
2205,122963,3,8.642074891785905
2206,122964,3,8.362417924490689
2207,122965,3,8.5131556808634
2208,122966,3,8.585252421104032
2209,122967,3,8.432343162712343
2210,122968,3,6.634798835991136
2211,122969,3,8.691748752589726
2212,122970,3,8.695182021547188
2213,122971,3,9.150672050227712
2214,122972,3,9.143361438956878
2215,122973,3,8.85729278563226
2216,122974,3,8.899770427847042
2217,122975,3,9.285228065554731
2218,122976,3,8.705167502345743
2219,122977,3,8.921402538744193
2220,122978,3,8.674405686099794
2221,122979,3,9.117798796404452
2222,122980,3,9.242782685513525
2223,122981,3,9.235610336003333
2224,122982,3,9.180461942971018
2225,122983,3,8.943077197931938
2226,122984,3,8.295858434671946
2227,122985,3,8.467095742430732
2228,122986,3,9.095016810855894
2229,122987,3,8.935522252779515
2230,122988,3,8.65004512168487
2231,122989,3,9.126351219455769
2232,122990,3,8.85768668693712
2233,122991,3,8.536134964245019
2234,122992,3,8.263227653608357
2235,122993,3,9.020819991686178
2236,122994,3,9.112995818869747
2237,122995,3,8.839540982403253
2238,122996,3,8.687897736777437
2239,122997,3,8.933114451934935
2240,122998,3,8.890298413855584
2241,122999,3,8.641126196480283
2242,123000,3,8.639964113862897
2243,123001,3,7.781841441597066
2244,123002,3,8.730447870801004
2245,123003,3,9.054817141478942
2246,123004,3,8.85215456918823
2247,123005,3,9.308016371489225
2248,123006,3,8.690975871135187
2249,123007,3,8.730579156465819
2250,123008,3,9.10717126153222
2251,123009,3,9.263641069932483
2252,123010,3,9.038812252510494
2253,123011,3,9.397081380964904
2254,123012,3,9.197074205437094
2255,123013,3,8.986662183017494
2256,123014,3,9.18345548741205
2257,123015,3,8.962580853051222
2258,123016,3,8.745829741257968
2259,123017,3,8.396661586120747
2260,123018,3,8.941570476797581
2261,123019,3,9.274395267658921
2262,123020,3,9.039981389150977
2263,123021,3,9.109803045902048
2264,123022,3,8.794832126472889
2265,123023,3,8.99029521659701
2266,123024,3,9.147583568929344
2267,123025,3,9.22210044947726
2268,123026,3,9.115256331201039
2269,123027,3,9.110823952243127
2270,123028,3,9.219626099042488
2271,123029,3,8.913453577981695
2272,123030,3,8.803034582548149
2273,123031,3,9.187923700013439
2274,123032,3,8.929523709554525
2275,123033,3,9.147749083186495
2276,123034,3,9.012687704416411
2277,123035,3,8.940664331177132
2278,123036,3,8.905554265638099
2279,123037,3,8.796073348225299
2280,123038,3,8.796073348225299
2281,123039,3,8.824608757208113
2282,123040,3,8.97126385852511
2283,123041,3,8.557334763612403
2284,123042,3,8.72131423517256
2285,123043,3,8.776699803400401
2286,123044,3,9.211516357523653
2287,123045,3,7.171135567665322
2288,123046,3,9.10776660064341
2289,123047,3,9.140432408438066
2290,123048,3,9.101912539291542
2291,123049,3,8.814936360206504
2292,123050,3,8.889252217327746
2293,123051,3,8.75468101050178
2294,123052,3,8.75468101050178
2295,123053,3,9.218887712401598
2296,123054,3,8.622690723162055
2297,123055,3,9.176756595617476
2298,123056,3,8.68413539801735
2299,123057,3,8.393724342441056
2300,123058,3,8.716235178959337
2301,123059,3,8.905076331337682
2302,123060,3,8.685471133675842
2303,123061,3,9.206303966259874
2304,123062,3,8.564215548089528
2305,123063,3,8.716197247218602
2306,123064,3,8.630154035271676
2307,123065,3,8.465860960014497
2308,123066,3,7.531699155170462
2309,123067,3,8.601613493267198
2310,123068,3,9.075098178051261
2311,123069,3,9.01398073487922
2312,123070,3,8.627636781571553
2313,123071,3,8.736792941354485
2314,123072,3,8.803989518522926
2315,123073,3,8.876373536521339
2316,123074,3,8.735681133968258
2317,123075,3,9.032594315099722
2318,123076,3,8.411041653562492
2319,123077,3,8.411041653562492
2320,123078,3,8.480803958181605
2321,123079,3,8.15593928207778
2322,123080,3,8.547989938438729
2323,123081,3,8.74164654055284
2324,123082,3,5.715536826483093
2325,123083,3,8.341640104469645
2326,123084,3,8.913734923381526
2327,123085,3,8.867724258311137
2328,123086,3,9.174259026258733
2329,123087,3,8.92799838220405
2330,123088,3,8.701613869974839
2331,123089,3,9.083864266768721
2332,123090,3,8.855587659986607
2333,123091,3,8.382214902056758
2334,123092,3,9.190114244100496
2335,123093,3,8.684095865531546
2336,123094,3,8.585385369309865
2337,123095,3,9.204749944995774
2338,123096,3,8.30794891124691
2339,123097,3,8.589878541817814
2340,123098,3,8.709804310016489
2341,123099,3,8.757303210070376
2342,123100,3,8.969445057808514
2343,123101,3,8.687719737051326
2344,123102,3,8.987600021394499
2345,123103,3,8.732445106465239
2346,123104,3,8.648513634712526
2347,123105,3,8.721828644660814
2348,123106,3,8.770588985145228
2349,123107,3,8.864177567827964
2350,123108,3,8.553441582245057
2351,123109,3,8.741932134027671
2352,123110,3,9.12743548780312
2353,123111,3,8.278033151592476
2354,123112,3,9.053378227591914
2355,123113,3,8.743335537681755
2356,123114,3,8.494751226615389
2357,123115,3,8.54942750820438
2358,123116,3,8.252733874888584
2359,123117,3,8.593583871280206
2360,123118,3,8.834904747638273
2361,123119,3,8.992504880343581
2362,123120,3,8.227583429799108
2363,123121,3,7.534660685860896
2364,123122,3,8.657074010545854
2365,123123,3,8.121978857914463
2366,123124,3,8.76718041040193
2367,123125,3,8.907058738083224
2368,123126,3,8.478925136919734
2369,123127,3,8.193022020434022
2370,123128,3,8.315470713539966
2371,123129,3,8.510451347025965
2372,123130,3,8.839298921970377
2373,123131,3,6.830686095199626
2374,123132,3,9.09062427761181
2375,123133,3,8.936344282256618
2376,123134,3,8.977699051033394
2377,123135,3,8.967451842083532
2378,123136,3,8.564647098566223
2379,123137,3,8.482292455614246
2380,123138,3,8.927210827525824
2381,123139,3,9.06437356850656
2382,123140,3,7.749679491579957
2383,123141,3,8.584891538076112
2384,123142,3,8.906303506982045
2385,123143,3,8.017405460714304
2386,123144,3,8.854665648655264
2387,123145,3,8.416232669317578
2388,123146,3,8.913380449343762
2389,123147,3,9.205558650271985
2390,123148,3,9.154973860716808
2391,123149,3,8.761711228223533
2392,123150,3,8.62202138698159
2393,123151,3,8.345318351472207
2394,123152,3,8.7913530054088
2395,123153,3,8.735642521422026
2396,123154,3,8.440534201667765
2397,123155,3,7.034568482614905
2398,123156,3,8.93859864473506
2399,123157,3,8.273484771012146
2400,123158,3,9.09214728474481
2401,123159,3,8.61660968998385
2402,123160,3,8.614543780417078
2403,123161,3,8.343550836041272
2404,123162,3,8.50655519968462
2405,123163,3,8.438973297746504
2406,123164,3,8.782571741524455
2407,123165,3,8.11016348556838
2408,123166,3,7.721283995835419
2409,123167,3,8.312640904572755
2410,123168,3,8.93065034363155
2411,123169,3,8.126582224925114
2412,123170,3,7.981064133959396
2413,123171,3,8.337496564177773
2414,123172,3,7.019664838827858
2415,123173,3,8.097043836066083
2416,123174,3,8.434456367816843
2417,123175,3,8.675503178018527
2418,123176,3,6.676492836227881
2419,123177,3,9.172888161343463
2420,123178,3,8.508820798851847
2421,123179,3,8.329116834996606
2422,123180,3,7.725140127174536
2423,123181,3,8.988796372882142
2424,123182,3,8.411940891364026
2425,123183,3,7.913492141912155
2426,123184,3,8.716480040245123
2427,123185,3,8.729298687244125
2428,123186,3,8.462525942615047
2429,123187,3,8.591854083189684
2430,123188,3,8.189842836101922
2431,123189,3,8.848746907689893
2432,123190,3,8.441486820853905
2433,123191,3,8.674794113828918
2434,123192,3,8.577569070881536
2435,123193,3,9.103118711803006
2436,123194,3,8.407293864449564
2437,123195,3,9.109930076437784
2438,123196,3,8.45242893634424
2439,123197,3,8.449729504171284
2440,123198,3,8.118296556685923
2441,123199,3,8.966014822123798
2442,123200,3,7.698781884118115
2443,123201,3,6.581135465065156
2444,123202,3,8.673120488522168
2445,123203,3,7.5520606858343085
2446,123204,3,8.655603828202672
2447,123205,3,8.237478586290143
2448,123206,3,8.520805765058956
2449,123207,3,8.266413345398128
2450,123208,3,8.831795757951696
2451,123209,3,8.352821098451892
2452,123210,3,9.049307475177764
2453,123211,3,9.148450159883126
2454,123212,3,8.776136521518204
2455,123213,3,9.053965967281034
2456,123214,3,8.444232482349303
2457,123215,3,7.7856767387600945
2458,123216,3,8.283900418479643
2459,123217,3,6.975256675292713
2460,123218,3,7.998861019570004
2461,123219,3,8.292832700630969
2462,123220,3,7.690543951981487
2463,123221,3,9.021407663321765
2464,123222,3,7.545168405717803
2465,123223,3,7.286540769539291
2466,123224,3,8.25780078913995
2467,123225,3,8.554939390630784
2468,123226,3,6.8712750963542035
2469,123227,3,6.298522383609571
2470,123228,3,8.567405895963088
2471,123229,3,6.961456167398017
2472,123230,3,7.952663836220294
2473,123231,3,8.625897605073959
2474,123232,3,6.581954488834652
2475,123233,3,6.687952127181038
2476,123234,3,8.437347660836222
2477,123235,3,7.57428515357563
2478,123236,3,6.937493238766077
2479,123237,3,5.3373542746945555
2480,123238,3,7.47465632859014
2481,123239,3,8.264234171622824
2482,123240,3,7.327854277748466
2483,123241,3,8.83592363694121
2484,123242,3,8.24161704317212
2485,123243,3,6.181132857362008
2486,123244,3,8.952096556816523
2487,123245,3,8.276338722609943
2488,123246,3,5.465663831208423
2489,123247,3,7.896949616354215
2490,123248,3,7.921696714966353
2491,123249,3,6.6802642000078
2492,123250,3,8.048793074859184
2493,123251,3,7.034713322108958
2494,123252,3,5.296298104916008
2495,123253,3,8.305684585922064
2496,123254,3,7.374156477675145
2497,123255,3,7.515747821997707
2498,123256,3,7.963124372128804
2499,123257,3,6.064853820131034
2500,123258,3,3.2876923883748495
2501,123259,3,3.4116614258835374
2502,123260,3,3.5685572199541027
2503,123261,3,3.8934329027087164
2504,123262,3,8.472996249324188
2505,123263,3,6.994880613018237
2506,123264,3,8.453075924985846
2507,123265,3,8.806108617186634
2508,123266,3,8.678176146883208
2509,123267,3,8.278512366653137
2510,123268,3,7.949264599135117
2511,123269,3,8.67868760849067
2512,123270,3,8.171628401867679
2513,123271,3,8.48316743533539
2514,123272,3,8.45306626712908
2515,123273,3,8.636595561398272
2516,123274,3,8.652348241151449
2517,123275,3,8.719958047511259
2518,123276,3,8.712909353532268
2519,123277,3,7.145553406389157
2520,123278,3,8.633380620353162
2521,123279,3,7.991072262548973
2522,123280,3,7.420367791127287
2523,123281,3,8.061188020018875
2524,123282,3,8.75407147210779
2525,123283,3,8.378142413955228
2526,123284,3,8.433629843539
2527,123285,3,8.433629843539
2528,123286,3,7.142738303216356
2529,123287,3,7.087817617620921
2530,123288,3,8.414503109047823
2531,123289,3,8.545881041225188
2532,123290,3,8.674948936999474
2533,123291,3,8.830190616918943
2534,123292,3,7.910487710941627
2535,123293,3,8.489426073183253
2536,123294,3,8.384883270925625
2537,123295,3,8.508817996742746
2538,123296,3,7.35011344027351
2539,123297,3,7.759363018737455
2540,123298,3,8.502155599548376
2541,123299,3,8.594016249501943
2542,123300,3,7.87906394583635
2543,123301,3,8.312359567893687
2544,123302,3,8.327542305207787
2545,123303,3,7.829169339749594
2546,123304,3,8.0674635267669
2547,123305,3,7.612112426432245
2548,123306,3,8.395739966152291
2549,123307,3,7.838265009578664
2550,123308,3,7.838265009578664
2551,123309,3,8.329635949020894
2552,123310,3,7.762022275894882
2553,123311,3,8.50181913456036
2554,123312,3,7.895354095353692
2555,123313,3,8.597419885408712
2556,123314,3,8.67212209949044
2557,123315,3,8.256378055609293
2558,123316,3,7.0543324114055554
2559,123317,3,8.779570395473188
2560,123318,3,7.873843709820621
2561,123319,3,7.994443053931697
2562,123320,3,6.653618429856052
2563,123321,3,8.57223015809369
2564,123322,3,8.587532044570729
2565,123323,3,7.536883816472631
2566,123324,3,7.486092272666104
2567,123325,3,8.252088104292689
2568,123326,3,8.243606161823674
2569,123327,3,8.553769057459917
2570,123328,3,8.629528702966871
2571,123329,3,6.59970568114734
2572,123330,3,7.56979860544289
2573,123331,3,7.580163876316319
2574,123332,3,7.955362965117233
2575,123333,3,6.983108378232937
2576,123334,3,8.19626743375057
2577,123335,3,7.698696898476461
2578,123336,3,7.3929144890642915
2579,123337,3,7.840757392930745
2580,123338,3,7.372603131659173
2581,123339,3,8.056450378544044
2582,123340,3,8.780498172770713
2583,123341,3,6.493661673953401
2584,123342,3,7.907929549939361
2585,123343,3,8.484708941043436
2586,123344,3,7.4733283067792815
2587,123345,3,7.932715739230745
2588,123346,3,7.320772456679231
2589,123347,3,7.189869737187893
2590,123348,3,7.8608592866105775
2591,123349,3,7.572013945772813
2592,123350,3,8.08959882363537
2593,123351,3,8.796318777013568
2594,123352,3,6.614383240288629
2595,123353,3,8.133443853508
2596,123354,3,5.802802862998719
2597,123355,3,7.971706405499052
2598,123356,3,8.023672642645188
2599,123357,3,7.700908697959557
2600,123358,3,8.295688290027515
2601,123359,3,7.868883762752568
2602,123360,3,7.644018086485539
2603,123361,3,8.744181842719069
2604,123362,3,7.297906750178978
2605,123363,3,6.432399395842589
2606,123364,3,6.747671301293216
2607,123365,3,7.800442040456782
2608,123366,3,7.77650148686976
2609,123367,3,7.559178854545909
2610,123368,3,7.459037755380442
2611,123369,3,6.383803722923655
2612,123370,3,8.103867032219654
2613,123371,3,8.14437286371923
2614,123372,3,7.989321238013125
2615,123373,3,7.004715594453471
2616,123374,3,8.251135925059105
2617,123375,3,7.401072647987367
2618,123376,3,5.544575470194632
2619,123377,3,7.90695512206069
2620,123378,3,7.949974085117406
2621,123379,3,6.266782098466765
2622,123380,3,6.165629671656244
2623,123381,3,7.298868016483692
2624,123382,3,8.338916862195497
2625,123383,3,6.411797624158182
2626,123384,3,5.997297254100963
2627,123385,3,8.56476500512597
2628,123386,3,7.702388122310607
2629,123387,3,7.730328951891284
2630,123388,3,6.2190008484941695
2631,123389,3,6.920649077260102
2632,123390,3,6.102255532913366
2633,123391,3,7.481266737591243
2634,123392,3,5.86507209493311
2635,123393,3,7.885002163759141
2636,123394,3,5.625080743200916
2637,123395,3,7.1092167665083945
2638,123396,3,8.095673843356622
2639,123397,3,8.031018308356588
2640,123398,3,7.4131449149776385
2641,123399,3,6.712506446730368
2642,123400,3,5.9782779011104
2643,123401,3,7.75755518967887
2644,123402,3,5.500837263935448
2645,123403,3,5.918344074755732
2646,123404,3,7.267937778094839
2647,123405,3,5.491165417603987
2648,123406,3,7.549909058709892
2649,123407,3,7.883897340115265
2650,123408,3,6.3436841613862756
2651,123409,3,6.683051115650768
2652,123410,3,4.987373649769271
2653,123411,3,8.295564930545446
2654,123412,3,6.599680377747475
2655,123413,3,7.771527211642619
2656,123414,3,5.609807246197532
2657,123415,3,5.845113696652172
2658,123416,3,6.781544352688828
2659,123417,3,5.710688940698722
2660,123418,3,6.6229897864880485
2661,123419,3,5.165413947602754
2662,123420,3,5.378217767505434
2663,123421,3,5.391848434326301
2664,123422,3,3.7249726506233145
2665,123423,3,3.5421521638106497
2666,123424,3,3.226376856407201
2667,123425,3,3.480860917535121
2668,123426,3,3.5477124401414923
2669,123427,3,5.348694589479983
2670,123428,3,4.121319111525496
2671,123429,3,3.7364101967455543
2672,123430,3,3.7596278514265467
2673,123431,3,3.3505216066729995
2674,123432,3,3.493523431640022
2675,123433,3,3.456272971936581
2676,123434,3,3.2779594893621686
2677,123435,3,3.0041286509275773
2678,123436,3,3.077835021360903
2679,123437,3,3.2153140642184943
2680,123438,3,3.71302079176498
2681,123439,3,9.116535477128187
2682,123440,3,9.274587991578223
2683,123441,3,8.579994914611287
2684,123442,3,8.84497889693371
2685,123443,3,8.726194421143719
2686,123444,3,8.997458650137496
2687,123445,3,7.732519484427488
2688,123446,3,9.134532379074514
2689,123447,3,8.293641367908197
2690,123448,3,7.574720134120126
2691,123449,3,8.537753505553919
2692,123450,3,7.815335463419893
2693,123451,3,8.355571091915879
2694,123452,3,7.812296802958113
2695,123453,3,8.794044884313433
2696,123454,3,8.321473273963289
2697,123455,3,9.152157915205246
2698,123456,3,7.033683074120357
2699,123457,3,8.70865614541572
2700,123458,3,9.321798896199933
2701,123459,3,9.01146806226818
2702,123460,3,7.839633551301576
2703,123461,3,8.862895694150062
2704,123462,3,7.531777230300074
2705,123463,3,8.369459236784246
2706,123464,3,7.50672093222577
2707,123465,3,9.151980197689099
2708,123466,3,8.476136784716147
2709,123467,3,8.91847711847604
2710,123468,3,8.606641366917657
2711,123469,3,7.743034770686705
2712,123470,3,8.37021331598565
2713,123471,3,7.475500629669614
2714,123472,3,7.618177160278674
2715,123473,3,8.96147003905682
2716,123474,3,8.336283823007593
2717,123475,3,8.437701293862522
2718,123476,3,8.072790947787475
2719,123477,3,8.674888593944043
2720,123478,3,7.13880573281466
2721,123479,3,8.289098184667367
2722,123480,3,8.397697989688087
2723,123481,3,7.56224064883138
2724,123482,3,8.097311869423311
2725,123483,3,7.526843962213528
2726,123484,3,8.706131600357859
2727,123485,3,7.521331744712505
2728,123486,3,7.998382737158306
2729,123487,3,7.673923317043829
2730,123488,3,9.189880891118529
2731,123489,3,7.968891093321005
2732,123490,3,8.01788703597435
2733,123491,3,8.932119007569925
2734,123492,3,7.84479624352685
2735,123493,3,7.84479624352685
2736,123494,3,8.57197021107711
2737,123495,3,7.249350275330507
2738,123496,3,8.67048863651231
2739,123497,3,8.562502656904481
2740,123498,3,9.176423620106771
2741,123499,3,7.1939835609638205
2742,123500,3,7.610441306455814
2743,123501,3,8.686558069833069
2744,123502,3,8.335788015367761
2745,123503,3,8.40060294166566
2746,123504,3,7.417290493853704
2747,123505,3,7.919378657374838
2748,123506,3,7.699653996690301
2749,123507,3,7.05561659858218
2750,123508,3,7.646247580477814
2751,123509,3,8.348542515714833
2752,123510,3,8.539433574863068
2753,123511,3,7.317618426422188
2754,123512,3,7.081367447727471
2755,123513,3,8.123688082649426
2756,123514,3,8.208296946608064
2757,123515,3,7.98007531368455
2758,123516,3,8.086133985017844
2759,123517,3,8.771460084942207
2760,123518,3,7.436714017939576
2761,123519,3,8.885878945856916
2762,123520,3,7.403762025922589
2763,123521,3,8.413286910134484
2764,123522,3,7.7306373140258415
2765,123523,3,7.712213922811696
2766,123524,3,9.32811891777698
2767,123525,3,7.9260485215913885
2768,123526,3,7.177560357432741
2769,123527,3,8.052774525506711
2770,123528,3,8.244543623994776
2771,123529,3,7.182035413073978
2772,123530,3,7.466940487505548
2773,123531,3,5.557072765377742
2774,123532,3,9.117843343798176
2775,123533,3,6.527746373778874
2776,123534,3,6.903198829181898
2777,123535,3,6.949952608638414
2778,123536,3,7.537118298607124
2779,123537,3,8.314233532117163
2780,123538,3,7.793605356713426
2781,123539,3,6.258121468743576
2782,123540,3,8.158919949393297
2783,123541,3,8.708790083919208
2784,123542,3,6.588958614022373
2785,123543,3,7.988842871616804
2786,123544,3,8.073411084015019
2787,123545,3,8.048444706616705
2788,123546,3,8.341180794831093
2789,123547,3,7.594532530079753
2790,123548,3,8.419059181577282
2791,123549,3,6.632594784505894
2792,123550,3,8.251222264525605
2793,123551,3,7.990051690306997
2794,123552,3,7.925856462741365
2795,123553,3,6.299803213496066
2796,123554,3,7.197859071476429
2797,123555,3,6.819507236419797
2798,123556,3,7.233788544208448
2799,123557,3,7.6043343579755485
2800,123558,3,7.148119187372277
2801,123559,3,6.85192952595197
2802,123560,3,7.551264447077491
2803,123561,3,8.067715042282412
2804,123562,3,6.319695281539094
2805,123563,3,7.735822702418445
2806,123564,3,7.895889783004168
2807,123565,3,8.313845170197277
2808,123566,3,6.959839137319514
2809,123567,3,7.630646656155398
2810,123568,3,7.603606178248946
2811,123569,3,7.035967342393175
2812,123570,3,6.419710616473296
2813,123571,3,6.281417912095965
2814,123572,3,7.640369870434881
2815,123573,3,8.121120171264106
2816,123574,3,6.906877489583285
2817,123575,3,7.094665714809581
2818,123576,3,7.998068231264997
2819,123577,3,7.596585328294193
2820,123578,3,7.349450415057085
2821,123579,3,7.65977617064889
2822,123580,3,7.700715687977269
2823,123581,3,8.322756309737006
2824,123582,3,5.323362486346811
2825,123583,3,6.073361870408045
2826,123584,3,6.865486629585099
2827,123585,3,8.237009957534708
2828,123586,3,8.102413639807757
2829,123587,3,6.908877004911933
2830,123588,3,7.821281077228357
2831,123589,3,6.448813822006658
2832,123590,3,7.603048848258887
2833,123591,3,7.337487843602899
2834,123592,3,6.771087355538128
2835,123593,3,7.960126045935125
2836,123594,3,5.714131516512537
2837,123595,3,3.5058349455949065
2838,123596,3,4.742348724960439
2839,123597,3,5.602323617017192
2840,123598,3,3.9351053744626827
2841,123599,3,3.392184181929323
2842,123600,3,6.433831172880248
2843,123601,3,4.5183664635689045
2844,123602,3,5.996772729947389
2845,123603,3,6.003520952357375
2846,123604,3,6.449728596895342
2847,123605,3,8.12828213373939
2848,123606,3,6.036539196382582
2849,123607,3,8.208315806178401
2850,123608,3,7.852789342837633
2851,123609,3,6.416638945433483
2852,123610,3,5.85047297771311
2853,123611,3,7.091823311166949
2854,123612,3,6.7527405979642685
2855,123613,3,5.66931941212553
2856,123614,3,7.156221349330579
2857,123615,3,6.961580453894507
2858,123616,3,6.4586242250915475
2859,123617,3,6.109826893623493
2860,123618,3,7.279976116409407
2861,123619,3,6.880834787910518
2862,123620,3,6.295296449055873
2863,123621,3,5.415875366868288
2864,123622,3,6.4033915281694505
2865,123623,3,6.064050621485946
2866,123624,3,7.16248304287759
2867,123625,3,7.636370127965445
2868,123626,3,6.955482832995865
2869,123627,3,6.927804215572842
2870,123628,3,6.688474787801912
2871,123629,3,6.12120868593724
2872,123630,3,5.818812072645125
2873,123631,3,6.403713814666376
2874,123632,3,5.043570023365315
2875,123633,3,6.719181104878163
2876,123634,3,6.073534154770982
2877,123635,3,6.598807136795298
2878,123636,3,6.602257870734077
2879,123637,3,6.629645933067538
2880,123638,3,6.455944264869566
2881,123639,3,6.440487384747009
2882,123640,3,6.501639449372444
2883,123641,3,7.492855108280878
2884,123642,3,6.128964702783066
2885,123643,3,4.987903397300109
2886,123644,3,6.177306834499018
2887,123645,3,5.84743921519254
2888,123646,3,6.384156378462643
2889,123647,3,4.99780949064398
2890,123648,3,6.09091518694181
2891,123649,3,6.454407730191819
2892,123650,3,6.116551592287307
2893,123651,3,6.995237011712033
2894,123652,3,6.844085092661599
2895,123653,3,6.466741805011565
2896,123654,3,5.993061557100187
2897,123655,3,6.379692951225688
2898,123656,3,6.751048565404531
2899,123657,3,6.899365664600078
2900,123658,3,6.613978673594795
2901,123659,3,6.316276217139618
2902,123660,3,4.193770270662226
2903,123661,3,5.042698174144814
2904,123662,3,6.219210208025541
2905,123663,3,6.88099007371324
2906,123664,3,5.819396272684752
2907,123665,3,6.452981299277365
2908,123666,3,6.084805084273769
2909,123667,3,4.813239870383267
2910,123668,3,5.019886369300967
2911,123669,3,6.452780949578256
2912,123670,3,6.192529774454898
2913,123671,3,5.643668780057093
2914,123672,3,6.120659056111013
2915,123673,3,4.122784436543045
2916,123674,3,5.0639939097000575
2917,123675,3,6.079958457441203
2918,123676,3,4.754846026284923
2919,123677,3,5.959524453419993
2920,123678,3,6.520272227692725
2921,123679,3,6.009808951211343
2922,123680,3,5.618222602764076
2923,123681,3,5.985345924464301
2924,123682,3,5.839771605842414
2925,123683,3,5.5555415105068064
2926,123684,3,5.779049516687793
2927,123685,3,6.507586719141907
2928,123686,3,6.6854732103350685
2929,123687,3,5.970998464642054
2930,123688,3,6.203852189111136
2931,123689,3,6.136337800568846
2932,123690,3,5.68043728643335
2933,123691,3,4.84768771900427
2934,123692,3,5.948685872915432
2935,123693,3,4.846082689967671
2936,123694,3,5.4728868974492535
2937,123695,3,6.038994674775673
2938,123696,3,5.707832747691367
2939,123697,3,4.315914412674206
2940,123698,3,5.286823272822457
2941,123699,3,4.897527674904278
2942,123700,3,6.581307328889292
2943,123701,3,4.7165395427961165
2944,123702,3,5.266718317711834
2945,123703,3,4.701419238989592
2946,123704,3,5.564201841762714
2947,123705,3,3.537141365785072
2948,123706,3,5.677430846426008
2949,123707,3,5.794297610923543
2950,123708,3,5.711171446673619
2951,123709,3,4.775473546881902
2952,123710,3,3.422241484928784
2953,123711,3,5.016024732648301
2954,123712,3,5.303592444463089
2955,123713,3,5.187404987913092
2956,123714,3,5.84116706958821
2957,123715,3,6.411266148469723
2958,123716,3,6.3588747298376935
2959,123717,3,5.965323386770657
2960,123718,3,6.274191669346958
2961,123719,3,4.368754862133002
2962,123720,3,4.8145188755668675
2963,123721,3,5.437539324089683
2964,123722,3,5.206247588820257
2965,123723,3,6.138956565290663
2966,123724,3,5.636129637973816
2967,123725,3,5.379126091270653
2968,123726,3,4.8909047830243795
2969,123727,3,4.854795515239332
2970,123728,3,5.765758209482351
2971,123729,3,5.951778991008417
2972,123730,3,5.38358215658207
2973,123731,3,5.796731579577681
2974,123732,3,4.983729140533364
2975,123733,3,5.155133102738253
2976,123734,3,5.9409283824739
2977,123735,3,4.901005022506015
2978,123736,3,4.9781305900734285
2979,123737,3,4.683372829824959
2980,123738,3,5.041576758685428
2981,123739,3,4.1487605659533
2982,123740,3,5.421576911557166
2983,123741,3,6.375274559440522
2984,123742,3,5.6697024766771404
2985,123743,3,4.175040027551731
2986,123744,3,5.924485285903575
2987,123745,3,4.965398759676043
2988,123746,3,5.856132666066946
2989,123747,3,6.056826114150364
2990,123748,3,6.905871227111384
2991,123749,3,6.136354637094777
2992,123750,3,5.040072708601043
2993,123751,3,4.67589201977705
2994,123752,3,4.841312603859969
2995,123753,3,5.19021309761775
2996,123754,3,4.818351930940839
2997,123755,3,4.860383634626361
2998,123756,3,5.112729148683661
2999,123757,3,4.598890203329525
3000,123758,3,5.709749494065669
3001,123759,3,5.3875601508294615
3002,123760,3,4.378447551733495
3003,123761,3,4.574387234427572
3004,123762,3,4.996430184328872
3005,123763,3,4.715562854027363
3006,123764,3,4.797899744242327
3007,123765,3,4.6837839040484806
3008,123766,3,2.3989124953608743
3009,123767,3,3.613443835771732
3010,123768,3,4.385234969179044
3011,123769,3,4.774534875740668
3012,123770,3,3.7848851319737
3013,123771,3,4.588383637421128
3014,123772,3,4.303109062318465
3015,123773,3,4.598273256893214
3016,123774,3,4.542450401927923
3017,123775,3,3.9539476800964177
3018,123776,3,2.581020407242745
3019,123777,3,4.942869111337362
3020,123778,3,2.6306646118962247
3021,123779,3,4.719480149139426
3022,123780,3,2.4776397734467075
3023,123781,3,3.7848392449656445
3024,123782,3,4.605387520952334
3025,123783,3,2.7177559236310933
3026,123784,3,2.514367152291248
3027,123785,3,4.425340810067746
3028,123786,3,4.011724571059697
3029,123787,3,5.1356485795294535
3030,123788,3,2.3655046625933593
3031,123789,3,3.982740210498161
3032,123790,3,4.589258711317456
3033,123791,3,3.957225328208245
3034,123792,3,3.219245280505381
3035,123793,3,3.841605454969908
3036,123794,3,3.5088540563671495
3037,123795,3,4.212722578532551
3038,123796,3,2.789155249881113
3039,123797,3,2.6413091383848677
3040,123798,3,2.0536379533274953
3041,123799,3,3.6921441028566746
3042,123800,3,4.526909538514225
3043,123801,3,4.94545808474752
3044,123802,3,4.304871415754075
3045,123803,3,3.95455968663896
3046,123804,3,3.95455968663896
3047,123805,3,3.95455968663896
3048,123806,3,2.7173013531127985
3049,123807,3,3.1738873760694064
3050,123808,3,2.281802331962309
3051,123809,3,4.490658577452311
3052,123810,3,2.580251774577068
3053,123811,3,4.177593449921217
3054,123812,3,4.887940027458833
3055,123813,3,2.370271671073521
3056,123814,3,4.152506015192724
3057,123815,3,2.6682537688959
3058,123816,3,2.3077316998334325
3059,123817,3,3.234052382872627
3060,123818,3,3.5823434408120125
3061,123819,3,2.576103976815306
3062,123820,3,2.952549469893381
3063,123821,3,2.469248093768406
3064,123822,3,3.944542179978787
3065,123823,3,2.6996885844862137
3066,123824,3,2.644595790167976
3067,123825,3,2.694870173407507
3068,123826,3,2.6693647980136577
3069,123827,3,2.5537902559998864
3070,123828,3,2.293637646022466
3071,123829,3,2.423674261639129
3072,123830,3,2.1844727430346564
3073,123831,3,2.373735675120459
3074,123832,3,2.0710665276515012
3075,123833,3,2.7936093258129
3076,123834,3,2.5260320185626624
3077,123835,3,2.6510762582689162
3078,123836,3,2.7670257913831056
3079,123837,3,2.473422648367989
3080,123838,3,2.4771147477546327
3081,123839,3,2.4262079429015833
3082,123840,3,2.332946020963961
3083,123841,3,2.160864818593536
3084,123842,3,2.761365037566793
3085,123843,3,2.4213565704353623
3086,123844,3,2.079835801291556
3087,123845,3,2.4065982016030594
3088,123846,3,2.541952084467413
3089,123847,3,2.516747514797289
3090,123848,3,2.651334261141142
3091,123849,3,2.4328429630974773
3092,123850,3,2.8401926177133476
3093,123851,3,2.6194149125794928
3094,123852,3,2.5954532238673176
3095,123853,3,2.281810678214373
3096,123854,3,2.3023419367672133
3097,123855,3,2.7758974650322252
3098,123856,3,2.3828018621632667
3099,123857,3,2.765667912962039
3100,123858,3,2.765667912962039
3101,123859,3,2.765667912962039
3102,123860,3,2.3755794336414864
3103,123861,3,2.266887764882055
3104,123862,3,2.3774568138445193
3105,123863,3,2.194498063220281
3106,123864,3,2.2987879149338495
3107,123865,3,2.4830197527403843
3108,123866,3,2.5500454558247707
3109,123867,3,8.563575846906488
3110,123868,3,8.952282822292851
3111,123869,3,7.115885695715035
3112,123870,3,8.231041928811946
3113,123871,3,8.073272992921344
3114,123872,3,9.17863092279219
3115,123873,3,8.643030204701711
3116,123874,3,8.238497874656574
3117,123875,3,7.8336513447113045
3118,123876,3,8.067893487994505
3119,123877,3,7.9367653429524925
3120,123878,3,7.81839147915402
3121,123879,3,9.057159423470333
3122,123880,3,8.295878876001332
3123,123881,3,8.075917399127093
3124,123882,3,7.624996014481275
3125,123883,3,9.019187316870104
3126,123884,3,8.523472162631904
3127,123885,3,8.371709523965082
3128,123886,3,8.926146122840889
3129,123887,3,8.618031539780805
3130,123888,3,9.13672017754945
3131,123889,3,8.226942742812408
3132,123890,3,7.493175389933785
3133,123891,3,8.124195526947435
3134,123892,3,8.057341176330254
3135,123893,3,8.154751634690262
3136,123894,3,8.382352022045806
3137,123895,3,8.859291594377709
3138,123896,3,8.993397367060702
3139,123897,3,8.343498211907598
3140,123898,3,7.821766940383893
3141,123899,3,8.870293154036608
3142,123900,3,8.40494314622226
3143,123901,3,8.440196677560932
3144,123902,3,8.852167097100597
3145,123903,3,8.61100492425645
3146,123904,3,8.782215707842848
3147,123905,3,9.191666057852238
3148,123906,3,8.544808608767188
3149,123907,3,8.544808608767188
3150,123908,3,8.941336381804264
3151,123909,3,8.707868732152154
3152,123910,3,8.888961110203121
3153,123911,3,8.457596066426602
3154,123912,3,9.11767507753196
3155,123913,3,8.980891924403249
3156,123914,3,9.057360378384352
3157,123915,3,8.956401814597909
3158,123916,3,8.077145885864727
3159,123917,3,9.045469137131567
3160,123918,3,8.691375739563217
3161,123919,3,8.971947788340282
3162,123920,3,8.960413274813364
3163,123921,3,7.945867405636303
3164,123922,3,8.71797691058542
3165,123923,3,9.0452339892596
3166,123924,3,7.656803535729802
3167,123925,3,8.143825027487907
3168,123926,3,8.608962219696584
3169,123927,3,9.011019065210865
3170,123928,3,8.771143181475587
3171,123929,3,8.280461586422632
3172,123930,3,8.228522106377541
3173,123931,3,7.790700095174717
3174,123932,3,8.65007803332129
3175,123933,3,9.006600198227192
3176,123934,3,8.557376440332852
3177,123935,3,8.747489911772957
3178,123936,3,8.54787990318653
3179,123937,3,8.462883147026027
3180,123938,3,8.941984953974178
3181,123939,3,8.261955932315153
3182,123940,3,7.926155847621434
3183,123941,3,9.024304971650835
3184,123942,3,8.378917272090732
3185,123943,3,8.04814833896964
3186,123944,3,8.667482730559197
3187,123945,3,8.859379669232613
3188,123946,3,8.871364127666293
3189,123947,3,8.793815649465307
3190,123948,3,8.190306146473572
3191,123949,3,8.169081646451135
3192,123950,3,8.21963747414919
3193,123951,3,8.085391898960625
3194,123952,3,8.918499314831985
3195,123953,3,9.049114031711236
3196,123954,3,9.021968450935164
3197,123955,3,8.578917808120618
3198,123956,3,8.856520721559713
3199,123957,3,8.127634504731697
3200,123958,3,8.848842265014024
3201,123959,3,8.976068202594094
3202,123960,3,8.920100712552815
3203,123961,3,8.700098483400128
3204,123962,3,8.399839931297775
3205,123963,3,8.126474724738854
3206,123964,3,7.06753598397746
3207,123965,3,8.273869705974409
3208,123966,3,8.414566810770022
3209,123967,3,9.03636136379743
3210,123968,3,8.324773385329886
3211,123969,3,8.030354072701366
3212,123970,3,8.261844521052986
3213,123971,3,8.003886083556802
3214,123972,3,8.702210426622482
3215,123973,3,8.623919503217616
3216,123974,3,7.314106409717101
3217,123975,3,8.885976325124341
3218,123976,3,8.70810890845873
3219,123977,3,8.294496137667384
3220,123978,3,8.519646338939529
3221,123979,3,8.547090989106874
3222,123980,3,8.123675871331288
3223,123981,3,7.5891408459254075
3224,123982,3,8.913397093340583
3225,123983,3,8.775426893824834
3226,123984,3,8.910250092416266
3227,123985,3,9.023571628478617
3228,123986,3,8.594190636160883
3229,123987,3,8.97509141403403
3230,123988,3,8.216235761222258
3231,123989,3,8.058144028416244
3232,123990,3,8.872477001106965
3233,123991,3,8.858631750476771
3234,123992,3,7.877313899829147
3235,123993,3,9.097127140443462
3236,123994,3,8.306480643343317
3237,123995,3,8.514838224713067
3238,123996,3,8.962037146680409
3239,123997,3,8.834259388622248
3240,123998,3,8.839710489381378
3241,123999,3,8.277255945820816
3242,124000,3,8.445561771219909
3243,124001,3,8.749153799000197
3244,124002,3,8.87070025667892
3245,124003,3,8.333757332016225
3246,124004,3,8.245723893385184
3247,124005,3,8.42374088522962
3248,124006,3,8.420235994495744
3249,124007,3,8.418068567551977
3250,124008,3,7.6936853011804835
3251,124009,3,7.8445716497349816
3252,124010,3,8.856812761295798
3253,124011,3,8.64929895610242
3254,124012,3,8.46615484152283
3255,124013,3,7.894887414108801
3256,124014,3,8.766791584555236
3257,124015,3,8.77432757524665
3258,124016,3,8.637158494997363
3259,124017,3,6.9015961674461
3260,124018,3,8.476826486873472
3261,124019,3,8.419122772605709
3262,124020,3,8.773638202846193
3263,124021,3,8.934208255208233
3264,124022,3,7.575665477286484
3265,124023,3,8.282648888985506
3266,124024,3,8.619384590672084
3267,124025,3,7.70252790219811
3268,124026,3,7.060993089224452
3269,124027,3,8.470852045522701
3270,124028,3,8.156214069397098
3271,124029,3,8.70260687571773
3272,124030,3,7.620331973020167
3273,124031,3,7.8981252740749746
3274,124032,3,8.815337330157956
3275,124033,3,8.27674277016253
3276,124034,3,8.071522576326524
3277,124035,3,8.926541229135234
3278,124036,3,8.571748633522784
3279,124037,3,8.678741771836794
3280,124038,3,8.831109253575134
3281,124039,3,8.535638578162601
3282,124040,3,8.75429548812347
3283,124041,3,8.885076557520495
3284,124042,3,8.0033203255435
3285,124043,3,8.1133882177395
3286,124044,3,9.001637471797302
3287,124045,3,7.8687283955735925
3288,124046,3,8.180044427501395
3289,124047,3,8.47656335199502
3290,124048,3,8.32230770982019
3291,124049,3,8.561871292061223
3292,124050,3,8.425380409334252
3293,124051,3,8.857893834911911
3294,124052,3,8.444920779072211
3295,124053,3,7.867737978242223
3296,124054,3,8.521805293901835
3297,124055,3,8.72937605700566
3298,124056,3,8.650391531045475
3299,124057,3,8.21112999056024
3300,124058,3,8.654892634186682
3301,124059,3,8.568892929267482
3302,124060,3,8.309152223217264
3303,124061,3,8.856589396708863
3304,124062,3,8.654104375690341
3305,124063,3,8.52432199639999
3306,124064,3,7.656836120101991
3307,124065,3,8.360727633242082
3308,124066,3,8.805553949481395
3309,124067,3,8.270779367252667
3310,124068,3,8.851949002976884
3311,124069,3,8.556074140341497
3312,124070,3,8.987682206245905
3313,124071,3,8.229952883308227
3314,124072,3,7.783780202336148
3315,124073,3,8.339323524194437
3316,124074,3,7.60158027284517
3317,124075,3,7.848801088237304
3318,124076,3,8.05470791652266
3319,124077,3,8.5934111006029
3320,124078,3,8.467300532411514
3321,124079,3,8.19231594642602
3322,124080,3,8.454174909306873
3323,124081,3,7.5052379068878885
3324,124082,3,8.248608894924239
3325,124083,3,8.707896669769784
3326,124084,3,8.301715997782914
3327,124085,3,8.290245417755436
3328,124086,3,8.310251667212235
3329,124087,3,8.21333930922866
3330,124088,3,8.278552361077802
3331,124089,3,8.225455071337446
3332,124090,3,7.922597685733626
3333,124091,3,8.527262519919939
3334,124092,3,8.527262519919939
3335,124093,3,8.489305095614787
3336,124094,3,8.90328714994706
3337,124095,3,7.54196911526524
3338,124096,3,8.409206588639123
3339,124097,3,8.507008993828412
3340,124098,3,7.717136131924915
3341,124099,3,8.308214295728316
3342,124100,3,7.592815837533032
3343,124101,3,8.384397134728445
3344,124102,3,7.915444375760965
3345,124103,3,7.8513934689157505
3346,124104,3,8.637792168565714
3347,124105,3,7.823197001724936
3348,124106,3,8.742760167854513
3349,124107,3,8.085947060796478
3350,124108,3,8.719292998256996
3351,124109,3,8.476063909311275
3352,124110,3,5.5606255643644875
3353,124111,3,8.47205471758258
3354,124112,3,8.45877479098536
3355,124113,3,7.226823958235055
3356,124114,3,7.484182850383846
3357,124115,3,8.143384856618653
3358,124116,3,8.061997517326706
3359,124117,3,8.005158244552751
3360,124118,3,7.521364885340633
3361,124119,3,7.899376903208723
3362,124120,3,8.444864289019124
3363,124121,3,8.703582455034171
3364,124122,3,8.159921248820224
3365,124123,3,8.101026119366404
3366,124124,3,7.628458922876911
3367,124125,3,8.009569943987911
3368,124126,3,7.993387773676631
3369,124127,3,8.531013075098908
3370,124128,3,7.356533840434783
3371,124129,3,8.57779089074462
3372,124130,3,8.20144335457729
3373,124131,3,8.20992537932773
3374,124132,3,7.288116918038748
3375,124133,3,8.997390676328573
3376,124134,3,7.955608827180416
3377,124135,3,8.240568491623609
3378,124136,3,8.240568491623609
3379,124137,3,8.083522367385333
3380,124138,3,8.588209220757376
3381,124139,3,8.24410690041051
3382,124140,3,8.327589836994482
3383,124141,3,6.835935001763855
3384,124142,3,6.433078512520101
3385,124143,3,7.64974739202457
3386,124144,3,7.819241378494113
3387,124145,3,7.728507009170241
3388,124146,3,8.325125495112385
3389,124147,3,8.082808007420525
3390,124148,3,7.574141123295666
3391,124149,3,7.866309888594971
3392,124150,3,8.438481217017893
3393,124151,3,7.393375068732265
3394,124152,3,6.8867133935875
3395,124153,3,8.706991530356994
3396,124154,3,8.104188447057487
3397,124155,3,8.563175077415057
3398,124156,3,8.767920114731153
3399,124157,3,8.381639550113391
3400,124158,3,8.155649717338507
3401,124159,3,8.366915421481124
3402,124160,3,8.459265349692794
3403,124161,3,8.336135571078252
3404,124162,3,8.663090566242326
3405,124163,3,8.330144135207895
3406,124164,3,7.788036940585448
3407,124165,3,8.444519782608307
3408,124166,3,8.208973308084731
3409,124167,3,8.178169710396752
3410,124168,3,8.263912286411024
3411,124169,3,8.026597398523585
3412,124170,3,8.478875356128079
3413,124171,3,7.628318129255849
3414,124172,3,7.6564639631497595
3415,124173,3,8.473035297557711
3416,124174,3,7.719689360966656
3417,124175,3,7.166993358812
3418,124176,3,8.427554992689565
3419,124177,3,8.264655716523405
3420,124178,3,7.766530711792072
3421,124179,3,8.38579788041755
3422,124180,3,8.016196992127112
3423,124181,3,8.232830514606633
3424,124182,3,7.697256563185068
3425,124183,3,8.86235505747666
3426,124184,3,6.831356472106624
3427,124185,3,7.6491296919563885
3428,124186,3,6.620123734441191
3429,124187,3,8.081305640274802
3430,124188,3,7.448935679156542
3431,124189,3,8.2594726062897
3432,124190,3,7.8047538284194715
3433,124191,3,7.327227835548492
3434,124192,3,7.345840372212964
3435,124193,3,7.797155028746368
3436,124194,3,8.321989731529998
3437,124195,3,7.060873643554812
3438,124196,3,7.824998889670152
3439,124197,3,8.355010867550176
3440,124198,3,7.66570054149821
3441,124199,3,8.240966437642534
3442,124200,3,8.068348573346345
3443,124201,3,7.052422679709696
3444,124202,3,7.6378630711247
3445,124203,3,7.803634797708836
3446,124204,3,7.829533496509297
3447,124205,3,6.9045946977579025
3448,124206,3,7.499458296995705
3449,124207,3,7.232009566545631
3450,124208,3,6.351436093552616
3451,124209,3,7.043305228954742
3452,124210,3,7.608099302584316
3453,124211,3,8.078776508923106
3454,124212,3,8.253864693130673
3455,124213,3,7.869280798912273
3456,124214,3,8.022642209028602
3457,124215,3,8.123516837494483
3458,124216,3,7.813302524116433
3459,124217,3,7.342915168304966
3460,124218,3,6.385174704740831
3461,124219,3,6.081338907850985
3462,124220,3,7.885777876377146
3463,124221,3,8.68967387774002
3464,124222,3,8.556283578833076
3465,124223,3,7.235261956562364
3466,124224,3,8.021418249515408
3467,124225,3,8.18138637995422
3468,124226,3,8.24760895830072
3469,124227,3,7.918890624569294
3470,124228,3,6.201172894151644
3471,124229,3,6.345866424333746
3472,124230,3,7.92324185270061
3473,124231,3,6.01167256903109
3474,124232,3,7.275913586393221
3475,124233,3,6.095335523420769
3476,124234,3,6.666062104502521
3477,124235,3,6.326394069567705
3478,124236,3,7.341703406956128
3479,124237,3,5.113839248113575
3480,124238,3,7.847741447050481
3481,124239,3,6.713150877465542
3482,124240,3,6.3935708709389
3483,124241,3,7.007286151280954
3484,124242,3,7.967915077144681
3485,124243,3,8.129993255704434
3486,124244,3,7.841300366709071
3487,124245,3,6.447550478885089
3488,124246,3,7.898585290491749
3489,124247,3,8.555239444944881
3490,124248,3,7.532043792655232
3491,124249,3,6.7882697997420065
3492,124250,3,7.486590809156598
3493,124251,3,6.46748387666157
3494,124252,3,5.152788939809682
3495,124253,3,8.59905538248376
3496,124254,3,7.4862431021445275
3497,124255,3,7.764230481250547
3498,124256,3,6.650591513630339
3499,124257,3,7.784692625376709
3500,124258,3,5.983173209149513
3501,124259,3,6.618743823272732
3502,124260,3,6.431184950521778
3503,124261,3,6.7165599322407745
3504,124262,3,6.283409403577028
3505,124263,3,7.83952275652665
3506,124264,3,6.437030322155143
3507,124265,3,7.66030591997967
3508,124266,3,8.061280573014772
3509,124267,3,6.30607480311851
3510,124268,3,5.29617625788919
3511,124269,3,6.149145071477319
3512,124270,3,5.695567773333611
3513,124271,3,6.93048023580375
3514,124272,3,7.671388944068852
3515,124273,3,6.167636365201301
3516,124274,3,6.205118147885427
3517,124275,3,6.079963117174583
3518,124276,3,7.828905190512805
3519,124277,3,6.516547513664697
3520,124278,3,5.854202295041307
3521,124279,3,5.2534337663623365
3522,124280,3,7.834035306795586
3523,124281,3,8.028349705182624
3524,124282,3,8.053066810219523
3525,124283,3,7.7178958319923145
3526,124284,3,7.2620490261954425
3527,124285,3,6.569616663131145
3528,124286,3,7.880220299449473
3529,124287,3,5.608149130894638
3530,124288,3,8.51627338633053
3531,124289,3,5.590257386861982
3532,124290,3,5.570574904187589
3533,124291,3,5.227488720000628
3534,124292,3,3.3280995079292715
3535,124293,3,3.154803952882496
3536,124294,3,2.8537744821226365
3537,124295,3,3.7243370357474097
3538,124296,3,5.184212903914949
3539,124297,3,4.94432445535872
3540,124298,3,3.5932027056810574
3541,124299,3,3.065027655250807
3542,124300,3,3.315529219206768
3543,124301,3,3.1036388896240084
3544,124302,3,2.7857109137424607
3545,124303,3,9.198700587726032
3546,124304,3,9.03313709647567
3547,124305,3,7.4706599155451014
3548,124306,3,9.133693760014646
3549,124307,3,9.006629437368916
3550,124308,3,8.923877017653433
3551,124309,3,9.109110274199539
3552,124310,3,8.89105959064987
3553,124311,3,8.938298219765333
3554,124312,3,9.117990223754507
3555,124313,3,8.524572329535017
3556,124314,3,9.171657412322372
3557,124315,3,9.149474043707144
3558,124316,3,8.953390609618317
3559,124317,3,8.527610124694881
3560,124318,3,8.959314640475604
3561,124319,3,9.126326497346653
3562,124320,3,8.998801172804889
3563,124321,3,8.936221239687587
3564,124322,3,9.077840737643204
3565,124323,3,8.834715665662374
3566,124324,3,9.079349292134742
3567,124325,3,8.813395170507132
3568,124326,3,8.96756458871591
3569,124327,3,8.782099989391458
3570,124328,3,9.15149213456085
3571,124329,3,8.988154553979697
3572,124330,3,9.021457520937119
3573,124331,3,8.961807560471899
3574,124332,3,8.960135547693676
3575,124333,3,9.021161685660212
3576,124334,3,9.172549030099717
3577,124335,3,8.638362145153557
3578,124336,3,8.800012211616185
3579,124337,3,8.927459763740947
3580,124338,3,8.986252804236123
3581,124339,3,9.04708050759617
3582,124340,3,8.96261574049298
3583,124341,3,8.909040309887768
3584,124342,3,8.60751345253475
3585,124343,3,8.877892784118893
3586,124344,3,8.816173860435592
3587,124345,3,8.919960313747328
3588,124346,3,8.591393090378096
3589,124347,3,9.002390526479795
3590,124348,3,8.640945377997989
3591,124349,3,9.055842251708162
3592,124350,3,8.744224304864215
3593,124351,3,8.555769235796982
3594,124352,3,8.766061671239271
3595,124353,3,8.806389334446449
3596,124354,3,8.620788339087575
3597,124355,3,9.073150815967587
3598,124356,3,8.988577073760366
3599,124357,3,8.787173594540944
3600,124358,3,8.446125803941623
3601,124359,3,9.024649918202785
3602,124360,3,8.28915738643451
3603,124361,3,8.599557728126655
3604,124362,3,8.21650804690685
3605,124363,3,8.656421900261545
3606,124364,3,8.694049117760123
3607,124365,3,8.657824672970643
3608,124366,3,8.96537461794922
3609,124367,3,8.90820113548616
3610,124368,3,8.802569310910364
3611,124369,3,8.6628431429296
3612,124370,3,8.95416320767644
3613,124371,3,8.24513664008035
3614,124372,3,8.71265880432006
3615,124373,3,8.433384364648022
3616,124374,3,8.80613919854539
3617,124375,3,9.025335454820912
3618,124376,3,8.82454907145218
3619,124377,3,8.751934746493298
3620,124378,3,8.201799215558015
3621,124379,3,8.930122582113828
3622,124380,3,8.767489671364126
3623,124381,3,8.93067856348366
3624,124382,3,8.450801974098193
3625,124383,3,8.915961254436997
3626,124384,3,8.6207404146082
3627,124385,3,8.964495138154714
3628,124386,3,8.926399150415431
3629,124387,3,8.534448120126072
3630,124388,3,8.547990401529939
3631,124389,3,8.726842002804073
3632,124390,3,8.408429149505547
3633,124391,3,8.408429149505547
3634,124392,3,8.673686041876454
3635,124393,3,8.632397974623212
3636,124394,3,8.597253626566488
3637,124395,3,8.734422246950787
3638,124396,3,8.766713635748168
3639,124397,3,8.714363026714889
3640,124398,3,8.850922023674954
3641,124399,3,8.720274355336109
3642,124400,3,8.565800798114518
3643,124401,3,8.429774471065311
3644,124402,3,8.664820127989255
3645,124403,3,8.611169086147054
3646,124404,3,8.806341959210187
3647,124405,3,8.76237053764358
3648,124406,3,8.242065572231194
3649,124407,3,8.772722791887212
3650,124408,3,8.626941412814976
3651,124409,3,8.672696823466458
3652,124410,3,8.672696823466458
3653,124411,3,8.385770289885958
3654,124412,3,8.476584583363723
3655,124413,3,8.287093290292976
3656,124414,3,8.784685964983668
3657,124415,3,8.63099940833715
3658,124416,3,8.92546739427057
3659,124417,3,8.013092024047067
3660,124418,3,8.812749697311707
3661,124419,3,8.527034080948862
3662,124420,3,8.79109108638161
3663,124421,3,8.556350488702055
3664,124422,3,8.65671218237322
3665,124423,3,8.43841164189573
3666,124424,3,8.13044505940887
3667,124425,3,8.699786553911014
3668,124426,3,8.383052135099938
3669,124427,3,8.579736295123853
3670,124428,3,8.530009336636486
3671,124429,3,8.479983225953895
3672,124430,3,8.454608828549057
3673,124431,3,8.145463007707036
3674,124432,3,8.612323089712671
3675,124433,3,8.442565532254108
3676,124434,3,8.08753861115275
3677,124435,3,8.298938107419138
3678,124436,3,8.901588985511466
3679,124437,3,8.842638609298708
3680,124438,3,8.375662510268846
3681,124439,3,8.572231562216752
3682,124440,3,8.351825104503897
3683,124441,3,8.363220672662612
3684,124442,3,8.71496505115441
3685,124443,3,8.496192426010868
3686,124444,3,8.014246467932418
3687,124445,3,8.281209337266418
3688,124446,3,8.691219295413505
3689,124447,3,8.136697044672239
3690,124448,3,8.553884100063952
3691,124449,3,8.406717221658381
3692,124450,3,8.510780392852924
3693,124451,3,8.47826860117835
3694,124452,3,8.705805442181127
3695,124453,3,8.264121886844034
3696,124454,3,8.309974350229307
3697,124455,3,8.459458362538275
3698,124456,3,8.394541544559111
3699,124457,3,8.140444492216364
3700,124458,3,8.895459128622619
3701,124459,3,8.390862373741735
3702,124460,3,8.144546820720306
3703,124461,3,8.47891956597932
3704,124462,3,8.275279240608846
3705,124463,3,8.331519626262875
3706,124464,3,8.53842647822421
3707,124465,3,8.624390943428054
3708,124466,3,8.438912517839567
3709,124467,3,8.611202175220795
3710,124468,3,8.479076830731616
3711,124469,3,8.396063489950395
3712,124470,3,8.179085469814465
3713,124471,3,7.934094897500806
3714,124472,3,8.411704941138092
3715,124473,3,8.023074813970895
3716,124474,3,7.860032228324581
3717,124475,3,8.09623652175939
3718,124476,3,8.364332412098141
3719,124477,3,8.295536436047945
3720,124478,3,8.497997512446728
3721,124479,3,8.199970954514951
3722,124480,3,8.232753679710605
3723,124481,3,8.198670759989032
3724,124482,3,8.517956151159844
3725,124483,3,8.290906214982227
3726,124484,3,7.8981128951106285
3727,124485,3,8.152318820489691
3728,124486,3,8.078026736176275
3729,124487,3,8.367901698376702
3730,124488,3,8.136920469644698
3731,124489,3,8.168684272077542
3732,124490,3,8.11034810398191
3733,124491,3,8.17885078407208
3734,124492,3,7.841746914990163
3735,124493,3,8.21058069260056
3736,124494,3,8.341170411021377
3737,124495,3,8.170753732520353
3738,124496,3,8.275747280965904
3739,124497,3,8.452165906489755
3740,124498,3,8.083297159892126
3741,124499,3,8.083297159892126
3742,124500,3,7.678760560681933
3743,124501,3,7.944140151922504
3744,124502,3,8.056135113219609
3745,124503,3,7.823947633312609
3746,124504,3,8.268476866583294
3747,124505,3,7.875829948487656
3748,124506,3,8.436103787026584
3749,124507,3,8.121998172935877
3750,124508,3,8.398288564765888
3751,124509,3,8.194900136518587
3752,124510,3,8.195894811924317
3753,124511,3,8.19716159215084
3754,124512,3,7.8801667775851465
3755,124513,3,7.946702063575547
3756,124514,3,8.062334720927552
3757,124515,3,7.759020210718736
3758,124516,3,8.134638842837841
3759,124517,3,8.029598236324755
3760,124518,3,8.113155051740318
3761,124519,3,8.21685560583969
3762,124520,3,8.030828182212485
3763,124521,3,8.490996013675838
3764,124522,3,8.112538034621469
3765,124523,3,7.9642290233909145
3766,124524,3,8.179164908653703
3767,124525,3,8.029777369271125
3768,124526,3,7.787195676178922
3769,124527,3,7.9808859879171115
3770,124528,3,8.116424292350597
3771,124529,3,7.909854088510888
3772,124530,3,8.30788823111699
3773,124531,3,7.905840906151222
3774,124532,3,8.113754448272879
3775,124533,3,8.272961057321902
3776,124534,3,8.199247766593649
3777,124535,3,8.08494526558243
3778,124536,3,8.079317489812132
3779,124537,3,7.987900211524379
3780,124538,3,8.399314775726856
3781,124539,3,8.429374241163721
3782,124540,3,7.930016181260606
3783,124541,3,8.111754807404212
3784,124542,3,7.912430791741975
3785,124543,3,7.739663789771682
3786,124544,3,8.191971133059592
3787,124545,3,7.956106874441639
3788,124546,3,8.044904970755628
3789,124547,3,7.997575732893825
3790,124548,3,7.948885689175951
3791,124549,3,8.23642375816259
3792,124550,3,7.985629883934644
3793,124551,3,7.795582069555292
3794,124552,3,7.621467530259377
3795,124553,3,7.790044079415533
3796,124554,3,7.455257310384171
3797,124555,3,8.065170145658328
3798,124556,3,8.102789132945052
3799,124557,3,7.868016738741699
3800,124558,3,7.939705028978082
3801,124559,3,8.134029203902298
3802,124560,3,7.304912951196985
3803,124561,3,7.776503143446151
3804,124562,3,7.91050030691214
3805,124563,3,7.917305390231632
3806,124564,3,7.8108913849337815
3807,124565,3,7.413713724646673
3808,124566,3,8.169804337268097
3809,124567,3,7.857963118377663
3810,124568,3,7.827444314069715
3811,124569,3,7.894583768454783
3812,124570,3,7.835632701390855
3813,124571,3,7.9651800151797705
3814,124572,3,7.767051061555074
3815,124573,3,7.641821314337416
3816,124574,3,8.096495929146068
3817,124575,3,7.900839797925801
3818,124576,3,7.642290762474471
3819,124577,3,8.07187634140357
3820,124578,3,7.968652967909611
3821,124579,3,7.641937190317105
3822,124580,3,7.96493809338202
3823,124581,3,8.054319265177243
3824,124582,3,8.035590342342143
3825,124583,3,7.8165473163049795
3826,124584,3,7.419824412162226
3827,124585,3,7.617795270907635
3828,124586,3,7.722269868321185
3829,124587,3,7.64659644686461
3830,124588,3,7.948384330597636
3831,124589,3,8.017571285438331
3832,124590,3,7.768720343746928
3833,124591,3,7.457234018526598
3834,124592,3,7.834159980842579
3835,124593,3,7.763533015563687
3836,124594,3,7.840671653660753
3837,124595,3,7.7617305003009935
3838,124596,3,7.932508725104011
3839,124597,3,7.6892713403176165
3840,124598,3,7.823798446976996
3841,124599,3,7.693394530802123
3842,124600,3,7.792110406737124
3843,124601,3,7.889368289779884
3844,124602,3,7.88066916316351
3845,124603,3,7.824358033844675
3846,124604,3,7.838428662614996
3847,124605,3,7.945052353862785
3848,124606,3,7.9393768449324185
3849,124607,3,7.627216294673249
3850,124608,3,8.134679352999905
3851,124609,3,8.233403923649936
3852,124610,3,7.6861586983199
3853,124611,3,7.833578475735493
3854,124612,3,7.687356169308805
3855,124613,3,7.992534261570538
3856,124614,3,7.683397695484945
3857,124615,3,7.893477173599946
3858,124616,3,7.611963823054434
3859,124617,3,7.766688869170619
3860,124618,3,7.61264136226926
3861,124619,3,7.574610934831241
3862,124620,3,7.632751967224123
3863,124621,3,7.987001465923108
3864,124622,3,7.785252658148032
3865,124623,3,7.768124073935817
3866,124624,3,7.601735696526333
3867,124625,3,8.056736706385454
3868,124626,3,7.464321260740337
3869,124627,3,7.531164085075618
3870,124628,3,7.434885212829256
3871,124629,3,8.614395734663695
3872,124630,3,8.032479394733267
3873,124631,3,7.503117463674521
3874,124632,3,7.6662969565061125
3875,124633,3,7.676234988678194
3876,124634,3,7.671142667683467
3877,124635,3,7.730907536227732
3878,124636,3,7.714754678170892
3879,124637,3,7.676901716862023
3880,124638,3,7.686911032680659
3881,124639,3,7.720169789862587
3882,124640,3,7.607219971432421
3883,124641,3,7.698828590746844
3884,124642,3,7.554293668944541
3885,124643,3,7.720838162894583
3886,124644,3,7.729251217804847
3887,124645,3,7.705003599255109
3888,124646,3,7.652091337117845
3889,124647,3,7.491736865419735
3890,124648,3,7.6380470168215995
3891,124649,3,7.514116363450444
3892,124650,3,7.5826955436267145
3893,124651,3,7.55270293696519
3894,124652,3,7.6516764727068685
3895,124653,3,7.97607387344089
3896,124654,3,7.70942200751559
3897,124655,3,7.683200687602637
3898,124656,3,7.367652721144299
3899,124657,3,7.708382264160355
3900,124658,3,7.866499448617059
3901,124659,3,7.637083886571615
3902,124660,3,7.711924571204327
3903,124661,3,7.754768969352572
3904,124662,3,7.544627778835469
3905,124663,3,7.350927131335296
3906,124664,3,7.554837756561427
3907,124665,3,7.658254053416214
3908,124666,3,7.621461209063441
3909,124667,3,7.7077427092097
3910,124668,3,7.634176227242749
3911,124669,3,7.718298113173954
3912,124670,3,7.695888451180471
3913,124671,3,7.842547511884689
3914,124672,3,7.403176493350878
3915,124673,3,7.44478170196975
3916,124674,3,7.789296385164005
3917,124675,3,7.424593368019731
3918,124676,3,7.5859344145509695
3919,124677,3,7.5698040818752
3920,124678,3,7.641938729454694
3921,124679,3,7.253576109821317
3922,124680,3,7.633716120424124
3923,124681,3,7.327720050955434
3924,124682,3,7.365642328703896
3925,124683,3,7.354065046120472
3926,124684,3,7.708471412375211
3927,124685,3,7.509923283869471
3928,124686,3,7.527117880774903
3929,124687,3,7.919992471863347
3930,124688,3,7.818092605096154
3931,124689,3,7.4794091134255565
3932,124690,3,7.590345559507172
3933,124691,3,7.445730332257795
3934,124692,3,7.398563223003308
3935,124693,3,7.4047656197339835
3936,124694,3,7.823091269272356
3937,124695,3,7.570468198245333
3938,124696,3,7.49589490496061
3939,124697,3,7.437028345326675
3940,124698,3,7.574664383438223
3941,124699,3,7.735936184266727
3942,124700,3,7.333613666110329
3943,124701,3,7.557836220599096
3944,124702,3,7.495358089165904
3945,124703,3,7.126143189788909
3946,124704,3,7.656858366641891
3947,124705,3,7.437924511116569
3948,124706,3,7.338827503869966
3949,124707,3,7.096519013398899
3950,124708,3,7.3826329428229736
3951,124709,3,7.292497019957107
3952,124710,3,7.481382513018581
3953,124711,3,7.285191544796979
3954,124712,3,7.611753923439967
3955,124713,3,7.554105086217113
3956,124714,3,7.241544253179627
3957,124715,3,7.189269008529672
3958,124716,3,7.403170426438337
3959,124717,3,7.397756297926181
3960,124718,3,7.273061615263578
3961,124719,3,7.3419018467848
3962,124720,3,7.549489404365782
3963,124721,3,7.565239929908635
3964,124722,3,7.191023768605439
3965,124723,3,7.4164636603890095
3966,124724,3,7.211046976370982
3967,124725,3,7.2948090802263135
3968,124726,3,7.550952213235003
3969,124727,3,7.545762635230642
3970,124728,3,7.1573509245390445
3971,124729,3,7.314083874220827
3972,124730,3,7.939843452626351
3973,124731,3,7.407200280641689
3974,124732,3,7.027371571522175
3975,124733,3,7.110946917170272
3976,124734,3,7.250065240668626
3977,124735,3,7.286076796889233
3978,124736,3,7.3536210863526925
3979,124737,3,7.341133143152917
3980,124738,3,7.229454570373078
3981,124739,3,6.882459404286766
3982,124740,3,7.349615271501998
3983,124741,3,7.624396362650039
3984,124742,3,7.38274954422284
3985,124743,3,7.164862873847403
3986,124744,3,7.221016724236147
3987,124745,3,7.266677563780608
3988,124746,3,6.9654851243275635
3989,124747,3,7.5263102203217285
3990,124748,3,7.044564372766383
3991,124749,3,7.339178549908607
3992,124750,3,6.846007166036702
3993,124751,3,7.653129276186194
3994,124752,3,7.1544185483987155
3995,124753,3,6.9786212080745695
3996,124754,3,7.320675258605007
3997,124755,3,7.762316256874911
3998,124756,3,7.442715976445671
3999,124757,3,7.5703307228492775
4000,124758,3,6.927215294325981
4001,124759,3,7.195001506373853
4002,124760,3,7.0422545408261845
4003,124761,3,7.182110914360621
4004,124762,3,7.237980045899662
4005,124763,3,7.421981256799553
4006,124764,3,7.354266390715657
4007,124765,3,7.247274555493176
4008,124766,3,7.377639422138811
4009,124767,3,7.155054597924607
4010,124768,3,7.4163787970430315
4011,124769,3,7.294486191739294
4012,124770,3,7.291927270662477
4013,124771,3,7.298003034080553
4014,124772,3,7.1974935075443
4015,124773,3,7.463013765002913
4016,124774,3,7.399606192152975
4017,124775,3,7.3884180914616815
4018,124776,3,7.329221368027926
4019,124777,3,6.999722360540204
4020,124778,3,7.382555171604059
4021,124779,3,7.410335764782947
4022,124780,3,7.029994681328955
4023,124781,3,7.193050471945761
4024,124782,3,7.462239596008154
4025,124783,3,7.224081902210717
4026,124784,3,7.2601662999954035
4027,124785,3,7.59821794215707
4028,124786,3,7.213236348251227
4029,124787,3,7.432087054304779
4030,124788,3,7.384610449607947
4031,124789,3,7.107687673057864
4032,124790,3,7.3048204484019745
4033,124791,3,7.172686273768949
4034,124792,3,7.082951434066841
4035,124793,3,7.02752263950136
4036,124794,3,7.304677329413217
4037,124795,3,7.404437850033994
4038,124796,3,7.325703580578697
4039,124797,3,7.202477509855572
4040,124798,3,7.3175821693959495
4041,124799,3,7.101227998215516
4042,124800,3,7.262433706800467
4043,124801,3,7.153780752562772
4044,124802,3,7.069734308079877
4045,124803,3,7.265485956906923
4046,124804,3,7.34170700444901
4047,124805,3,7.350566560351616
4048,124806,3,6.787478236719734
4049,124807,3,7.308140016861961
4050,124808,3,7.1374574067315875
4051,124809,3,6.916248245260292
4052,124810,3,7.317297211751986
4053,124811,3,7.629379603151107
4054,124812,3,7.271144419710928
4055,124813,3,7.249906180436661
4056,124814,3,7.289377317380404
4057,124815,3,7.306515111161518
4058,124816,3,7.002884902342878
4059,124817,3,7.027393837829567
4060,124818,3,7.4775080097694095
4061,124819,3,7.070961816784431
4062,124820,3,7.174380993219573
4063,124821,3,7.101662447724202
4064,124822,3,7.326229085159392
4065,124823,3,6.777407048472527
4066,124824,3,6.874886767676684
4067,124825,3,6.780466689757797
4068,124826,3,7.18112991370358
4069,124827,3,7.0490291529347235
4070,124828,3,7.017214673850287
4071,124829,3,6.591267966347273
4072,124830,3,7.368320846373498
4073,124831,3,6.2676603291518065
4074,124832,3,7.2572956464612055
4075,124833,3,6.893846900359119
4076,124834,3,6.709293148344012
4077,124835,3,7.1044722472046935
4078,124836,3,7.1960764606095236
4079,124837,3,7.025182659986528
4080,124838,3,7.046561650965173
4081,124839,3,6.982125149636748
4082,124840,3,6.987744281398982
4083,124841,3,7.158777230528793
4084,124842,3,7.365284731461263
4085,124843,3,7.044047212714967
4086,124844,3,7.388260903577887
4087,124845,3,6.334429366819003
4088,124846,3,7.291648046462929
4089,124847,3,7.077744727204673
4090,124848,3,6.996965284272879
4091,124849,3,6.583796753076156
4092,124850,3,7.0522280200549545
4093,124851,3,7.251055822653123
4094,124852,3,7.081006440919779
4095,124853,3,7.121291180485782
4096,124854,3,7.019579595491088
4097,124855,3,7.162476314881233
4098,124856,3,6.300833801379349
4099,124857,3,7.143546802233669
4100,124858,3,7.0637337423586315
4101,124859,3,7.149463839604264
4102,124860,3,7.187806070138465
4103,124861,3,6.778736369400661
4104,124862,3,7.2327445232453105
4105,124863,3,7.047495946240841
4106,124864,3,7.0551250070130465
4107,124865,3,7.329254343731473
4108,124866,3,7.522976186520407
4109,124867,3,7.0349557984458
4110,124868,3,7.00422868954821
4111,124869,3,6.9403570235756415
4112,124870,3,6.760385838506191
4113,124871,3,6.7748540873391265
4114,124872,3,7.25695887822192
4115,124873,3,7.164844135006297
4116,124874,3,7.05797550098131
4117,124875,3,7.039033108607425
4118,124876,3,6.667781924912763
4119,124877,3,7.14265535961784
4120,124878,3,6.923700851260081
4121,124879,3,7.304915871061131
4122,124880,3,6.651689472233439
4123,124881,3,6.482254679702524
4124,124882,3,6.716683333057014
4125,124883,3,6.741875720747808
4126,124884,3,7.133125963056758
4127,124885,3,7.110080020279636
4128,124886,3,7.004534136343892
4129,124887,3,6.914693003501518
4130,124888,3,6.953071043226844
4131,124889,3,6.839807716388607
4132,124890,3,6.929469936832362
4133,124891,3,5.744471777720239
4134,124892,3,6.96413559492669
4135,124893,3,6.926647835814586
4136,124894,3,6.787759177735692
4137,124895,3,6.792445996854626
4138,124896,3,7.400118762419145
4139,124897,3,7.045523326323518
4140,124898,3,6.976732227356113
4141,124899,3,7.013259726003676
4142,124900,3,6.808757957061967
4143,124901,3,7.015119461733422
4144,124902,3,6.755852787375311
4145,124903,3,6.313452193752843
4146,124904,3,6.952548675864075
4147,124905,3,6.985699226158026
4148,124906,3,7.046959123759923
4149,124907,3,6.925120930817339
4150,124908,3,6.402917153668879
4151,124909,3,6.938020650176475
4152,124910,3,6.83092710562422
4153,124911,3,6.7403953102457494
4154,124912,3,6.736830158995773
4155,124913,3,6.823341271602966
4156,124914,3,6.639530819365706
4157,124915,3,6.745937309173128
4158,124916,3,6.843548591821295
4159,124917,3,6.755548719738338
4160,124918,3,6.902846083671006
4161,124919,3,6.814155079033936
4162,124920,3,6.89763177775618
4163,124921,3,6.696727170537901
4164,124922,3,7.000261261257367
4165,124923,3,6.652862810189289
4166,124924,3,6.777593617481967
4167,124925,3,6.989709694221688
4168,124926,3,6.730917463753261
4169,124927,3,6.837486621041284
4170,124928,3,6.697501052895884
4171,124929,3,6.507337607083985
4172,124930,3,6.8154433554693234
4173,124931,3,6.676057258854647
4174,124932,3,6.9549106762672945
4175,124933,3,6.899822618642275
4176,124934,3,6.9056114099054415
4177,124935,3,6.66202473757626
4178,124936,3,6.524425900417534
4179,124937,3,7.2001430392227075
4180,124938,3,6.854192120222731
4181,124939,3,7.215187493568794
4182,124940,3,6.888994901801572
4183,124941,3,6.743631712942041
4184,124942,3,6.634917596648525
4185,124943,3,6.987466470450071
4186,124944,3,6.805089330190016
4187,124945,3,6.71410530289211
4188,124946,3,6.84224945676299
4189,124947,3,6.90742449540245
4190,124948,3,6.2421580547033395
4191,124949,3,6.5416057575869715
4192,124950,3,6.8477933365485795
4193,124951,3,6.833455909183072
4194,124952,3,6.7255789919038955
4195,124953,3,6.876658920950407
4196,124954,3,6.805986933448985
4197,124955,3,6.156642211396849
4198,124956,3,6.571036392099377
4199,124957,3,5.788774615574739
4200,124958,3,6.527129084698878
4201,124959,3,6.594588707559981
4202,124960,3,6.558968977816298
4203,124961,3,6.6399335154723556
4204,124962,3,6.67908513965286
4205,124963,3,6.752446717182514
4206,124964,3,6.776887939367208
4207,124965,3,6.829229349539851
4208,124966,3,6.557613291227657
4209,124967,3,6.877458239438026
4210,124968,3,6.731770936083142
4211,124969,3,6.472318954933571
4212,124970,3,6.529055783176594
4213,124971,3,6.456126373311386
4214,124972,3,6.834181973852427
4215,124973,3,6.261678625394684
4216,124974,3,6.046640403437701
4217,124975,3,6.798691991153131
4218,124976,3,6.5609648152688935
4219,124977,3,6.623774225341257
4220,124978,3,6.614025077789754
4221,124979,3,6.7445769372467
4222,124980,3,6.883335169934225
4223,124981,3,7.017407319996552
4224,124982,3,6.882869259714575
4225,124983,3,6.361627002705004
4226,124984,3,6.37703383325384
4227,124985,3,7.039127080915898
4228,124986,3,6.881184370640932
4229,124987,3,6.567151223155529
4230,124988,3,6.287464018833839
4231,124989,3,6.54512918523652
4232,124990,3,6.716196963369099
4233,124991,3,6.444338958047076
4234,124992,3,6.387229026906277
4235,124993,3,6.195570060837794
4236,124994,3,6.729115810646923
4237,124995,3,6.512874679545264
4238,124996,3,6.8746427737091285
4239,124997,3,6.351548892114232
4240,124998,3,6.71419778512969
4241,124999,3,6.548105826742322
4242,125000,3,6.877624848348816
4243,125001,3,6.50332464893229
4244,125002,3,6.660644579222529
4245,125003,3,6.466743503468124
4246,125004,3,6.542462879866006
4247,125005,3,6.673437417033339
4248,125006,3,6.4734125863271945
4249,125007,3,6.626101789582072
4250,125008,3,6.732742838937845
4251,125009,3,6.531618058353571
4252,125010,3,6.66367964570964
4253,125011,3,6.444142458828689
4254,125012,3,6.453291748270572
4255,125013,3,6.442040287504257
4256,125014,3,6.588658322509997
4257,125015,3,6.735208472684463
4258,125016,3,6.839648096366336
4259,125017,3,6.766311334558079
4260,125018,3,6.621460865192578
4261,125019,3,6.785679654445372
4262,125020,3,6.352373808574758
4263,125021,3,6.739347261189453
4264,125022,3,6.2582164008915395
4265,125023,3,6.978102855453436
4266,125024,3,6.565016171214767
4267,125025,3,6.565016171214767
4268,125026,3,5.9449910367124
4269,125027,3,6.80087636154811
4270,125028,3,6.471377761895203
4271,125029,3,6.9248282718838094
4272,125030,3,5.979068879870943
4273,125031,3,6.627076858773456
4274,125032,3,6.603116448317699
4275,125033,3,6.429816688846421
4276,125034,3,6.692769292587741
4277,125035,3,6.798451110478683
4278,125036,3,6.726168295322271
4279,125037,3,6.51815418077432
4280,125038,3,6.69199792769722
4281,125039,3,6.041750958157274
4282,125040,3,6.59613696264097
4283,125041,3,6.265802406533929
4284,125042,3,6.2953883321067785
4285,125043,3,6.3868605992596805
4286,125044,3,6.151563587612332
4287,125045,3,6.505993082246878
4288,125046,3,6.205986149734705
4289,125047,3,6.478097387784624
4290,125048,3,7.0999687801300775
4291,125049,3,6.334420706480883
4292,125050,3,6.46729739836778
4293,125051,3,6.369080625750742
4294,125052,3,6.479835173052718
4295,125053,3,6.630742820782884
4296,125054,3,6.446503909973157
4297,125055,3,6.527149041386074
4298,125056,3,6.241530137841501
4299,125057,3,6.625342201814767
4300,125058,3,6.3371847945836555
4301,125059,3,6.6540142912063
4302,125060,3,6.128779262889797
4303,125061,3,7.846628703117152
4304,125062,3,6.136500828442931
4305,125063,3,5.847843634695299
4306,125064,3,6.6250088027738565
4307,125065,3,6.52737151908909
4308,125066,3,6.20386917647697
4309,125067,3,6.4272089503990415
4310,125068,3,6.463226822839404
4311,125069,3,5.638612628326592
4312,125070,3,6.458617319046243
4313,125071,3,6.3771108844217155
4314,125072,3,6.635059022108668
4315,125073,3,6.003111224121293
4316,125074,3,6.6223030254353645
4317,125075,3,5.60454305933105
4318,125076,3,6.295183957813162
4319,125077,3,6.239980091381087
4320,125078,3,6.469253817102914
4321,125079,3,5.889757521262003
4322,125080,3,6.171303208130559
4323,125081,3,6.518779637580684
4324,125082,3,6.477291167835146
4325,125083,3,6.456067680849611
4326,125084,3,6.60305856871627
4327,125085,3,6.340083248231972
4328,125086,3,6.502493595575542
4329,125087,3,6.534086686061623
4330,125088,3,6.131930048595975
4331,125089,3,6.725327302564168
4332,125090,3,6.387565512277775
4333,125091,3,6.3578567417212595
4334,125092,3,6.22889891436033
4335,125093,3,6.34415714706766
4336,125094,3,6.366392421065145
4337,125095,3,6.632903031503578
4338,125096,3,6.286963990446691
4339,125097,3,6.515925270893954
4340,125098,3,6.1808216080412235
4341,125099,3,6.3843292504545985
4342,125100,3,7.2215688819885
4343,125101,3,6.147633944461768
4344,125102,3,5.853833988490548
4345,125103,3,6.300722483029848
4346,125104,3,5.511084960872225
4347,125105,3,6.18207532294382
4348,125106,3,6.503245782486714
4349,125107,3,6.41495963345365
4350,125108,3,6.5509963358570085
4351,125109,3,6.190856661772134
4352,125110,3,6.230018981326375
4353,125111,3,6.066677285583095
4354,125112,3,6.376161911259412
4355,125113,3,6.302775932239658
4356,125114,3,6.155185103553903
4357,125115,3,6.083547830279598
4358,125116,3,6.114986366444638
4359,125117,3,6.280315472679
4360,125118,3,6.446094402057695
4361,125119,3,6.25866853444366
4362,125120,3,6.238853808549511
4363,125121,3,6.202728918778317
4364,125122,3,6.044280338714396
4365,125123,3,6.159485463745634
4366,125124,3,6.197694171562274
4367,125125,3,5.644294203578125
4368,125126,3,6.382867169686593
4369,125127,3,6.339566961334612
4370,125128,3,6.268037128201716
4371,125129,3,6.228237878886196
4372,125130,3,5.240075579587317
4373,125131,3,6.321881739630693
4374,125132,3,6.094456244883764
4375,125133,3,6.213912276373494
4376,125134,3,6.339521456838609
4377,125135,3,5.920104713716032
4378,125136,3,6.479143531487848
4379,125137,3,6.294059444264735
4380,125138,3,6.000416906743544
4381,125139,3,6.270446081093193
4382,125140,3,6.543727614186687
4383,125141,3,6.212642014331147
4384,125142,3,6.0139150634127745
4385,125143,3,6.076911663416239
4386,125144,3,6.29289853903553
4387,125145,3,5.998490149688506
4388,125146,3,6.144939511927965
4389,125147,3,5.858032800739501
4390,125148,3,6.055247405880354
4391,125149,3,6.212613762008321
4392,125150,3,4.930302811223019
4393,125151,3,6.314650979630013
4394,125152,3,5.849803368767231
4395,125153,3,6.404206108364236
4396,125154,3,6.431997386577212
4397,125155,3,6.248858240551655
4398,125156,3,6.093826289129361
4399,125157,3,6.391293208762258
4400,125158,3,6.194318435971533
4401,125159,3,6.185735228677851
4402,125160,3,6.185735228677851
4403,125161,3,6.185735228677851
4404,125162,3,6.310661439615007
4405,125163,3,6.7113850488769575
4406,125164,3,6.32516772463571
4407,125165,3,6.154538350144278
4408,125166,3,5.545051465284682
4409,125167,3,6.243318430500649
4410,125168,3,6.10306365474558
4411,125169,3,6.230925951912237
4412,125170,3,5.5790479889484335
4413,125171,3,6.488561945217132
4414,125172,3,6.245265041709531
4415,125173,3,6.165660457436202
4416,125174,3,5.8969455534346205
4417,125175,3,6.11238755087939
4418,125176,3,6.215173458654411
4419,125177,3,6.276607386238184
4420,125178,3,6.162015641480503
4421,125179,3,5.627937350252842
4422,125180,3,6.154946307137127
4423,125181,3,6.363887816344046
4424,125182,3,5.71834280922638
4425,125183,3,5.8895594303860745
4426,125184,3,6.470744168358225
4427,125185,3,5.8777921997744995
4428,125186,3,6.237442441172011
4429,125187,3,6.0477242322523095
4430,125188,3,6.269656607191624
4431,125189,3,6.283136230670474
4432,125190,3,5.954576959474843
4433,125191,3,5.999594291704518
4434,125192,3,6.675021096072726
4435,125193,3,6.239386229803128
4436,125194,3,4.555048621782375
4437,125195,3,6.307027357219181
4438,125196,3,6.199197255330732
4439,125197,3,5.898820376142818
4440,125198,3,5.90916094843515
4441,125199,3,5.769636908072092
4442,125200,3,5.788955077577389
4443,125201,3,5.74146462049083
4444,125202,3,6.073274807390425
4445,125203,3,6.415558541518726
4446,125204,3,6.685530211325631
4447,125205,3,6.023599449882601
4448,125206,3,6.1658364878196625
4449,125207,3,5.772153294602207
4450,125208,3,6.349502306985365
4451,125209,3,5.866121631275569
4452,125210,3,6.064758414382957
4453,125211,3,6.169219809911078
4454,125212,3,5.96914399859082
4455,125213,3,6.167903100736702
4456,125214,3,5.92418354922472
4457,125215,3,5.945573506126577
4458,125216,3,5.609322623718951
4459,125217,3,6.326680098499368
4460,125218,3,6.094025395983257
4461,125219,3,6.167260820891119
4462,125220,3,5.870373699440581
4463,125221,3,5.958674160099835
4464,125222,3,5.46117851051398
4465,125223,3,6.327141690488792
4466,125224,3,5.9993432963744215
4467,125225,3,6.279455855400558
4468,125226,3,6.064312643795077
4469,125227,3,5.818415397178925
4470,125228,3,5.8558899805478095
4471,125229,3,5.928451261338899
4472,125230,3,5.638411393876616
4473,125231,3,6.021850253337271
4474,125232,3,5.940354873719646
4475,125233,3,6.181556394169209
4476,125234,3,5.891093226710626
4477,125235,3,6.162053624512391
4478,125236,3,5.819715664706625
4479,125237,3,5.711806323462085
4480,125238,3,6.354563902692865
4481,125239,3,6.265994598328489
4482,125240,3,5.639518734852233
4483,125241,3,6.128142750543229
4484,125242,3,6.008011719132162
4485,125243,3,5.6506223530918
4486,125244,3,5.821076054650262
4487,125245,3,5.752609979734878
4488,125246,3,5.666613109010489
4489,125247,3,6.426529951176949
4490,125248,3,6.066587558512827
4491,125249,3,6.00876470471943
4492,125250,3,5.872115807731594
4493,125251,3,5.833272287281133
4494,125252,3,5.134153460235461
4495,125253,3,5.789213876252545
4496,125254,3,5.777322643939692
4497,125255,3,5.393569066719429
4498,125256,3,6.157461953021148
4499,125257,3,5.579010307360329
4500,125258,3,5.98591044551323
4501,125259,3,5.894865373467055
4502,125260,3,6.0399334747474525
4503,125261,3,5.99504405461977
4504,125262,3,5.793753911196227
4505,125263,3,5.575600470529211
4506,125264,3,5.803782114965529
4507,125265,3,6.0778267311426095
4508,125266,3,6.149331711586762
4509,125267,3,5.986996754447185
4510,125268,3,5.771127907230734
4511,125269,3,5.696198795078498
4512,125270,3,6.039490743808719
4513,125271,3,5.981174341898852
4514,125272,3,6.230359222178841
4515,125273,3,5.654321561119695
4516,125274,3,5.861373766774985
4517,125275,3,5.931905387663925
4518,125276,3,5.841043511825529
4519,125277,3,5.854042289506089
4520,125278,3,5.328648721655546
4521,125279,3,5.811875899961271
4522,125280,3,5.840201830940413
4523,125281,3,6.108459679925669
4524,125282,3,6.0810046635843715
4525,125283,3,6.048584475627613
4526,125284,3,5.656300001806523
4527,125285,3,5.645436432910133
4528,125286,3,6.168238514943957
4529,125287,3,6.168298033676758
4530,125288,3,5.890301882183607
4531,125289,3,5.802209852809643
4532,125290,3,6.649898122672969
4533,125291,3,4.290222582720972
4534,125292,3,6.010936579687197
4535,125293,3,5.819466733171588
4536,125294,3,5.9676702598506735
4537,125295,3,6.046435160451724
4538,125296,3,5.929805416937496
4539,125297,3,5.985922831663378
4540,125298,3,5.962566801708615
4541,125299,3,6.0090552095852585
4542,125300,3,5.834528540907527
4543,125301,3,5.739826958222338
4544,125302,3,5.7496853604692335
4545,125303,3,5.7496853604692335
4546,125304,3,5.7496853604692335
4547,125305,3,5.999603153403184
4548,125306,3,5.803560330329647
4549,125307,3,6.07843770239373
4550,125308,3,5.97596355669989
4551,125309,3,5.421779646258116
4552,125310,3,5.90077043840959
4553,125311,3,6.190541877619092
4554,125312,3,3.8140448664664337
4555,125313,3,5.4495817531153
4556,125314,3,5.466987389304533
4557,125315,3,5.843866445461318
4558,125316,3,5.879888530697828
4559,125317,3,5.975685068536568
4560,125318,3,5.422181808867242
4561,125319,3,5.816054448004556
4562,125320,3,6.009922412070428
4563,125321,3,5.931797463063593
4564,125322,3,6.077471799869102
4565,125323,3,6.030539976914476
4566,125324,3,5.8071637568620424
4567,125325,3,5.0524731799333225
4568,125326,3,5.729124274462488
4569,125327,3,5.335518578790838
4570,125328,3,5.646842295535126
4571,125329,3,6.056629075291802
4572,125330,3,5.46775971205029
4573,125331,3,6.273318651872632
4574,125332,3,5.82149981184779
4575,125333,3,5.828561330972733
4576,125334,3,5.885017149715949
4577,125335,3,5.5153779520072534
4578,125336,3,4.742378625005725
4579,125337,3,5.961501396266517
4580,125338,3,5.670103412427673
4581,125339,3,5.597281314725103
4582,125340,3,5.927672445879247
4583,125341,3,5.889291745648153
4584,125342,3,5.850422991872923
4585,125343,3,5.917128460671034
4586,125344,3,5.942623610714721
4587,125345,3,5.659155582700021
4588,125346,3,5.492712806951044
4589,125347,3,6.013669788209315
4590,125348,3,6.172183946614353
4591,125349,3,5.934976488837199
4592,125350,3,5.541804457468938
4593,125351,3,5.554585333394751
4594,125352,3,5.650548107849312
4595,125353,3,5.825668264113175
4596,125354,3,5.240523711165139
4597,125355,3,5.709621536325544
4598,125356,3,5.880050257600444
4599,125357,3,5.682193130737133
4600,125358,3,5.575863968170191
4601,125359,3,5.541894474959271
4602,125360,3,6.257818111420856
4603,125361,3,5.284089602975989
4604,125362,3,6.386696168215417
4605,125363,3,5.889684623740391
4606,125364,3,5.038117673380936
4607,125365,3,3.778631818514612
4608,125366,3,5.769776655658084
4609,125367,3,5.65768117156245
4610,125368,3,5.769630952433551
4611,125369,3,5.32218553631117
4612,125370,3,5.702815616029995
4613,125371,3,5.593238625764398
4614,125372,3,5.6537986685216035
4615,125373,3,5.009054365559521
4616,125374,3,5.194326643946732
4617,125375,3,5.5842252522501585
4618,125376,3,5.247692739470798
4619,125377,3,5.134503510626932
4620,125378,3,4.152589674954044
4621,125379,3,5.934810487560107
4622,125380,3,5.41484115489744
4623,125381,3,5.4018690452217335
4624,125382,3,5.899115594118575
4625,125383,3,5.633837955434294
4626,125384,3,4.911940367502246
4627,125385,3,5.436331431173928
4628,125386,3,5.65328242502249
4629,125387,3,5.742043824476711
4630,125388,3,5.743148642185214
4631,125389,3,5.785346941893687
4632,125390,3,5.413646426344997
4633,125391,3,5.537949015050897
4634,125392,3,5.628376960058869
4635,125393,3,5.384366599845911
4636,125394,3,6.101849616046821
4637,125395,3,5.488381558573308
4638,125396,3,5.555030908821515
4639,125397,3,5.6399650409174225
4640,125398,3,6.198497738211784
4641,125399,3,5.861103431274344
4642,125400,3,5.4146876727681965
4643,125401,3,5.513552626624369
4644,125402,3,5.860400697932617
4645,125403,3,5.5993789004879
4646,125404,3,5.6613529778804965
4647,125405,3,5.330227421507933
4648,125406,3,5.601269284796839
4649,125407,3,5.433232801913694
4650,125408,3,5.6607311072250335
4651,125409,3,5.490671664915576
4652,125410,3,5.829599209944323
4653,125411,3,5.54791428501442
4654,125412,3,5.559893706485183
4655,125413,3,5.898134162914345
4656,125414,3,5.325628857622703
4657,125415,3,5.380543240206121
4658,125416,3,5.4243185197485335
4659,125417,3,5.625906043217482
4660,125418,3,5.2953932024585075
4661,125419,3,4.804882930256244
4662,125420,3,5.609222122009397
4663,125421,3,5.346016120267633
4664,125422,3,5.219442868545764
4665,125423,3,5.398306525764897
4666,125424,3,5.494084276146658
4667,125425,3,6.116764793128587
4668,125426,3,5.373711985967217
4669,125427,3,5.195628281571058
4670,125428,3,5.09940498966131
4671,125429,3,5.461207344687533
4672,125430,3,5.499858683232737
4673,125431,3,5.709913862243865
4674,125432,3,5.954149709574292
4675,125433,3,5.676963201414871
4676,125434,3,5.334928670393466
4677,125435,3,5.5147662608704255
4678,125436,3,5.227694589840815
4679,125437,3,5.304864689691029
4680,125438,3,5.660311890110663
4681,125439,3,5.311204414166515
4682,125440,3,5.536079648485381
4683,125441,3,5.644502525840708
4684,125442,3,5.312431881155864
4685,125443,3,5.172044276910274
4686,125444,3,5.4711938940287945
4687,125445,3,5.027227015555778
4688,125446,3,5.206456919500687
4689,125447,3,4.079855510456395
4690,125448,3,5.883636347413577
4691,125449,3,5.10915026451598
4692,125450,3,5.2020007935440455
4693,125451,3,5.4963626600428235
4694,125452,3,5.482418673911646
4695,125453,3,5.428327321987234
4696,125454,3,5.637331588677022
4697,125455,3,4.972034902672976
4698,125456,3,5.78174997491388
4699,125457,3,5.604608440001863
4700,125458,3,4.564707631280623
4701,125459,3,5.276481916250704
4702,125460,3,5.173480621699586
4703,125461,3,5.502075819519873
4704,125462,3,5.324451202337427
4705,125463,3,5.486459634148769
4706,125464,3,5.192609437717353
4707,125465,3,5.33740191480275
4708,125466,3,5.1623765281759795
4709,125467,3,5.252407439260992
4710,125468,3,5.1431710876602335
4711,125469,3,5.413037055149231
4712,125470,3,5.1869735748958545
4713,125471,3,5.188189573245263
4714,125472,3,5.642587009454377
4715,125473,3,5.567183492546001
4716,125474,3,5.383556116673439
4717,125475,3,5.214470893089407
4718,125476,3,5.41274783405665
4719,125477,3,5.4421633183446385
4720,125478,3,5.235961353106061
4721,125479,3,5.2983862061032045
4722,125480,3,5.417707568362316
4723,125481,3,5.150370149204483
4724,125482,3,4.865625944618781
4725,125483,3,5.445987241163222
4726,125484,3,5.26699680878607
4727,125485,3,5.439222806551873
4728,125486,3,5.1479828634850495
4729,125487,3,5.103439524453656
4730,125488,3,3.700806126847602
4731,125489,3,5.471071536324954
4732,125490,3,5.246580351142151
4733,125491,3,4.9377938416682845
4734,125492,3,5.412161577202799
4735,125493,3,5.335449861313149
4736,125494,3,5.248961075346314
4737,125495,3,5.263005581915301
4738,125496,3,4.71319306393156
4739,125497,3,5.614191005345674
4740,125498,3,4.847521933840742
4741,125499,3,5.414561363455199
4742,125500,3,4.98311601171101
4743,125501,3,5.461301024933883
4744,125502,3,5.5234279162044855
4745,125503,3,5.121007412683915
4746,125504,3,4.8427093535073205
4747,125505,3,4.712353514014709
4748,125506,3,5.287355811542552
4749,125507,3,4.919763249760484
4750,125508,3,5.396747982377126
4751,125509,3,5.163133684435635
4752,125510,3,5.475452590431794
4753,125511,3,4.290467571956631
4754,125512,3,5.401257895623348
4755,125513,3,5.106751843689072
4756,125514,3,5.55494549698043
4757,125515,3,5.6267928272726895
4758,125516,3,4.804470724709205
4759,125517,3,5.1807150765784336
4760,125518,3,4.971252966253143
4761,125519,3,5.641108491974922
4762,125520,3,5.399227839744173
4763,125521,3,5.01899952179725
4764,125522,3,5.181023670989947
4765,125523,3,5.392151033368002
4766,125524,3,5.168748052200606
4767,125525,3,5.233384849392576
4768,125526,3,5.167370449952265
4769,125527,3,5.698851887529756
4770,125528,3,5.446062435882476
4771,125529,3,5.306217653193525
4772,125530,3,5.445091030321539
4773,125531,3,5.787589670256861
4774,125532,3,5.362257915888141
4775,125533,3,5.0084307836158874
4776,125534,3,5.195870924043225
4777,125535,3,5.557480129853795
4778,125536,3,5.223745326622002
4779,125537,3,5.702026379774093
4780,125538,3,4.839577901575675
4781,125539,3,6.391579991538292
4782,125540,3,5.161201674537255
4783,125541,3,5.044439112040364
4784,125542,3,4.436891432807906
4785,125543,3,5.381679110272999
4786,125544,3,5.019590160667125
4787,125545,3,5.194427765683887
4788,125546,3,5.1770506188856045
4789,125547,3,5.107325267998439
4790,125548,3,4.996118445361897
4791,125549,3,4.208705609627687
4792,125550,3,5.281664555334685
4793,125551,3,5.324926453387243
4794,125552,3,5.213306933124148
4795,125553,3,5.147380449620326
4796,125554,3,5.24912422224162
4797,125555,3,4.88831911310153
4798,125556,3,4.726699431835658
4799,125557,3,5.452966699373807
4800,125558,3,5.303916262064115
4801,125559,3,4.9171709569859905
4802,125560,3,4.919016396029048
4803,125561,3,4.520086944438323
4804,125562,3,4.959272166233006
4805,125563,3,5.143820270461284
4806,125564,3,5.012359304778105
4807,125565,3,4.679660122730898
4808,125566,3,4.44470965836814
4809,125567,3,5.289689982969165
4810,125568,3,5.03908122396704
4811,125569,3,4.786010846938281
4812,125570,3,4.785110149292226
4813,125571,3,5.134446799906195
4814,125572,3,4.838390908805168
4815,125573,3,5.189011031242838
4816,125574,3,5.099756202905162
4817,125575,3,5.485918032708123
4818,125576,3,5.358630640600015
4819,125577,3,4.89031607651421
4820,125578,3,4.886972564878581
4821,125579,3,5.272666492216471
4822,125580,3,4.859944442230211
4823,125581,3,5.088224534377471
4824,125582,3,5.1047234515857856
4825,125583,3,4.518841560473792
4826,125584,3,5.146491633205949
4827,125585,3,4.297363265541243
4828,125586,3,4.732629538516219
4829,125587,3,4.723193784597272
4830,125588,3,5.219062976913701
4831,125589,3,4.8636533198107275
4832,125590,3,5.214157552216398
4833,125591,3,4.949283304675665
4834,125592,3,5.496256306070027
4835,125593,3,3.545328896616616
4836,125594,3,5.160608596361229
4837,125595,3,4.938474891807216
4838,125596,3,4.506991185014046
4839,125597,3,5.013569220654942
4840,125598,3,4.476622835175579
4841,125599,3,5.193910752826204
4842,125600,3,4.960953281587368
4843,125601,3,4.420134275199505
4844,125602,3,5.426368176757001
4845,125603,3,3.5008476017973664
4846,125604,3,4.972482911677023
4847,125605,3,4.588804537617791
4848,125606,3,5.184951909901676
4849,125607,3,4.702772866492227
4850,125608,3,5.2085589351173915
4851,125609,3,5.069619659793259
4852,125610,3,5.237845204783334
4853,125611,3,5.425018540120758
4854,125612,3,5.2262785761478945
4855,125613,3,5.111120631061094
4856,125614,3,5.170944958647691
4857,125615,3,4.756030338414533
4858,125616,3,4.41907882166409
4859,125617,3,5.473719465682686
4860,125618,3,5.093192043554701
4861,125619,3,5.104777333130595
4862,125620,3,4.0042361931224475
4863,125621,3,4.724768653071316
4864,125622,3,5.036395076026732
4865,125623,3,5.037674323158129
4866,125624,3,4.649760110536876
4867,125625,3,4.7641655108037915
4868,125626,3,4.80916338961775
4869,125627,3,4.604548547506626
4870,125628,3,4.969129576309982
4871,125629,3,5.300634124439332
4872,125630,3,4.6195089695613625
4873,125631,3,5.291650073277614
4874,125632,3,5.005857726019762
4875,125633,3,4.9799414582318695
4876,125634,3,5.182967392747547
4877,125635,3,4.97246425326287
4878,125636,3,4.848826952717741
4879,125637,3,4.953880772498297
4880,125638,3,4.820487931682574
4881,125639,3,4.504428518510357
4882,125640,3,4.150393660806859
4883,125641,3,4.8963165532222135
4884,125642,3,4.831937283246018
4885,125643,3,4.8953214693309866
4886,125644,3,4.7321769561116565
4887,125645,3,4.238227345399356
4888,125646,3,5.267117166832636
4889,125647,3,4.484865277600932
4890,125648,3,4.6029284326412725
4891,125649,3,4.701876704269033
4892,125650,3,4.578307284382284
4893,125651,3,5.214110192661405
4894,125652,3,4.568018687000423
4895,125653,3,4.7645722044827
4896,125654,3,4.706288797104295
4897,125655,3,4.903924843215999
4898,125656,3,4.8547408171522
4899,125657,3,4.844349308086244
4900,125658,3,4.866049360376948
4901,125659,3,5.267441992352859
4902,125660,3,5.303561043181168
4903,125661,3,4.965658853018922
4904,125662,3,5.4060299763264625
4905,125663,3,4.61375132448911
4906,125664,3,4.9332558420681245
4907,125665,3,4.384349299582912
4908,125666,3,4.858618453035918
4909,125667,3,4.863598593390142
4910,125668,3,4.975844609514507
4911,125669,3,4.895817630428583
4912,125670,3,4.9481953801459495
4913,125671,3,4.363663248430832
4914,125672,3,4.070132992509097
4915,125673,3,4.9406688105816094
4916,125674,3,3.7589393017644617
4917,125675,3,4.100328556229437
4918,125676,3,4.747589398197027
4919,125677,3,4.674813866180941
4920,125678,3,4.775750015457485
4921,125679,3,4.589425455487092
4922,125680,3,4.241499553295572
4923,125681,3,4.733915632468413
4924,125682,3,4.7012402055855524
4925,125683,3,4.3710866297611926
4926,125684,3,4.460771424285321
4927,125685,3,4.977232889870537
4928,125686,3,4.857902753836169
4929,125687,3,3.545703943423581
4930,125688,3,3.5581409874393812
4931,125689,3,4.5080900036760525
4932,125690,3,4.768121240642484
4933,125691,3,4.9220078025378
4934,125692,3,4.96441989827882
4935,125693,3,4.37521697685766
4936,125694,3,3.893255245848153
4937,125695,3,4.709271087985011
4938,125696,3,4.809738859816839
4939,125697,3,5.135450759649745
4940,125698,3,4.613268576576831
4941,125699,3,4.691201317439405
4942,125700,3,3.604084595621381
4943,125701,3,4.445299308631668
4944,125702,3,3.7526701093662744
4945,125703,3,4.298433706132675
4946,125704,3,4.7112203202871346
4947,125705,3,4.416898476316694
4948,125706,3,4.606128840165844
4949,125707,3,4.124795279660246
4950,125708,3,3.996939561318398
4951,125709,3,4.647467983343095
4952,125710,3,3.6531891736497024
4953,125711,3,4.108685222100224
4954,125712,3,4.423459860449745
4955,125713,3,4.187682566611464
4956,125714,3,3.826571647834385
4957,125715,3,4.682450771388268
4958,125716,3,4.615280461391683
4959,125717,3,4.554682710749464
4960,125718,3,4.457586100476657
4961,125719,3,4.110564797419128
4962,125720,3,4.311760465766907
4963,125721,3,3.99310247405833
4964,125722,3,4.44420775068067
4965,125723,3,3.7034491205698226
4966,125724,3,4.458252218017375
4967,125725,3,4.387215080908616
4968,125726,3,4.760317944507951
4969,125727,3,3.670084954855889
4970,125728,3,4.246363167442896
4971,125729,3,4.7285634930090605
4972,125730,3,3.501560649832901
4973,125731,3,4.328029713875358
4974,125732,3,4.118637390304404
4975,125733,3,4.5617691033853305
4976,125734,3,4.749959354160298
4977,125735,3,3.920205092819208
4978,125736,3,4.3093237076022985
4979,125737,3,4.28482281859833
4980,125738,3,4.293813734561326
4981,125739,3,3.5697952163304127
4982,125740,3,4.756717958385604
4983,125741,3,4.3129195722952645
4984,125742,3,3.8748531230771555
4985,125743,3,3.9483157837297713
4986,125744,3,3.6695780269118616
4987,125745,3,4.016795657889114
4988,125746,3,4.124429119703992
4989,125747,3,3.3504665052757634
4990,125748,3,4.138961644743292
4991,125749,3,3.4956216744512076
4992,125750,3,3.970882957434635
4993,125751,3,3.5644511706370454
4994,125752,3,3.113447740047929
4995,125753,3,8.423242326535506
4996,125754,3,9.418158942284334
4997,125755,3,9.277243021186244
4998,125756,3,9.227760844340587
4999,125757,3,8.653614036742391
5000,125758,3,9.400131509740447
5001,125759,3,9.367687082324382
5002,125760,3,9.293915043422086
5003,125761,3,9.12648484524511
5004,125762,3,9.340228518974346
5005,125763,3,8.482843542854717
5006,125764,3,9.217650586729594
5007,125765,3,9.163468430142828
5008,125766,3,9.117199182975193
5009,125767,3,8.414243973397673
5010,125768,3,9.14202849764178
5011,125769,3,9.182820258703858
5012,125770,3,8.787709860225062
5013,125771,3,8.779198176229196
5014,125772,3,9.279389142414919
5015,125773,3,9.104279476610984
5016,125774,3,9.155560126380106
5017,125775,3,9.25566881334527
5018,125776,3,8.29124558616171
5019,125777,3,9.09275440880897
5020,125778,3,9.207773291277071
5021,125779,3,9.003880423474824
5022,125780,3,9.02960959680658
5023,125781,3,8.480709617519087
5024,125782,3,9.080340534840163
5025,125783,3,8.976994408596868
5026,125784,3,8.589905070526456
5027,125785,3,8.8387252032953
5028,125786,3,9.068649492692863
5029,125787,3,8.64608880538502
5030,125788,3,9.257763252712543
5031,125789,3,9.140992931591946
5032,125790,3,9.232719832035137
5033,125791,3,8.454245997644904
5034,125792,3,9.145446382483499
5035,125793,3,9.055649652079477
5036,125794,3,9.151282568045502
5037,125795,3,8.914443732700043
5038,125796,3,9.240215388951608
5039,125797,3,9.086392389513659
5040,125798,3,9.098945030880266
5041,125799,3,9.04764979159236
5042,125800,3,8.744926103942637
5043,125801,3,9.040368784288727
5044,125802,3,9.024851772864206
5045,125803,3,8.971405394451025
5046,125804,3,9.30004593314784
5047,125805,3,8.983290036526586
5048,125806,3,9.168128660539942
5049,125807,3,8.51972516266145
5050,125808,3,8.04489533122428
5051,125809,3,8.402681469320411
5052,125810,3,9.061342542826303
5053,125811,3,9.180996993620527
5054,125812,3,9.143521785919642
5055,125813,3,8.615704381497945
5056,125814,3,9.333895510634932
5057,125815,3,9.288361669660114
5058,125816,3,8.526357482500723
5059,125817,3,8.968035077573406
5060,125818,3,9.009311698389233
5061,125819,3,8.634015668788596
5062,125820,3,9.189673330642428
5063,125821,3,8.750490719334145
5064,125822,3,8.240826909101429
5065,125823,3,8.363211887868106
5066,125824,3,9.213240156531247
5067,125825,3,8.85946844789637
5068,125826,3,8.876850626469851
5069,125827,3,8.73515743345971
5070,125828,3,8.73515743345971
5071,125829,3,8.683602584319718
5072,125830,3,8.161266053763182
5073,125831,3,9.070749235667963
5074,125832,3,8.69641990916103
5075,125833,3,8.541587157450437
5076,125834,3,8.832871046631036
5077,125835,3,8.452958914840018
5078,125836,3,8.570240806460385
5079,125837,3,8.856036545945818
5080,125838,3,8.914480545747331
5081,125839,3,8.439847980298522
5082,125840,3,8.524226824639532
5083,125841,3,8.080884122752238
5084,125842,3,9.110514139366128
5085,125843,3,8.604582200150888
5086,125844,3,8.237741146018667
5087,125845,3,8.852263339876242
5088,125846,3,8.359076382729723
5089,125847,3,8.890377785579966
5090,125848,3,8.541537417731174
5091,125849,3,9.10910098287406
5092,125850,3,8.921303328780086
5093,125851,3,8.670464187290285
5094,125852,3,8.233290016789152
5095,125853,3,8.895516502057365
5096,125854,3,8.608634898890227
5097,125855,3,8.194279196238266
5098,125856,3,8.861660496002333
5099,125857,3,8.344244478422226
5100,125858,3,8.3599710803661
5101,125859,3,8.817204587059136
5102,125860,3,8.817204587059136
5103,125861,3,8.72436032518849
5104,125862,3,8.164766298286743
5105,125863,3,8.988400487608914
5106,125864,3,8.40296078246069
5107,125865,3,8.98402891342857
5108,125866,3,8.971368698166302
5109,125867,3,8.385974744767442
5110,125868,3,9.008497343673733
5111,125869,3,8.646975656372522
5112,125870,3,9.081556337562537
5113,125871,3,8.678155159842062
5114,125872,3,9.00489919812145
5115,125873,3,7.901795140487121
5116,125874,3,6.313968321665334
5117,125875,3,8.546860187660922
5118,125876,3,8.960555996737396
5119,125877,3,8.741622277416106
5120,125878,3,8.439538024157734
5121,125879,3,8.096788699105833
5122,125880,3,8.437450203028046
5123,125881,3,8.49668047621949
5124,125882,3,9.028771798901237
5125,125883,3,8.427764851419818
5126,125884,3,8.33322177499474
5127,125885,3,9.139203794690093
5128,125886,3,9.243488095958973
5129,125887,3,8.872604482435316
5130,125888,3,8.157695421299774
5131,125889,3,8.535780301149684
5132,125890,3,8.811012290864133
5133,125891,3,8.303135683003893
5134,125892,3,8.349986713324759
5135,125893,3,8.66488988481735
5136,125894,3,8.987121010969043
5137,125895,3,8.872443230557522
5138,125896,3,9.046899281414968
5139,125897,3,8.618871672173768
5140,125898,3,8.445815448252091
5141,125899,3,8.048812019145302
5142,125900,3,8.322759085557953
5143,125901,3,8.614499702815555
5144,125902,3,8.79516642386723
5145,125903,3,8.351821293499485
5146,125904,3,8.52136708436437
5147,125905,3,8.12083896936461
5148,125906,3,9.456945064587
5149,125907,3,8.646247857428861
5150,125908,3,8.121540949030273
5151,125909,3,8.206324727531548
5152,125910,3,9.046339872864467
5153,125911,3,8.850225138039768
5154,125912,3,8.83971149416261
5155,125913,3,8.185475085615277
5156,125914,3,8.987577384766334
5157,125915,3,8.546123883466514
5158,125916,3,8.591418975699241
5159,125917,3,8.6765337435392
5160,125918,3,8.387123750731455
5161,125919,3,8.850193231723534
5162,125920,3,8.461878200742138
5163,125921,3,7.809221748472525
5164,125922,3,8.13365727251084
5165,125923,3,9.250242725538179
5166,125924,3,8.323212010083845
5167,125925,3,8.55797523609122
5168,125926,3,8.897699582669048
5169,125927,3,8.615218088272925
5170,125928,3,8.902518625503355
5171,125929,3,8.046809068902604
5172,125930,3,8.322267854484345
5173,125931,3,8.364237767156087
5174,125932,3,8.894059143991262
5175,125933,3,8.746810131475367
5176,125934,3,8.516775081483807
5177,125935,3,8.509733564709322
5178,125936,3,8.238420870502846
5179,125937,3,8.323785772974913
5180,125938,3,7.718665976133154
5181,125939,3,8.44275014477256
5182,125940,3,8.370851548256024
5183,125941,3,8.546085633978777
5184,125942,3,8.167879217044556
5185,125943,3,8.329582008217827
5186,125944,3,7.061133563857238
5187,125945,3,8.520123467057465
5188,125946,3,8.819146010604651
5189,125947,3,8.718149131166433
5190,125948,3,8.459270881125574
5191,125949,3,9.072573147839947
5192,125950,3,9.093760788740385
5193,125951,3,8.724556228887703
5194,125952,3,8.724556228887703
5195,125953,3,8.869350729621107
5196,125954,3,8.242495766140985
5197,125955,3,8.286763757851068
5198,125956,3,7.805532959951632
5199,125957,3,7.938493391628968
5200,125958,3,7.782430567791866
5201,125959,3,8.08168946273791
5202,125960,3,8.630536925724822
5203,125961,3,8.437793100844159
5204,125962,3,8.500652434936681
5205,125963,3,8.745434656700231
5206,125964,3,9.120255238205457
5207,125965,3,8.110925527737876
5208,125966,3,8.659024710500741
5209,125967,3,6.077897538727819
5210,125968,3,6.576440911521266
5211,125969,3,8.346776751236725
5212,125970,3,8.67568003048092
5213,125971,3,8.509999183471997
5214,125972,3,8.129044863554817
5215,125973,3,8.446430489168684
5216,125974,3,8.86333354505514
5217,125975,3,8.832242580400598
5218,125976,3,8.209858058692772
5219,125977,3,8.274664732245741
5220,125978,3,8.637958493282177
5221,125979,3,8.601271355437028
5222,125980,3,8.51023328536829
5223,125981,3,8.76342719184172
5224,125982,3,8.16449760899011
5225,125983,3,8.303952832121297
5226,125984,3,8.081708797796187
5227,125985,3,8.434094731868965
5228,125986,3,8.133215025505834
5229,125987,3,8.130201037483154
5230,125988,3,7.729203190560171
5231,125989,3,8.662289613461168
5232,125990,3,8.586119034394983
5233,125991,3,8.103064675600226
5234,125992,3,6.945830990511107
5235,125993,3,7.876172540506806
5236,125994,3,8.369781876341252
5237,125995,3,8.066807245807977
5238,125996,3,7.857174309928533
5239,125997,3,8.065656988916919
5240,125998,3,8.725720245402822
5241,125999,3,8.371639049024239
5242,126000,3,8.212428883255054
5243,126001,3,8.289157807617423
5244,126002,3,8.471966288050254
5245,126003,3,8.268896958376176
5246,126004,3,6.483493675201935
5247,126005,3,8.3515761721175
5248,126006,3,7.9952711446378695
5249,126007,3,8.481232002220663
5250,126008,3,8.23866953279995
5251,126009,3,8.228848538336512
5252,126010,3,8.013603302012497
5253,126011,3,8.414928293045891
5254,126012,3,8.862635926654608
5255,126013,3,8.167072903693635
5256,126014,3,8.128375181192371
5257,126015,3,8.391359168442069
5258,126016,3,8.237416209718765
5259,126017,3,7.2165410543871165
5260,126018,3,7.2827092734505054
5261,126019,3,8.370228230712888
5262,126020,3,8.002036965413142
5263,126021,3,8.059209064748144
5264,126022,3,7.865832001457896
5265,126023,3,8.198370531156398
5266,126024,3,8.143536919915068
5267,126025,3,8.290495326914535
5268,126026,3,8.64061671968956
5269,126027,3,9.256015976602885
5270,126028,3,8.41891514657216
5271,126029,3,7.7038206310410935
5272,126030,3,7.45052684813826
5273,126031,3,8.703559863830856
5274,126032,3,8.290520946036848
5275,126033,3,8.143269754651469
5276,126034,3,9.486277710940701
5277,126035,3,8.19144795654588
5278,126036,3,7.992137822597824
5279,126037,3,8.026065633127882
5280,126038,3,8.8521588698156
5281,126039,3,8.21698137177318
5282,126040,3,8.312990165101871
5283,126041,3,8.815040743918663
5284,126042,3,8.562577852448504
5285,126043,3,8.458581148592511
5286,126044,3,7.9641533674955
5287,126045,3,8.310552605798918
5288,126046,3,7.829949991631683
5289,126047,3,8.153421721762241
5290,126048,3,8.307272555453482
5291,126049,3,8.061276907447072
5292,126050,3,8.107180816263044
5293,126051,3,8.035069884051659
5294,126052,3,8.032365541193512
5295,126053,3,8.50874216177004
5296,126054,3,7.624086598766929
5297,126055,3,8.355426802225631
5298,126056,3,8.042400770066726
5299,126057,3,8.16373013970579
5300,126058,3,8.341387322315972
5301,126059,3,8.367859028894763
5302,126060,3,9.19710867026517
5303,126061,3,8.219600893383252
5304,126062,3,9.241124546461934
5305,126063,3,7.58570539788239
5306,126064,3,7.8843257191981655
5307,126065,3,8.0597816848523
5308,126066,3,7.959438373756877
5309,126067,3,8.08487767155891
5310,126068,3,7.197701417330036
5311,126069,3,8.11994655223466
5312,126070,3,8.338822150059675
5313,126071,3,8.914851238215
5314,126072,3,7.935097147905304
5315,126073,3,8.294552447877004
5316,126074,3,8.180040644038495
5317,126075,3,8.148081885257747
5318,126076,3,8.285977410172835
5319,126077,3,8.778806135718003
5320,126078,3,8.631784972255264
5321,126079,3,8.478716357397147
5322,126080,3,8.378592557559092
5323,126081,3,8.152036497780438
5324,126082,3,8.15964179115878
5325,126083,3,8.880963846755849
5326,126084,3,8.089499268707444
5327,126085,3,7.901635548055719
5328,126086,3,7.970772277602631
5329,126087,3,7.978715982418991
5330,126088,3,8.467301094539483
5331,126089,3,8.419058481822741
5332,126090,3,7.673503709002415
5333,126091,3,8.269941059986339
5334,126092,3,7.998735133136215
5335,126093,3,8.292628322176522
5336,126094,3,8.34844253662345
5337,126095,3,8.106444408731926
5338,126096,3,8.383679342024411
5339,126097,3,8.193089940886752
5340,126098,3,8.420094855937833
5341,126099,3,7.523683028900381
5342,126100,3,8.343599592838318
5343,126101,3,8.305777904234526
5344,126102,3,8.460819211447763
5345,126103,3,7.848266936937424
5346,126104,3,7.699880478732215
5347,126105,3,8.915612888499814
5348,126106,3,7.764030989005777
5349,126107,3,8.039007601353942
5350,126108,3,7.7900319676417515
5351,126109,3,7.939479477436669
5352,126110,3,7.503801116211136
5353,126111,3,8.50521185270254
5354,126112,3,7.796517831889055
5355,126113,3,8.175756586964086
5356,126114,3,8.193983783742274
5357,126115,3,7.943358535480243
5358,126116,3,8.48660960175127
5359,126117,3,7.39042356592965
5360,126118,3,7.429111264916545
5361,126119,3,7.9439918159804
5362,126120,3,8.249463134684305
5363,126121,3,7.9003652410867815
5364,126122,3,8.488819096442962
5365,126123,3,7.7450270674118435
5366,126124,3,7.800669610846919
5367,126125,3,7.257279350250331
5368,126126,3,7.135099604580782
5369,126127,3,7.872827299241025
5370,126128,3,8.320304768556268
5371,126129,3,7.846753412570354
5372,126130,3,7.972744424385095
5373,126131,3,8.149577433677969
5374,126132,3,8.03353984839116
5375,126133,3,8.162951597711446
5376,126134,3,8.555273506013394
5377,126135,3,7.695825664506608
5378,126136,3,7.869033322285061
5379,126137,3,7.736971326192416
5380,126138,3,8.485793908414
5381,126139,3,8.45774351102472
5382,126140,3,8.265383318668231
5383,126141,3,8.396724675333052
5384,126142,3,8.31047743408791
5385,126143,3,7.908998972962362
5386,126144,3,7.9893952022226475
5387,126145,3,7.877686881947633
5388,126146,3,8.287759763603198
5389,126147,3,7.728567694320388
5390,126148,3,7.981123090285752
5391,126149,3,7.429043358919435
5392,126150,3,7.739794107929575
5393,126151,3,7.707009443458702
5394,126152,3,8.00223132340981
5395,126153,3,8.45930391705018
5396,126154,3,8.29495042879725
5397,126155,3,7.944710275023558
5398,126156,3,8.521105385868701
5399,126157,3,7.914198149671323
5400,126158,3,8.118238236776449
5401,126159,3,8.688711326213594
5402,126160,3,7.33210589477035
5403,126161,3,6.724248651250008
5404,126162,3,8.590603606159231
5405,126163,3,7.890218654566252
5406,126164,3,7.269751054030744
5407,126165,3,8.241157070100963
5408,126166,3,7.7332139541390195
5409,126167,3,7.895795345442549
5410,126168,3,8.259959119176154
5411,126169,3,8.179845464073791
5412,126170,3,7.571808519190601
5413,126171,3,8.152980066042659
5414,126172,3,7.883793746179078
5415,126173,3,8.16363784069287
5416,126174,3,7.8456650875805325
5417,126175,3,7.9190716939635335
5418,126176,3,7.880238745828064
5419,126177,3,7.485860249014907
5420,126178,3,8.042159889076418
5421,126179,3,8.058974103917201
5422,126180,3,7.973940264985197
5423,126181,3,8.169068436584428
5424,126182,3,7.871847517015647
5425,126183,3,8.043915798671058
5426,126184,3,7.999789668444734
5427,126185,3,7.664284476776505
5428,126186,3,8.167597035687939
5429,126187,3,8.174777314612651
5430,126188,3,6.922032562019455
5431,126189,3,7.942769044106293
5432,126190,3,7.57233753538366
5433,126191,3,7.849486755814347
5434,126192,3,7.381261755914025
5435,126193,3,7.706203430196851
5436,126194,3,8.103017267299128
5437,126195,3,8.263266692050989
5438,126196,3,8.160782223432426
5439,126197,3,7.761228860809409
5440,126198,3,7.842826736216878
5441,126199,3,8.335549917958712
5442,126200,3,7.938809758940479
5443,126201,3,7.857962431474712
5444,126202,3,7.879259804589564
5445,126203,3,7.93676027039422
5446,126204,3,8.752275959151865
5447,126205,3,7.971679506601452
5448,126206,3,8.020864574728947
5449,126207,3,7.570557253960826
5450,126208,3,8.184833611850925
5451,126209,3,7.185431174383152
5452,126210,3,7.573652718739457
5453,126211,3,7.842177212924369
5454,126212,3,8.020006420504458
5455,126213,3,7.826926362945611
5456,126214,3,4.515665650674894
5457,126215,3,7.837193828912153
5458,126216,3,8.077167985002117
5459,126217,3,7.948804299371724
5460,126218,3,7.598619693428212
5461,126219,3,8.449892497929335
5462,126220,3,8.13907316118314
5463,126221,3,7.991942852582254
5464,126222,3,7.956782860850768
5465,126223,3,6.674594310823654
5466,126224,3,7.155356822065058
5467,126225,3,8.675907528739357
5468,126226,3,7.853658839528743
5469,126227,3,8.520796867433408
5470,126228,3,7.942103937435707
5471,126229,3,7.8259362403067
5472,126230,3,8.423238109964558
5473,126231,3,8.444697083057429
5474,126232,3,8.270238252927648
5475,126233,3,7.607603320379912
5476,126234,3,7.941863532436344
5477,126235,3,8.031288869023259
5478,126236,3,7.407364534568414
5479,126237,3,7.424434664752653
5480,126238,3,8.16666105201977
5481,126239,3,6.866605749530752
5482,126240,3,6.332435958498045
5483,126241,3,7.959536166208774
5484,126242,3,7.547118902125074
5485,126243,3,7.53989412823427
5486,126244,3,8.099696403630945
5487,126245,3,8.022811536643887
5488,126246,3,7.505524899581319
5489,126247,3,7.995508479517065
5490,126248,3,8.050174575564235
5491,126249,3,7.342958997398769
5492,126250,3,7.907858431719779
5493,126251,3,8.157860020663332
5494,126252,3,7.892651579502504
5495,126253,3,7.484175916672533
5496,126254,3,8.408471596477389
5497,126255,3,8.399519001547082
5498,126256,3,7.754499012040666
5499,126257,3,8.136073078349707
5500,126258,3,7.481921823479152
5501,126259,3,7.849485348698389
5502,126260,3,7.813089474699405
5503,126261,3,7.923171299431726
5504,126262,3,6.587861728954145
5505,126263,3,5.79722290320719
5506,126264,3,8.045367187955723
5507,126265,3,7.926875715264918
5508,126266,3,7.964332980635087
5509,126267,3,7.609600583354916
5510,126268,3,7.620569767722154
5511,126269,3,8.32648093008528
5512,126270,3,7.335887047746466
5513,126271,3,7.401162085743376
5514,126272,3,8.127560616066473
5515,126273,3,6.65161391218641
5516,126274,3,7.78673889968735
5517,126275,3,7.50611595481454
5518,126276,3,7.414642604974633
5519,126277,3,7.776314385552365
5520,126278,3,7.260564768381671
5521,126279,3,7.472440117467546
5522,126280,3,6.877522167661998
5523,126281,3,7.04748372579308
5524,126282,3,7.993249984840487
5525,126283,3,7.921540928139181
5526,126284,3,7.19724232956111
5527,126285,3,7.330465635988714
5528,126286,3,8.606734929997028
5529,126287,3,7.974920152916589
5530,126288,3,7.682485073697162
5531,126289,3,6.879608951364026
5532,126290,3,7.906017480716731
5533,126291,3,7.909193583432852
5534,126292,3,8.151726310188776
5535,126293,3,6.586019680184168
5536,126294,3,5.510881612033022
5537,126295,3,7.557223225972549
5538,126296,3,7.946823999734896
5539,126297,3,7.483982825880429
5540,126298,3,7.618677359645953
5541,126299,3,7.582228341546237
5542,126300,3,7.725667481124882
5543,126301,3,8.235812331555717
5544,126302,3,7.931663495013479
5545,126303,3,8.02278705982222
5546,126304,3,7.911750782435599
5547,126305,3,7.7594211777709665
5548,126306,3,7.625701673217629
5549,126307,3,8.159833587745492
5550,126308,3,7.751494601246691
5551,126309,3,7.757370337044743
5552,126310,3,7.494007095114505
5553,126311,3,7.811622676210081
5554,126312,3,7.8485047669012165
5555,126313,3,7.554617119748399
5556,126314,3,7.795316718486724
5557,126315,3,7.688169177907843
5558,126316,3,7.612382513010734
5559,126317,3,7.5588187500456865
5560,126318,3,7.428073435380857
5561,126319,3,7.841854109761099
5562,126320,3,7.900198449373956
5563,126321,3,7.7316217215568726
5564,126322,3,7.962172294660128
5565,126323,3,7.966081378960666
5566,126324,3,7.921811005539983
5567,126325,3,7.963859943763166
5568,126326,3,7.7275675713762935
5569,126327,3,8.188974928606765
5570,126328,3,7.53888704682987
5571,126329,3,6.998879368257337
5572,126330,3,8.101441773361588
5573,126331,3,7.533346283826091
5574,126332,3,7.923460531313913
5575,126333,3,8.31312784707814
5576,126334,3,7.494502968318398
5577,126335,3,5.991878598024213
5578,126336,3,7.312217998921052
5579,126337,3,7.567636726207743
5580,126338,3,7.468662709128158
5581,126339,3,7.81181104578327
5582,126340,3,8.46975535747678
5583,126341,3,7.665651097103968
5584,126342,3,8.071927208222723
5585,126343,3,8.26708429231938
5586,126344,3,7.530856320086485
5587,126345,3,7.430580329277081
5588,126346,3,7.060413437337905
5589,126347,3,7.057097556497579
5590,126348,3,7.7226761647442626
5591,126349,3,7.746137855961893
5592,126350,3,7.275823857125409
5593,126351,3,8.086075855768438
5594,126352,3,7.528264656073672
5595,126353,3,6.242230191517122
5596,126354,3,7.729463648585842
5597,126355,3,7.2723442556374565
5598,126356,3,7.926919888033444
5599,126357,3,8.029590228482322
5600,126358,3,7.61483412518641
5601,126359,3,6.436504389131661
5602,126360,3,7.784398286741986
5603,126361,3,7.621902555406667
5604,126362,3,7.506127626663671
5605,126363,3,7.457026635564561
5606,126364,3,8.044367212766138
5607,126365,3,7.606824159540858
5608,126366,3,7.930091629784336
5609,126367,3,7.475627599512837
5610,126368,3,7.905688383409484
5611,126369,3,6.9713786234960295
5612,126370,3,7.457806696595567
5613,126371,3,7.459560788524923
5614,126372,3,7.089230995403852
5615,126373,3,7.286916965564177
5616,126374,3,6.820322934500479
5617,126375,3,7.984210520101927
5618,126376,3,7.711420708894828
5619,126377,3,8.12976402384234
5620,126378,3,7.49991173090962
5621,126379,3,7.684396430910942
5622,126380,3,6.8612925718129425
5623,126381,3,8.005124486819675
5624,126382,3,7.556641793529245
5625,126383,3,7.4797226704848505
5626,126384,3,7.867476799015325
5627,126385,3,7.700903813021881
5628,126386,3,7.126014943938822
5629,126387,3,7.688060070499517
5630,126388,3,6.750658290828973
5631,126389,3,7.259152031345872
5632,126390,3,8.254688055985897
5633,126391,3,7.50340590495007
5634,126392,3,7.782213869839646
5635,126393,3,7.399649331034866
5636,126394,3,7.215090353304574
5637,126395,3,7.425184304099922
5638,126396,3,7.461467053329701
5639,126397,3,7.967808676340163
5640,126398,3,6.764377110004409
5641,126399,3,7.898035246067769
5642,126400,3,7.365943534168217
5643,126401,3,8.274524025510177
5644,126402,3,7.866550518036931
5645,126403,3,6.884498184126513
5646,126404,3,6.2142177302085715
5647,126405,3,6.940464111337113
5648,126406,3,7.4519235366300824
5649,126407,3,7.42066472006372
5650,126408,3,7.423898266685572
5651,126409,3,7.483309088158887
5652,126410,3,7.6473246403584945
5653,126411,3,7.106726646429248
5654,126412,3,7.8229998393028435
5655,126413,3,7.720316394640229
5656,126414,3,7.532231727320561
5657,126415,3,7.8140186451109415
5658,126416,3,8.005773857506917
5659,126417,3,7.496814015537488
5660,126418,3,6.841952021756901
5661,126419,3,7.496175428143662
5662,126420,3,7.618892485932477
5663,126421,3,7.241233983452293
5664,126422,3,7.678330408023589
5665,126423,3,7.802076411639562
5666,126424,3,6.970404374885005
5667,126425,3,7.339208453920145
5668,126426,3,7.346378437667983
5669,126427,3,7.789966908978351
5670,126428,3,8.548327651115063
5671,126429,3,7.408418491221009
5672,126430,3,7.533954292554952
5673,126431,3,7.442613457621974
5674,126432,3,7.127476347042942
5675,126433,3,7.934704837951321
5676,126434,3,7.613444438326288
5677,126435,3,7.656603338172543
5678,126436,3,7.334033123951714
5679,126437,3,7.001357854998655
5680,126438,3,6.776274628611629
5681,126439,3,7.958175891334969
5682,126440,3,7.48078275777297
5683,126441,3,7.481408430079852
5684,126442,3,7.156291119721059
5685,126443,3,7.474022036650194
5686,126444,3,7.1552991916812445
5687,126445,3,7.8252559921045
5688,126446,3,7.83658613457041
5689,126447,3,7.585931944159052
5690,126448,3,7.182646524255971
5691,126449,3,7.285373574174217
5692,126450,3,7.494779031005528
5693,126451,3,6.592352284886043
5694,126452,3,7.378772321533336
5695,126453,3,8.2911276814077
5696,126454,3,7.321936233631622
5697,126455,3,8.268819724624072
5698,126456,3,7.365211751694282
5699,126457,3,8.133744065027974
5700,126458,3,7.656552810302948
5701,126459,3,6.898739698634736
5702,126460,3,7.387539949005435
5703,126461,3,7.547398445861706
5704,126462,3,7.428971406589563
5705,126463,3,7.525607306938649
5706,126464,3,8.046504713861927
5707,126465,3,7.78959604472657
5708,126466,3,7.661073989366332
5709,126467,3,7.2076314697141
5710,126468,3,7.180377997452227
5711,126469,3,7.399692466948444
5712,126470,3,6.518601770103916
5713,126471,3,7.806132771279096
5714,126472,3,6.6324341857778775
5715,126473,3,7.0752176958998065
5716,126474,3,7.221236878317133
5717,126475,3,7.860993191990368
5718,126476,3,7.235255221405488
5719,126477,3,7.061811877623167
5720,126478,3,8.735402643334854
5721,126479,3,7.343104993360963
5722,126480,3,6.963175596512082
5723,126481,3,7.782157730458253
5724,126482,3,7.356774807623037
5725,126483,3,7.505078220199387
5726,126484,3,7.714159173579453
5727,126485,3,5.728347680671213
5728,126486,3,7.192163575247103
5729,126487,3,6.919527330956865
5730,126488,3,7.740706893582216
5731,126489,3,7.901861826700102
5732,126490,3,7.283567443131091
5733,126491,3,8.033729206821375
5734,126492,3,6.497046983576826
5735,126493,3,8.083329345584241
5736,126494,3,6.9406266522229245
5737,126495,3,7.815078743657099
5738,126496,3,7.820104248376099
5739,126497,3,7.040087229463284
5740,126498,3,6.9963273330596305
5741,126499,3,6.923650954721502
5742,126500,3,6.985369381083383
5743,126501,3,7.407271644064692
5744,126502,3,6.8640073923166485
5745,126503,3,6.769294077321658
5746,126504,3,6.767166963964948
5747,126505,3,8.20394647026063
5748,126506,3,6.830189867124277
5749,126507,3,6.917272302883737
5750,126508,3,7.365438938751125
5751,126509,3,6.765798105077235
5752,126510,3,6.820953189274678
5753,126511,3,7.463474479618051
5754,126512,3,6.940403570564825
5755,126513,3,6.912262850395472
5756,126514,3,7.194769873160348
5757,126515,3,8.117669047796596
5758,126516,3,7.2477793353580395
5759,126517,3,6.845853082875939
5760,126518,3,7.572105618201024
5761,126519,3,7.105517788368907
5762,126520,3,7.169951150483308
5763,126521,3,7.04929691715645
5764,126522,3,7.734639175173626
5765,126523,3,8.082909432557697
5766,126524,3,7.33261047652907
5767,126525,3,6.67696810508862
5768,126526,3,7.457082400317193
5769,126527,3,7.651598686793862
5770,126528,3,7.048778587479403
5771,126529,3,7.596402764741846
5772,126530,3,7.152192661912089
5773,126531,3,7.448563083862649
5774,126532,3,6.828651427758986
5775,126533,3,7.3659735936582935
5776,126534,3,8.45869506330071
5777,126535,3,7.199970437715553
5778,126536,3,6.925043418579667
5779,126537,3,7.343702443098797
5780,126538,3,7.190486506791821
5781,126539,3,7.067267149093814
5782,126540,3,7.118348617267203
5783,126541,3,7.208023659960944
5784,126542,3,6.917309795628097
5785,126543,3,7.617020306507731
5786,126544,3,8.092338859421474
5787,126545,3,7.446203800138164
5788,126546,3,7.135100884607184
5789,126547,3,6.816619766264362
5790,126548,3,7.185558696101151
5791,126549,3,6.802824350577398
5792,126550,3,7.113914517927105
5793,126551,3,6.834254075979347
5794,126552,3,6.904739603565902
5795,126553,3,6.869633146147425
5796,126554,3,7.329716051791336
5797,126555,3,7.05319196273733
5798,126556,3,6.827389773174111
5799,126557,3,6.791402335129445
5800,126558,3,6.662227647243277
5801,126559,3,7.114002905510917
5802,126560,3,7.18270363301732
5803,126561,3,6.623786167817
5804,126562,3,7.8747977348448
5805,126563,3,6.639544164237359
5806,126564,3,6.619667392543447
5807,126565,3,7.512436696470564
5808,126566,3,6.989373758822344
5809,126567,3,6.970945619189643
5810,126568,3,7.4504388310300325
5811,126569,3,7.874337208369508
5812,126570,3,6.747203122777111
5813,126571,3,7.490662878863908
5814,126572,3,6.910903835075566
5815,126573,3,7.40560161189456
5816,126574,3,7.669026416956172
5817,126575,3,7.393256481096012
5818,126576,3,7.818040902146901
5819,126577,3,6.916024167927069
5820,126578,3,7.294456419369995
5821,126579,3,7.32065327590052
5822,126580,3,7.075209576830268
5823,126581,3,8.128603042971402
5824,126582,3,6.759166981121179
5825,126583,3,7.474561567168629
5826,126584,3,7.534753676627948
5827,126585,3,6.906214176521533
5828,126586,3,7.458370963304837
5829,126587,3,6.953051461892144
5830,126588,3,7.097218373847072
5831,126589,3,7.778567577490884
5832,126590,3,7.078169201348354
5833,126591,3,6.907307841018636
5834,126592,3,7.332175317949597
5835,126593,3,7.332175317949597
5836,126594,3,6.977695556047654
5837,126595,3,6.757013109235617
5838,126596,3,7.401089896227169
5839,126597,3,6.969008709725088
5840,126598,3,6.9249026891411205
5841,126599,3,7.504773278637299
5842,126600,3,6.977425844050158
5843,126601,3,7.109525106020945
5844,126602,3,7.140140417120106
5845,126603,3,6.764105551781157
5846,126604,3,7.051559674679082
5847,126605,3,7.322146540661013
5848,126606,3,7.047036253479206
5849,126607,3,6.337911828650199
5850,126608,3,6.472031987384927
5851,126609,3,7.086037283803739
5852,126610,3,7.387383258430874
5853,126611,3,7.140018148153095
5854,126612,3,7.400351637527601
5855,126613,3,6.24050428428661
5856,126614,3,6.140924906874931
5857,126615,3,7.188589048590389
5858,126616,3,7.397404862084121
5859,126617,3,6.675076707620662
5860,126618,3,7.064967389438621
5861,126619,3,7.032402645843953
5862,126620,3,7.1195035136132505
5863,126621,3,6.78163171280534
5864,126622,3,6.558750854306492
5865,126623,3,6.574219140646034
5866,126624,3,6.293579292713501
5867,126625,3,7.025827091416431
5868,126626,3,6.846213586757721
5869,126627,3,7.182219197144807
5870,126628,3,6.6206253896206
5871,126629,3,7.429890866641601
5872,126630,3,7.095615189197117
5873,126631,3,6.7277318207472145
5874,126632,3,6.749414872552723
5875,126633,3,7.584758250048945
5876,126634,3,6.7874920968437875
5877,126635,3,7.040624414007158
5878,126636,3,6.799393432729125
5879,126637,3,7.16162714898624
5880,126638,3,7.445898601674774
5881,126639,3,6.918619066095871
5882,126640,3,6.828888206582229
5883,126641,3,7.00598522542703
5884,126642,3,6.691933272371655
5885,126643,3,6.8471459355985385
5886,126644,3,7.134484794022827
5887,126645,3,6.495373611716388
5888,126646,3,6.743587418504288
5889,126647,3,7.0467343300793654
5890,126648,3,7.601427211933096
5891,126649,3,7.097505010573737
5892,126650,3,6.414876994963285
5893,126651,3,6.975329581891843
5894,126652,3,7.199340780626368
5895,126653,3,7.07051001164444
5896,126654,3,6.769532963654051
5897,126655,3,6.877749535811497
5898,126656,3,6.972591710502384
5899,126657,3,7.28823980676956
5900,126658,3,7.23919148977082
5901,126659,3,7.535881175611104
5902,126660,3,6.708314575791004
5903,126661,3,6.903215168190085
5904,126662,3,7.794922515803728
5905,126663,3,6.713240225550954
5906,126664,3,6.7988354373831985
5907,126665,3,6.7537972576380705
5908,126666,3,6.8619948233885575
5909,126667,3,7.869616124113123
5910,126668,3,7.0975627464968145
5911,126669,3,7.394122536420881
5912,126670,3,6.7482858819346
5913,126671,3,7.05453814390992
5914,126672,3,6.748863335168462
5915,126673,3,6.679107031735433
5916,126674,3,6.8070336504001006
5917,126675,3,7.232674048675515
5918,126676,3,6.884771109293942
5919,126677,3,6.86450674184205
5920,126678,3,6.961153777274355
5921,126679,3,6.389553567246132
5922,126680,3,6.665526181741234
5923,126681,3,6.689859889610084
5924,126682,3,7.08108547794114
5925,126683,3,7.474570650054543
5926,126684,3,7.105214932968476
5927,126685,3,6.707471382481525
5928,126686,3,6.95731607976365
5929,126687,3,6.691149623576028
5930,126688,3,6.436903263991578
5931,126689,3,7.161510183599836
5932,126690,3,6.855010048419646
5933,126691,3,7.1038303564052905
5934,126692,3,5.998276622554903
5935,126693,3,6.750385982076374
5936,126694,3,7.055081028435231
5937,126695,3,7.249072353437526
5938,126696,3,7.093889214760187
5939,126697,3,6.721787587419932
5940,126698,3,7.065435390945535
5941,126699,3,7.137380613967596
5942,126700,3,7.100919066702429
5943,126701,3,6.90964134550318
5944,126702,3,6.978919619239516
5945,126703,3,6.802594066035755
5946,126704,3,7.29941950281092
5947,126705,3,7.0540304952592034
5948,126706,3,6.867181674977972
5949,126707,3,6.581804910682979
5950,126708,3,6.7749495946717815
5951,126709,3,6.145241984225457
5952,126710,3,7.25505684681209
5953,126711,3,6.81462278989472
5954,126712,3,7.661667438595909
5955,126713,3,7.144120014687678
5956,126714,3,6.97521309278006
5957,126715,3,6.635572304443899
5958,126716,3,6.900149251506719
5959,126717,3,6.798142497656134
5960,126718,3,6.926908646376134
5961,126719,3,6.746835898435672
5962,126720,3,7.188300236172904
5963,126721,3,6.444842865348619
5964,126722,3,7.262905219600119
5965,126723,3,6.802793127493906
5966,126724,3,6.781422167249776
5967,126725,3,6.913233087290381
5968,126726,3,6.619499137392382
5969,126727,3,6.58424337989339
5970,126728,3,7.047955167707185
5971,126729,3,6.457214917506177
5972,126730,3,5.983631725891664
5973,126731,3,6.418365737097453
5974,126732,3,6.696961638690721
5975,126733,3,6.173430225952134
5976,126734,3,6.407283761778838
5977,126735,3,7.04630994428725
5978,126736,3,6.764353157577718
5979,126737,3,6.311944151382637
5980,126738,3,7.167773889212953
5981,126739,3,6.893632327288754
5982,126740,3,7.130739985475748
5983,126741,3,6.810714134640052
5984,126742,3,7.271858104348368
5985,126743,3,6.704532288626367
5986,126744,3,7.035222674672289
5987,126745,3,6.441666591529494
5988,126746,3,6.442043174960258
5989,126747,3,7.517778202436204
5990,126748,3,7.316226581351397
5991,126749,3,6.775891978594693
5992,126750,3,7.118872349619453
5993,126751,3,5.977683597611621
5994,126752,3,6.637031185859171
5995,126753,3,7.437586275773885
5996,126754,3,6.710049245595011
5997,126755,3,6.703222646596474
5998,126756,3,7.017679401158905
5999,126757,3,6.565039430724318
6000,126758,3,6.5403323385439185
6001,126759,3,6.0781838518993485
6002,126760,3,6.472005971886005
6003,126761,3,6.399678026829059
6004,126762,3,6.450783539879136
6005,126763,3,7.049425970158042
6006,126764,3,6.418855149313124
6007,126765,3,6.793517426471827
6008,126766,3,6.194329534178614
6009,126767,3,6.583908084559428
6010,126768,3,6.853372818698519
6011,126769,3,6.459746300523409
6012,126770,3,6.288507711771961
6013,126771,3,6.89960502081997
6014,126772,3,6.473936596969651
6015,126773,3,6.167791131304618
6016,126774,3,6.421085739997598
6017,126775,3,6.288920883825292
6018,126776,3,6.421077191907437
6019,126777,3,5.763464363431967
6020,126778,3,6.700659907366387
6021,126779,3,5.828844494005402
6022,126780,3,6.364298021913729
6023,126781,3,6.338460505665912
6024,126782,3,7.320843941184618
6025,126783,3,6.852359965816365
6026,126784,3,6.9472276330133695
6027,126785,3,6.536381508179647
6028,126786,3,6.139989674205242
6029,126787,3,6.295797441289266
6030,126788,3,5.937104056055334
6031,126789,3,5.957839666738801
6032,126790,3,6.310624384881496
6033,126791,3,6.108474020162193
6034,126792,3,6.384958525549304
6035,126793,3,6.60003724443483
6036,126794,3,6.776170812331394
6037,126795,3,6.359185282075034
6038,126796,3,6.050711802694609
6039,126797,3,6.187339591341749
6040,126798,3,7.253278479450432
6041,126799,3,6.083296873449944
6042,126800,3,5.787399001069184
6043,126801,3,7.12521919451787
6044,126802,3,5.956628554341631
6045,126803,3,5.915937258650566
6046,126804,3,6.177643558900038
6047,126805,3,5.656292940138044
6048,126806,3,6.341617911728998
6049,126807,3,5.417819839963487
6050,126808,3,6.950610405610744
6051,126809,3,6.383773788007127
6052,126810,3,6.402843067821257
6053,126811,3,5.952372310662983
6054,126812,3,6.237791311333753
6055,126813,3,6.64190144939384
6056,126814,3,6.368640883570661
6057,126815,3,5.685044910165871
6058,126816,3,5.839781685478184
6059,126817,3,6.537801842335252
6060,126818,3,8.905069664771593
6061,126819,3,7.136110566583849
6062,126820,3,7.41262099175213
6063,126821,3,6.948999609823348
6064,126822,3,5.8386585398125055
6065,126823,3,6.126510590151261
6066,126824,3,5.80472349696023
6067,126825,3,6.758900823124933
6068,126826,3,6.715539604955063
6069,126827,3,6.623928758421167
6070,126828,3,6.803211788244813
6071,126829,3,6.059644462509344
6072,126830,3,6.648150713411536
6073,126831,3,6.4540733853307115
6074,126832,3,5.784383174352912
6075,126833,3,6.558301546052814
6076,126834,3,6.889167276694999
6077,126835,3,6.771898473349432
6078,126836,3,5.765447743879364
6079,126837,3,6.5946178656073835
6080,126838,3,6.790930873494462
6081,126839,3,6.691379351147237
6082,126840,3,6.822534920997871
6083,126841,3,6.228095657807641
6084,126842,3,5.786591894003668
6085,126843,3,5.917810232376722
6086,126844,3,6.31985058572662
6087,126845,3,6.035890365416915
6088,126846,3,6.292739896127393
6089,126847,3,6.797565004139351
6090,126848,3,6.84435355549994
6091,126849,3,6.968993477702878
6092,126850,3,6.6715611195519005
6093,126851,3,5.979645973423369
6094,126852,3,6.247359725686817
6095,126853,3,6.12567174252785
6096,126854,3,6.487235173822051
6097,126855,3,6.276914048830025
6098,126856,3,6.22651214364027
6099,126857,3,6.0357908542018475
6100,126858,3,6.671100701039319
6101,126859,3,5.102543603330459
6102,126860,3,6.231103188469186
6103,126861,3,6.029191629255758
6104,126862,3,6.400507213486831
6105,126863,3,5.836827776321864
6106,126864,3,6.542902428378311
6107,126865,3,6.6235813015826315
6108,126866,3,5.816229217584283
6109,126867,3,5.814702823683889
6110,126868,3,5.838439098006834
6111,126869,3,4.895527841962354
6112,126870,3,5.596318726522316
6113,126871,3,5.79027965465816
6114,126872,3,6.6972502170280785
6115,126873,3,6.28058589471373
6116,126874,3,6.923738944138178
6117,126875,3,5.656775102773235
6118,126876,3,6.338307760143641
6119,126877,3,5.608756410541294
6120,126878,3,6.014679352102023
6121,126879,3,5.972244001565524
6122,126880,3,5.855153723321713
6123,126881,3,5.298909547032961
6124,126882,3,4.940395121756676
6125,126883,3,5.369770830332241
6126,126884,3,6.108868803914697
6127,126885,3,7.400247116855642
6128,126886,3,5.09132241187963
6129,126887,3,5.470929094946303
6130,126888,3,5.67759312050215
6131,126889,3,5.538432264946242
6132,126890,3,5.220945563006732
6133,126891,3,5.427629569162742
6134,126892,3,5.368699751843992
6135,126893,3,2.781133069839043
6136,126894,3,5.466717118661409
6137,126895,3,6.6104375300343525
6138,126896,3,5.043423355991929
6139,126897,3,4.723742120244349
6140,126898,3,4.715651379098691
6141,126899,3,5.222394914727298
6142,126900,3,3.571364968460402
6143,126901,3,3.481742221582075
6144,126902,3,4.898235531186113
6145,126903,3,8.179974495590304
6146,126904,3,7.842858437851373
6147,126905,3,7.857455803820833
6148,126906,3,8.189055450571521
6149,126907,3,8.51905790983701
6150,126908,3,8.42837034900562
6151,126909,3,8.934614408857993
6152,126910,3,8.732065331872109
6153,126911,3,7.7406655513288785
6154,126912,3,9.105441603685055
6155,126913,3,8.939629719178605
6156,126914,3,8.957239828925365
6157,126915,3,7.003639269778105
6158,126916,3,9.076299006829338
6159,126917,3,9.261698316641814
6160,126918,3,9.023967064534425
6161,126919,3,8.666104251120878
6162,126920,3,8.967449425100252
6163,126921,3,9.101624693095658
6164,126922,3,8.758923481372907
6165,126923,3,9.051168717921385
6166,126924,3,9.124816896131527
6167,126925,3,9.015725730604242
6168,126926,3,9.061417346039324
6169,126927,3,7.916871206125505
6170,126928,3,8.91585380770616
6171,126929,3,8.815697669450259
6172,126930,3,8.863530099968875
6173,126931,3,8.985332013510417
6174,126932,3,9.106181979405832
6175,126933,3,8.42458965506747
6176,126934,3,8.546225254218081
6177,126935,3,9.149145979638554
6178,126936,3,9.007760837429618
6179,126937,3,8.684168046182542
6180,126938,3,8.211954705821492
6181,126939,3,8.974531681706175
6182,126940,3,8.357950195101031
6183,126941,3,9.263107641686126
6184,126942,3,9.012542779958878
6185,126943,3,9.002630464291041
6186,126944,3,9.13243355113022
6187,126945,3,9.197686363991522
6188,126946,3,9.013078215995415
6189,126947,3,8.978673919726322
6190,126948,3,8.322675625426958
6191,126949,3,8.970021676917446
6192,126950,3,8.460360880258117
6193,126951,3,8.90708936526251
6194,126952,3,8.88021540073522
6195,126953,3,8.390567173131581
6196,126954,3,9.115546791650353
6197,126955,3,8.999953553225948
6198,126956,3,8.603149820829287
6199,126957,3,8.241469446167438
6200,126958,3,8.779454270532476
6201,126959,3,8.531494021701143
6202,126960,3,9.089976223432952
6203,126961,3,9.122319144260384
6204,126962,3,8.49205782907443
6205,126963,3,9.020389686633234
6206,126964,3,8.560902506963448
6207,126965,3,8.869140212009885
6208,126966,3,9.16862820025393
6209,126967,3,8.895813936525094
6210,126968,3,7.3749117500398516
6211,126969,3,8.70336888476457
6212,126970,3,8.833667027821798
6213,126971,3,8.131049901388288
6214,126972,3,9.011397876810857
6215,126973,3,8.796074351722561
6216,126974,3,8.127215057655173
6217,126975,3,7.950155683213846
6218,126976,3,8.772598357605325
6219,126977,3,8.47981352824416
6220,126978,3,8.536822444916215
6221,126979,3,8.968168546604414
6222,126980,3,8.493607038632264
6223,126981,3,8.85883026875782
6224,126982,3,8.600291017426237
6225,126983,3,8.87203894248152
6226,126984,3,9.304822646119646
6227,126985,3,9.053029267686963
6228,126986,3,7.997342033884157
6229,126987,3,8.158198133903769
6230,126988,3,9.034657179526027
6231,126989,3,8.617431688083366
6232,126990,3,8.579771739811138
6233,126991,3,9.130256916162729
6234,126992,3,8.829297143797612
6235,126993,3,8.927883861930885
6236,126994,3,8.959808209503066
6237,126995,3,8.760585456200428
6238,126996,3,8.726259740784357
6239,126997,3,8.25450064740079
6240,126998,3,8.953071308003002
6241,126999,3,8.56310611730843
6242,127000,3,8.57347984609601
6243,127001,3,8.387354285604122
6244,127002,3,9.029405687622921
6245,127003,3,8.76892712878114
6246,127004,3,8.854150117447317
6247,127005,3,9.049297016778286
6248,127006,3,8.403299685121889
6249,127007,3,8.663213880892314
6250,127008,3,8.672824524965076
6251,127009,3,8.713261257556198
6252,127010,3,8.901180040489628
6253,127011,3,8.104798713586542
6254,127012,3,8.869311126248963
6255,127013,3,8.460133794148723
6256,127014,3,8.98338094796338
6257,127015,3,8.957921100489699
6258,127016,3,8.30467540518725
6259,127017,3,8.774282325404133
6260,127018,3,9.00133281717223
6261,127019,3,8.708333473635944
6262,127020,3,8.224556224230845
6263,127021,3,8.770485155820003
6264,127022,3,8.498077309840497
6265,127023,3,8.859710484193034
6266,127024,3,8.934509206914338
6267,127025,3,8.642284331366408
6268,127026,3,8.889587056696566
6269,127027,3,8.791862818221416
6270,127028,3,8.514408837296859
6271,127029,3,8.77743358565915
6272,127030,3,7.960221597774642
6273,127031,3,8.362925554577421
6274,127032,3,7.639825776858554
6275,127033,3,7.954154837650009
6276,127034,3,8.669689337421707
6277,127035,3,8.707185469841914
6278,127036,3,8.869036663254137
6279,127037,3,8.617469060373042
6280,127038,3,8.431607880580383
6281,127039,3,8.402273407413889
6282,127040,3,8.801744475720678
6283,127041,3,8.322342086472785
6284,127042,3,8.249356490173506
6285,127043,3,8.312138482877002
6286,127044,3,8.681677389647952
6287,127045,3,8.725441397976377
6288,127046,3,8.932189692207508
6289,127047,3,8.837983968306027
6290,127048,3,8.783999925903597
6291,127049,3,8.401505609325822
6292,127050,3,8.742358473499298
6293,127051,3,8.475848486702324
6294,127052,3,8.303024703914852
6295,127053,3,8.220352628684704
6296,127054,3,8.54394879369804
6297,127055,3,8.964136412847049
6298,127056,3,8.452902838987356
6299,127057,3,8.780443884413916
6300,127058,3,8.686432845444672
6301,127059,3,7.684874671411661
6302,127060,3,8.850588829382586
6303,127061,3,8.167924604708855
6304,127062,3,8.422747024170285
6305,127063,3,8.404363984189565
6306,127064,3,8.353831823600034
6307,127065,3,8.275738690461752
6308,127066,3,8.435773802776845
6309,127067,3,8.253383382150707
6310,127068,3,7.945928309896313
6311,127069,3,8.337687842976045
6312,127070,3,7.375422564375526
6313,127071,3,7.729510420211307
6314,127072,3,8.528123905390089
6315,127073,3,8.826096575489158
6316,127074,3,8.188257670925852
6317,127075,3,8.65300077726341
6318,127076,3,8.36252733644305
6319,127077,3,8.826144321478592
6320,127078,3,8.955747133952688
6321,127079,3,7.944144281107934
6322,127080,3,8.66576370964444
6323,127081,3,8.44016020049182
6324,127082,3,8.44016020049182
6325,127083,3,7.971516497811285
6326,127084,3,8.540050064787474
6327,127085,3,8.273612051691408
6328,127086,3,8.124736973389545
6329,127087,3,8.25481940698289
6330,127088,3,7.770558977083183
6331,127089,3,8.409552499910383
6332,127090,3,8.395235080901287
6333,127091,3,8.818995731248368
6334,127092,3,8.264265812218541
6335,127093,3,8.67641773210079
6336,127094,3,8.029303921384175
6337,127095,3,8.659318976448201
6338,127096,3,8.924221604673416
6339,127097,3,8.91205045539232
6340,127098,3,8.099946239265154
6341,127099,3,8.486106644830846
6342,127100,3,7.634937356488372
6343,127101,3,8.467515862024996
6344,127102,3,8.70278858767578
6345,127103,3,8.423285555586586
6346,127104,3,8.55052350219118
6347,127105,3,7.716446983713646
6348,127106,3,8.034195014709857
6349,127107,3,7.873001984331483
6350,127108,3,8.688635987130604
6351,127109,3,7.9639497997259685
6352,127110,3,8.64095581898587
6353,127111,3,8.611850792358396
6354,127112,3,8.390444799598152
6355,127113,3,8.26153745883338
6356,127114,3,8.107358582812937
6357,127115,3,8.632536287227696
6358,127116,3,8.612451910375727
6359,127117,3,8.750969476925363
6360,127118,3,8.692902720387153
6361,127119,3,8.49397669073272
6362,127120,3,8.051607460323966
6363,127121,3,8.69860449716574
6364,127122,3,8.21538919399653
6365,127123,3,7.733869191860108
6366,127124,3,8.729777167308816
6367,127125,3,8.52479258090045
6368,127126,3,8.441359994706964
6369,127127,3,8.134886174563
6370,127128,3,8.250972232348367
6371,127129,3,8.460294722912204
6372,127130,3,8.193183993698726
6373,127131,3,8.323828040265903
6374,127132,3,8.11090799761665
6375,127133,3,7.755227828272655
6376,127134,3,8.328618225482563
6377,127135,3,8.46371062702605
6378,127136,3,8.05842734572239
6379,127137,3,8.175250945257389
6380,127138,3,8.190773689796623
6381,127139,3,8.080099098890972
6382,127140,3,9.075627401944924
6383,127141,3,8.046940355440409
6384,127142,3,8.268679269721813
6385,127143,3,8.354050717004602
6386,127144,3,8.083500636269084
6387,127145,3,8.494050036008865
6388,127146,3,7.736924767018703
6389,127147,3,7.989194793077395
6390,127148,3,8.280888772895796
6391,127149,3,7.972146592685802
6392,127150,3,8.590952386614665
6393,127151,3,8.590952386614665
6394,127152,3,8.031852150110543
6395,127153,3,7.557788913291719
6396,127154,3,8.097700553942111
6397,127155,3,8.18540890631987
6398,127156,3,8.805525488578064
6399,127157,3,8.44146077149716
6400,127158,3,7.607967776607974
6401,127159,3,8.335598473843335
6402,127160,3,8.061968890721351
6403,127161,3,8.061968890721351
6404,127162,3,8.072275066858253
6405,127163,3,8.129192723216443
6406,127164,3,7.211382304166366
6407,127165,3,7.825308618341436
6408,127166,3,6.502833304152536
6409,127167,3,7.320716394621682
6410,127168,3,7.3946160774871625
6411,127169,3,8.061404747177193
6412,127170,3,8.390839199699817
6413,127171,3,8.012251099130012
6414,127172,3,8.37164710578326
6415,127173,3,7.3634849454722655
6416,127174,3,8.304453192918539
6417,127175,3,8.220244353129221
6418,127176,3,8.424573027250952
6419,127177,3,7.59194717076086
6420,127178,3,8.043896717129543
6421,127179,3,8.552867528157432
6422,127180,3,8.965077884638328
6423,127181,3,7.273582953408322
6424,127182,3,8.397378239483732
6425,127183,3,8.016560895542762
6426,127184,3,8.276336269998804
6427,127185,3,7.505591558063653
6428,127186,3,8.546233299708083
6429,127187,3,8.104214691334706
6430,127188,3,8.59527847840651
6431,127189,3,7.057142604032153
6432,127190,3,8.608499543528023
6433,127191,3,7.180746481932216
6434,127192,3,7.194802814628186
6435,127193,3,7.508563312013867
6436,127194,3,7.61341905514498
6437,127195,3,8.048154066235426
6438,127196,3,7.579628911861864
6439,127197,3,8.250067716976648
6440,127198,3,7.066438015192594
6441,127199,3,7.702701163855728
6442,127200,3,7.414482536779487
6443,127201,3,7.030585101700436
6444,127202,3,8.24246826970879
6445,127203,3,7.023494608315754
6446,127204,3,6.504300944242005
6447,127205,3,7.963501914377293
6448,127206,3,8.271954598361392
6449,127207,3,8.04654018464611
6450,127208,3,7.449641009868899
6451,127209,3,8.180641437098409
6452,127210,3,7.629578346671424
6453,127211,3,8.370339443335718
6454,127212,3,7.9171967885397105
6455,127213,3,7.821730028871123
6456,127214,3,8.161542822616576
6457,127215,3,8.236065715720917
6458,127216,3,7.5832556371645445
6459,127217,3,8.4459246084569
6460,127218,3,8.064784247251037
6461,127219,3,7.962844540652154
6462,127220,3,8.084912627617616
6463,127221,3,8.207100115425012
6464,127222,3,8.355933840440919
6465,127223,3,8.127555869579872
6466,127224,3,8.323238052372036
6467,127225,3,8.245476119379221
6468,127226,3,6.984531396455578
6469,127227,3,7.638143112481767
6470,127228,3,7.2669201326697
6471,127229,3,7.0155463169389485
6472,127230,3,7.121125202256412
6473,127231,3,7.245865450635439
6474,127232,3,8.127598352307022
6475,127233,3,7.412001180855274
6476,127234,3,6.581185455911147
6477,127235,3,8.245043480575957
6478,127236,3,6.468976027625925
6479,127237,3,7.303828475607373
6480,127238,3,7.738329707811628
6481,127239,3,8.488089457159644
6482,127240,3,7.133880139515131
6483,127241,3,7.509545429303867
6484,127242,3,7.19486785044286
6485,127243,3,7.7143118871280185
6486,127244,3,7.319989149095861
6487,127245,3,8.667536899630646
6488,127246,3,7.806728468804429
6489,127247,3,7.673623713311505
6490,127248,3,5.859044270872894
6491,127249,3,8.330711987226694
6492,127250,3,6.607686874858087
6493,127251,3,7.180851354788235
6494,127252,3,7.449144819421273
6495,127253,3,7.7247441893244275
6496,127254,3,8.481777609594106
6497,127255,3,7.627329436786276
6498,127256,3,7.522223850998835
6499,127257,3,7.612053800948004
6500,127258,3,6.350473569371936
6501,127259,3,7.608864890125524
6502,127260,3,8.226549892619186
6503,127261,3,7.1005180971197435
6504,127262,3,6.866442184264003
6505,127263,3,7.9502572729107115
6506,127264,3,8.446025257414709
6507,127265,3,7.03215351974943
6508,127266,3,7.477617926767026
6509,127267,3,8.191813204950062
6510,127268,3,6.807054220885684
6511,127269,3,7.711690901915045
6512,127270,3,6.866305586121195
6513,127271,3,7.429452667848134
6514,127272,3,7.175702314228697
6515,127273,3,7.272513421394104
6516,127274,3,7.8983151068149775
6517,127275,3,7.404770774003585
6518,127276,3,6.671508611667794
6519,127277,3,7.334747105252372
6520,127278,3,8.232399560991118
6521,127279,3,7.126582026170403
6522,127280,3,8.005784843807987
6523,127281,3,6.241874544814952
6524,127282,3,6.9223921188809765
6525,127283,3,6.39985287778918
6526,127284,3,7.479904775495245
6527,127285,3,7.311035919271051
6528,127286,3,8.228152133341537
6529,127287,3,6.4234054707748305
6530,127288,3,6.2995299271618705
6531,127289,3,7.264528070448517
6532,127290,3,6.280319932924939
6533,127291,3,7.067083150806101
6534,127292,3,7.1967613111435975
6535,127293,3,8.226662405176825
6536,127294,3,5.539044996567943
6537,127295,3,7.195252481253611
6538,127296,3,6.255630724952841
6539,127297,3,6.320860118198317
6540,127298,3,7.2134094658467225
6541,127299,3,8.099985678622918
6542,127300,3,7.040236185757734
6543,127301,3,7.142328610902799
6544,127302,3,6.498288580377911
6545,127303,3,7.022307406891219
6546,127304,3,5.871385804309627
6547,127305,3,6.1501637047631466
6548,127306,3,7.665454922637713
6549,127307,3,5.8583337107570275
6550,127308,3,5.8165887953655595
6551,127309,3,5.303488338116842
6552,127310,3,7.166130324964257
6553,127311,3,6.3508161090393624
6554,127312,3,5.9112993002582215
6555,127313,3,6.183273852353447
6556,127314,3,5.947971318971558
6557,127315,3,6.036175463038702
6558,127316,3,5.694736367888284
6559,127317,3,6.916007718333431
6560,127318,3,5.345135406895784
6561,127319,3,4.952156038653359
6562,127320,3,6.756294479547645
6563,127321,3,6.6935716912027745
6564,127322,3,5.53758562604339
6565,127323,3,5.145363571917003
6566,127324,3,7.533439198386168
6567,127325,3,4.73549682789683
6568,127326,3,4.801561924696433
6569,127327,3,3.975733479886452
6570,127328,3,3.7918676763128674
6571,127329,3,5.051347469869811
6572,127330,3,4.682308692719484
6573,127331,3,4.837070882476331
6574,127332,3,3.476304475242998
6575,127333,3,4.2778637576895076
6576,127334,3,3.133429972448754
6577,127335,3,3.781270251309124
6578,127336,3,7.234492957082209
6579,127337,3,8.281848027660729
6580,127338,3,8.47027544976615
6581,127339,3,7.659147135496186
6582,127340,3,6.823800187103246
6583,127341,3,8.224049580083642
6584,127342,3,7.908389464390579
6585,127343,3,6.840578949308132
6586,127344,3,6.9694011175042405
6587,127345,3,7.0169603885794265
6588,127346,3,6.35031547326247
6589,127347,3,5.653416810669157
6590,127348,3,5.150454536687361
6591,127349,3,7.955844926135519
6592,127350,3,9.128913442994003
6593,127351,3,8.710204314468804
6594,127352,3,9.08967762885773
6595,127353,3,7.657072887465919
6596,127354,3,7.3402944389211315
6597,127355,3,8.893128039006033
6598,127356,3,7.700523549284638
6599,127357,3,7.452410116775184
6600,127358,3,8.51224892846147
6601,127359,3,8.745091758702966
6602,127360,3,8.742859927475266
6603,127361,3,8.789375215690717
6604,127362,3,8.388799805969507
6605,127363,3,5.9415491092998725
6606,127364,3,7.924617988515224
6607,127365,3,8.703814453068182
6608,127366,3,8.723835580380632
6609,127367,3,8.696394860036847
6610,127368,3,7.9411524884355185
6611,127369,3,9.11302697359631
6612,127370,3,8.875216495415602
6613,127371,3,8.004954348535335
6614,127372,3,8.77547536553171
6615,127373,3,8.525317993720916
6616,127374,3,8.825865053794114
6617,127375,3,8.831314580487742
6618,127376,3,8.363262360665356
6619,127377,3,8.616116930211623
6620,127378,3,7.82196607082014
6621,127379,3,9.073084616827984
6622,127380,3,8.777359916853563
6623,127381,3,8.833491316644237
6624,127382,3,8.777610114433674
6625,127383,3,8.847331539580548
6626,127384,3,8.793993359486027
6627,127385,3,7.968318016259856
6628,127386,3,8.192687154702151
6629,127387,3,8.344368186695682
6630,127388,3,8.95402052838288
6631,127389,3,8.09389313838007
6632,127390,3,8.626224239409542
6633,127391,3,8.7351522810628
6634,127392,3,9.032158793882106
6635,127393,3,8.600540987808762
6636,127394,3,8.865305430089094
6637,127395,3,7.666358351632749
6638,127396,3,7.613402305646626
6639,127397,3,7.963909088950575
6640,127398,3,8.69703217711884
6641,127399,3,8.856448419125936
6642,127400,3,8.105606494245436
6643,127401,3,7.246445966520788
6644,127402,3,7.266917074044875
6645,127403,3,9.078614856804709
6646,127404,3,7.668178246484771
6647,127405,3,7.8310844464191804
6648,127406,3,8.482475275505271
6649,127407,3,8.378307224011847
6650,127408,3,7.881923232952058
6651,127409,3,8.392960333593706
6652,127410,3,8.953753364834679
6653,127411,3,8.391059895064632
6654,127412,3,8.875680509793304
6655,127413,3,8.144807386873657
6656,127414,3,8.176968343161839
6657,127415,3,8.27121054973496
6658,127416,3,8.411115100264142
6659,127417,3,8.167735218359766
6660,127418,3,8.895072892199643
6661,127419,3,8.780472158495154
6662,127420,3,7.955322136852579
6663,127421,3,6.9307128113570995
6664,127422,3,8.398657154287818
6665,127423,3,8.833982975532454
6666,127424,3,7.6450401384511935
6667,127425,3,8.776879132996497
6668,127426,3,9.05158105266993
6669,127427,3,8.015148018541462
6670,127428,3,8.296548750281097
6671,127429,3,9.113346764864188
6672,127430,3,8.467094826609372
6673,127431,3,8.619758785494122
6674,127432,3,8.050206687169847
6675,127433,3,8.786165024153597
6676,127434,3,8.04171215956075
6677,127435,3,8.457030042099547
6678,127436,3,8.274898592158863
6679,127437,3,8.643483028293828
6680,127438,3,7.838057163024387
6681,127439,3,8.550998053574572
6682,127440,3,7.949336703870862
6683,127441,3,8.617419451563011
6684,127442,3,8.267225738942725
6685,127443,3,7.799486870827158
6686,127444,3,7.797821090053917
6687,127445,3,9.072098576580862
6688,127446,3,7.954993186744588
6689,127447,3,8.447253999888016
6690,127448,3,8.43098132699203
6691,127449,3,8.192668493461285
6692,127450,3,7.123545306840761
6693,127451,3,8.023882869517601
6694,127452,3,8.017308445435164
6695,127453,3,7.972263803276548
6696,127454,3,8.504026158422178
6697,127455,3,8.710467623470015
6698,127456,3,8.516098506294162
6699,127457,3,8.30806392276393
6700,127458,3,8.934335695617163
6701,127459,3,8.244572088940004
6702,127460,3,7.898293883950954
6703,127461,3,7.984242696154834
6704,127462,3,8.464294665689286
6705,127463,3,8.8551003763261
6706,127464,3,7.958384142629315
6707,127465,3,7.517419320221682
6708,127466,3,7.830160064616412
6709,127467,3,8.400118137135873
6710,127468,3,8.91843518416967
6711,127469,3,8.95840286630006
6712,127470,3,8.002082427781954
6713,127471,3,8.48256379602552
6714,127472,3,8.035344654037345
6715,127473,3,8.501555097902903
6716,127474,3,8.383625799198658
6717,127475,3,8.425462152134276
6718,127476,3,8.962392514019838
6719,127477,3,7.366542312369246
6720,127478,3,8.381656299566886
6721,127479,3,8.814649118736549
6722,127480,3,7.668178246484771
6723,127481,3,7.80897036370695
6724,127482,3,8.192753874213281
6725,127483,3,6.995789251723949
6726,127484,3,7.915788111241338
6727,127485,3,7.6251024400721885
6728,127486,3,7.430676651491549
6729,127487,3,7.368045187224786
6730,127488,3,8.184894730015664
6731,127489,3,7.916918561673928
6732,127490,3,8.078573599925853
6733,127491,3,8.127514053344697
6734,127492,3,7.419548685801234
6735,127493,3,6.590628083717322
6736,127494,3,7.3854381639606395
6737,127495,3,8.769830701684569
6738,127496,3,7.736435145363939
6739,127497,3,9.124776586264558
6740,127498,3,8.17473548684058
6741,127499,3,7.578805485883298
6742,127500,3,8.138403067801814
6743,127501,3,7.059132160722588
6744,127502,3,7.7650840366746685
6745,127503,3,8.083075285207583
6746,127504,3,8.641539620724537
6747,127505,3,8.28581087459809
6748,127506,3,8.863476481250029
6749,127507,3,7.767617561990139
6750,127508,3,8.344712899616608
6751,127509,3,6.7159512051146315
6752,127510,3,8.065004770205723
6753,127511,3,8.76443767165274
6754,127512,3,8.69695603303931
6755,127513,3,7.403149712794167
6756,127514,3,6.745801123818108
6757,127515,3,8.700011455178988
6758,127516,3,8.052285177832575
6759,127517,3,7.972513881378587
6760,127518,3,5.813761591917161
6761,127519,3,6.568150377412405
6762,127520,3,7.70666964725404
6763,127521,3,6.07603578249912
6764,127522,3,6.783124975597677
6765,127523,3,7.845348565673077
6766,127524,3,6.88266303437888
6767,127525,3,8.670112113143707
6768,127526,3,7.31069884242628
6769,127527,3,6.667320358790699
6770,127528,3,8.302387141330875
6771,127529,3,8.020858333120879
6772,127530,3,7.32227293781903
6773,127531,3,8.04895544402107
6774,127532,3,8.200372408874602
6775,127533,3,8.132744193581235
6776,127534,3,7.702016758754461
6777,127535,3,3.5762817864823915
6778,127536,3,3.8058235781834315
6779,127537,3,3.497875673318468
6780,127538,3,3.141933578518673
6781,127539,3,7.847257282813476
6782,127540,3,7.410263799482504
6783,127541,3,7.095894167693398
6784,127542,3,3.4704000560984016
6785,127543,3,6.322225458309209
6786,127544,3,8.883913679898818
6787,127545,3,8.902141520039548
6788,127546,3,8.818017870569397
6789,127547,3,8.657104528000371
6790,127548,3,8.596574583689756
6791,127549,3,8.751508318385055
6792,127550,3,8.888072610843151
6793,127551,3,8.42639050795223
6794,127552,3,8.694023916000154
6795,127553,3,8.907420957524828
6796,127554,3,8.915298954404198
6797,127555,3,8.768500452288828
6798,127556,3,8.260488579231136
6799,127557,3,8.790260932789497
6800,127558,3,8.863356379374633
6801,127559,3,8.015122576499246
6802,127560,3,8.531987673123497
6803,127561,3,8.701203564909427
6804,127562,3,8.769660785365344
6805,127563,3,8.726227931048811
6806,127564,3,8.641339980746698
6807,127565,3,8.664256567233945
6808,127566,3,8.68869867406034
6809,127567,3,8.70633021422505
6810,127568,3,8.556013231351299
6811,127569,3,8.628226646019835
6812,127570,3,8.940295030152035
6813,127571,3,7.957639366497526
6814,127572,3,8.604315097429568
6815,127573,3,7.531332194688971
6816,127574,3,8.948374013013357
6817,127575,3,8.415062462768926
6818,127576,3,8.27047481868814
6819,127577,3,8.747215127870362
6820,127578,3,8.66033223354602
6821,127579,3,8.62139975709513
6822,127580,3,8.501047207277841
6823,127581,3,8.44622651898243
6824,127582,3,7.875943781774285
6825,127583,3,8.744592472172885
6826,127584,3,7.868119265750159
6827,127585,3,8.69549739034155
6828,127586,3,8.741801186855959
6829,127587,3,7.936576172708622
6830,127588,3,8.66320335871529
6831,127589,3,8.404515347519197
6832,127590,3,8.404515347519197
6833,127591,3,8.571536417483266
6834,127592,3,8.680916225390124
6835,127593,3,8.63990687338949
6836,127594,3,8.442599285372856
6837,127595,3,8.545891521613164
6838,127596,3,8.030126395584615
6839,127597,3,8.531673473202735
6840,127598,3,8.743661131966597
6841,127599,3,8.261650386322103
6842,127600,3,8.50193424022138
6843,127601,3,8.682277874995288
6844,127602,3,7.933685951414687
6845,127603,3,8.014458642259651
6846,127604,3,8.488558148657834
6847,127605,3,7.827901652495025
6848,127606,3,7.843860869890022
6849,127607,3,8.316844599761856
6850,127608,3,8.93561759290019
6851,127609,3,7.729689281767087
6852,127610,3,8.695820927750466
6853,127611,3,8.64714865715209
6854,127612,3,8.709330182349161
6855,127613,3,8.473050392565455
6856,127614,3,8.401113932432075
6857,127615,3,8.289830054130467
6858,127616,3,8.258263521194715
6859,127617,3,8.601041283269563
6860,127618,3,8.396540201823967
6861,127619,3,8.466962476424701
6862,127620,3,8.689787791692257
6863,127621,3,8.068466175459454
6864,127622,3,7.51996031570606
6865,127623,3,7.669821688987158
6866,127624,3,8.611793043378063
6867,127625,3,8.176595459687832
6868,127626,3,8.32600520321948
6869,127627,3,8.225725976631455
6870,127628,3,8.06327901602357
6871,127629,3,8.393091360001705
6872,127630,3,8.372575221585471
6873,127631,3,7.614602974902249
6874,127632,3,8.469029569343512
6875,127633,3,8.716035546783155
6876,127634,3,8.586990557019764
6877,127635,3,8.118579385370085
6878,127636,3,8.19044226462457
6879,127637,3,7.592364936685596
6880,127638,3,8.12280151735289
6881,127639,3,8.58359840791589
6882,127640,3,8.174766363236914
6883,127641,3,8.540881423819197
6884,127642,3,7.809676118954994
6885,127643,3,8.555556113546157
6886,127644,3,8.059413936361038
6887,127645,3,7.9442022371166665
6888,127646,3,7.86497087555609
6889,127647,3,7.909661815455993
6890,127648,3,8.176417385084749
6891,127649,3,8.176417385084749
6892,127650,3,8.316741461923181
6893,127651,3,7.678046026845064
6894,127652,3,8.680989577934756
6895,127653,3,7.847144704174592
6896,127654,3,8.086117270936784
6897,127655,3,8.347105127810904
6898,127656,3,8.452813594157226
6899,127657,3,8.352392522480685
6900,127658,3,7.778275096361021
6901,127659,3,8.252011580246688
6902,127660,3,7.937888443400748
6903,127661,3,8.252385415577363
6904,127662,3,8.697838484840098
6905,127663,3,7.707989198638272
6906,127664,3,8.569898809811557
6907,127665,3,7.426682153073954
6908,127666,3,7.826244313792495
6909,127667,3,7.945831042912757
6910,127668,3,7.64433138013718
6911,127669,3,7.890095872830347
6912,127670,3,8.625248359578675
6913,127671,3,8.069691909137017
6914,127672,3,7.752747080227385
6915,127673,3,7.270370518923747
6916,127674,3,8.563296781457145
6917,127675,3,7.969862404536025
6918,127676,3,8.568180364685887
6919,127677,3,8.024446730043037
6920,127678,3,7.623430010907201
6921,127679,3,7.7926366292103975
6922,127680,3,8.292480324191668
6923,127681,3,7.7752001699066735
6924,127682,3,7.570852428633715
6925,127683,3,8.168674491554524
6926,127684,3,7.9284483007578785
6927,127685,3,7.487781470900335
6928,127686,3,8.19550557084456
6929,127687,3,8.578814143181267
6930,127688,3,8.127745584979648
6931,127689,3,8.127745584979648
6932,127690,3,8.330354619867405
6933,127691,3,8.247175157532995
6934,127692,3,8.11727422423729
6935,127693,3,8.34933799669625
6936,127694,3,8.042630394530885
6937,127695,3,8.085586065031066
6938,127696,3,7.461936162706453
6939,127697,3,8.348703965823848
6940,127698,3,8.206737221852762
6941,127699,3,7.377764536882932
6942,127700,3,8.382155594620587
6943,127701,3,8.407629323810538
6944,127702,3,8.559053901953236
6945,127703,3,8.29426251900886
6946,127704,3,8.080935374609464
6947,127705,3,7.832221698961295
6948,127706,3,8.535398375821336
6949,127707,3,8.181459891311153
6950,127708,3,8.490206576261446
6951,127709,3,7.993570611221277
6952,127710,3,7.662292669591293
6953,127711,3,7.83901414317951
6954,127712,3,7.456181605243179
6955,127713,3,7.774484271823254
6956,127714,3,7.473823057528895
6957,127715,3,8.130410704284552
6958,127716,3,7.876762923309551
6959,127717,3,7.418976357225887
6960,127718,3,8.519625090136637
6961,127719,3,7.907977936518257
6962,127720,3,7.819343884703994
6963,127721,3,8.056244318845575
6964,127722,3,7.602603175313984
6965,127723,3,7.553506893594479
6966,127724,3,7.844959181324856
6967,127725,3,7.5005271163721225
6968,127726,3,8.522259849852867
6969,127727,3,7.780894363301682
6970,127728,3,7.6444976496943156
6971,127729,3,8.56734184949687
6972,127730,3,7.85515466030556
6973,127731,3,7.859052757629522
6974,127732,3,7.628828837115616
6975,127733,3,7.927923496836446
6976,127734,3,7.935300079159449
6977,127735,3,7.874011958327334
6978,127736,3,6.822879351302117
6979,127737,3,7.410236664358944
6980,127738,3,7.447337425561522
6981,127739,3,8.065205912458163
6982,127740,3,7.927882604197965
6983,127741,3,7.3385731719231675
6984,127742,3,7.850211549762521
6985,127743,3,7.9094489101253
6986,127744,3,7.102239720008012
6987,127745,3,7.497815487576437
6988,127746,3,7.475775217715281
6989,127747,3,7.205844498463977
6990,127748,3,7.9456144788844165
6991,127749,3,7.893624766840828
6992,127750,3,7.889964387819079
6993,127751,3,7.306382921381759
6994,127752,3,7.4324049487258925
6995,127753,3,7.5262768479866375
6996,127754,3,8.429702487904688
6997,127755,3,8.391642639368591
6998,127756,3,7.804526890426001
6999,127757,3,7.950299308564409
7000,127758,3,8.020893681847943
7001,127759,3,7.871164943402928
7002,127760,3,7.39189170695877
7003,127761,3,8.022258921569685
7004,127762,3,7.922013698779325
7005,127763,3,8.588238666203512
7006,127764,3,7.678527468387973
7007,127765,3,8.059510646153438
7008,127766,3,7.775452263518472
7009,127767,3,8.261619100112549
7010,127768,3,7.419071572945523
7011,127769,3,7.853410408731543
7012,127770,3,7.720039742912311
7013,127771,3,7.287558550058459
7014,127772,3,7.5292557887171085
7015,127773,3,8.255620415670471
7016,127774,3,7.859180105772692
7017,127775,3,8.030732118926826
7018,127776,3,7.887791657301013
7019,127777,3,6.486715059065615
7020,127778,3,7.9547957753767715
7021,127779,3,8.378126361087853
7022,127780,3,7.814977268225045
7023,127781,3,8.21650255457574
7024,127782,3,8.264176803374484
7025,127783,3,6.898708872514632
7026,127784,3,7.3621858926700074
7027,127785,3,7.167310917804354
7028,127786,3,8.259261406240512
7029,127787,3,6.897201141510968
7030,127788,3,7.393318696237934
7031,127789,3,8.14180401942829
7032,127790,3,7.783731441779701
7033,127791,3,7.407600056695931
7034,127792,3,8.25111513522172
7035,127793,3,7.428215532802282
7036,127794,3,7.534745598946345
7037,127795,3,7.356270899570617
7038,127796,3,7.487161355274531
7039,127797,3,7.794673937371606
7040,127798,3,7.759861722346376
7041,127799,3,7.195489190076031
7042,127800,3,6.904934191925194
7043,127801,3,7.456702385877617
7044,127802,3,7.209623614907347
7045,127803,3,7.476905797772042
7046,127804,3,7.775639456701001
7047,127805,3,7.134036703260932
7048,127806,3,7.099502782846597
7049,127807,3,8.684462552905678
7050,127808,3,6.895368087975498
7051,127809,3,7.9372028428237895
7052,127810,3,8.40148783378143
7053,127811,3,7.390035199768602
7054,127812,3,7.418980765685015
7055,127813,3,6.333615386662888
7056,127814,3,8.480564253934824
7057,127815,3,7.312711124782933
7058,127816,3,7.298588007368429
7059,127817,3,7.69741518893398
7060,127818,3,7.631487563184658
7061,127819,3,8.107510700773535
7062,127820,3,7.202213279129347
7063,127821,3,7.406715122483911
7064,127822,3,7.557665393976283
7065,127823,3,6.9948885018827
7066,127824,3,7.593016208381511
7067,127825,3,7.488645404447485
7068,127826,3,6.936563009886541
7069,127827,3,7.122254546897941
7070,127828,3,7.595074127016431
7071,127829,3,8.258543584364524
7072,127830,3,6.992239839396188
7073,127831,3,7.924653319467242
7074,127832,3,6.92612039738962
7075,127833,3,7.6533764595615965
7076,127834,3,6.822000676349264
7077,127835,3,7.357489222550031
7078,127836,3,7.925041228959411
7079,127837,3,7.19262850806064
7080,127838,3,7.894274755799216
7081,127839,3,7.10031025140322
7082,127840,3,7.184378101770691
7083,127841,3,6.828987658845218
7084,127842,3,7.111401688622652
7085,127843,3,7.151493703154815
7086,127844,3,7.123335179409991
7087,127845,3,6.905013127633074
7088,127846,3,7.540961743738713
7089,127847,3,7.782058574093137
7090,127848,3,8.088507870923738
7091,127849,3,7.28393631557184
7092,127850,3,7.3607253334131695
7093,127851,3,7.143643948481548
7094,127852,3,7.488518456448907
7095,127853,3,7.148885215280993
7096,127854,3,7.230800032478408
7097,127855,3,7.460044697673641
7098,127856,3,7.728000882024918
7099,127857,3,6.990325239830236
7100,127858,3,7.188845117994984
7101,127859,3,6.76934251274935
7102,127860,3,7.193082237860224
7103,127861,3,6.991370030541644
7104,127862,3,7.3930652734947735
7105,127863,3,7.42477403337748
7106,127864,3,7.100203261312768
7107,127865,3,7.412469745805689
7108,127866,3,7.029000814170621
7109,127867,3,7.167139192287642
7110,127868,3,7.252828512172083
7111,127869,3,7.004306378332932
7112,127870,3,7.291288883871191
7113,127871,3,7.0870397111664944
7114,127872,3,7.336005741428161
7115,127873,3,6.914626819352903
7116,127874,3,7.474756752309166
7117,127875,3,7.423587630860694
7118,127876,3,6.722023799118706
7119,127877,3,7.036679546923867
7120,127878,3,7.1853354430813905
7121,127879,3,7.484912123131061
7122,127880,3,6.99836822962997
7123,127881,3,6.754899271664383
7124,127882,3,7.509348178768949
7125,127883,3,6.5690383051416275
7126,127884,3,8.00957568042303
7127,127885,3,6.85638719461009
7128,127886,3,7.339661769972297
7129,127887,3,7.223779218813894
7130,127888,3,6.962456948453908
7131,127889,3,7.881866335718685
7132,127890,3,7.512863341922715
7133,127891,3,7.285779557432593
7134,127892,3,7.498507745085095
7135,127893,3,6.920164605427394
7136,127894,3,7.494169872042565
7137,127895,3,6.571284325202128
7138,127896,3,7.0392930014757225
7139,127897,3,6.901764910313017
7140,127898,3,6.875184949884012
7141,127899,3,6.597363345818639
7142,127900,3,6.661068829839471
7143,127901,3,7.8723830813762055
7144,127902,3,7.318960495542203
7145,127903,3,7.358173898960156
7146,127904,3,6.9622768022973744
7147,127905,3,7.144354994227043
7148,127906,3,7.2767042796582615
7149,127907,3,7.209318450558759
7150,127908,3,7.2534251661395555
7151,127909,3,6.763757778123022
7152,127910,3,7.366937051359935
7153,127911,3,7.10382547416661
7154,127912,3,6.73836488703741
7155,127913,3,7.299922663332357
7156,127914,3,6.821207323647325
7157,127915,3,7.089316794242973
7158,127916,3,6.574933297989545
7159,127917,3,6.8783690461574
7160,127918,3,7.268169449495302
7161,127919,3,6.784224609945429
7162,127920,3,7.009828199223174
7163,127921,3,7.439736293734559
7164,127922,3,6.8459233303620906
7165,127923,3,7.414377429039004
7166,127924,3,7.408485303384964
7167,127925,3,7.057131393845792
7168,127926,3,7.008119341109477
7169,127927,3,6.70324282507097
7170,127928,3,7.471512242343566
7171,127929,3,7.065717258587357
7172,127930,3,6.852896563303009
7173,127931,3,6.890015950139782
7174,127932,3,7.781907892172583
7175,127933,3,6.515367111490513
7176,127934,3,6.860123707354803
7177,127935,3,7.146033493218126
7178,127936,3,6.787626756825774
7179,127937,3,7.162267397832184
7180,127938,3,5.880444825451347
7181,127939,3,6.666889764240813
7182,127940,3,6.869577867503624
7183,127941,3,6.985672833745593
7184,127942,3,6.865656683274733
7185,127943,3,7.050666278303097
7186,127944,3,7.47074528152485
7187,127945,3,7.3390747554893165
7188,127946,3,6.9164115563625295
7189,127947,3,6.809342007594945
7190,127948,3,6.720772693163805
7191,127949,3,6.813598689482152
7192,127950,3,7.80873239959155
7193,127951,3,6.713391547176205
7194,127952,3,6.876151291107872
7195,127953,3,6.842143335653822
7196,127954,3,6.708665312711648
7197,127955,3,7.426591008264441
7198,127956,3,7.438633399241875
7199,127957,3,6.642533780452308
7200,127958,3,6.67835206148869
7201,127959,3,7.409113137733694
7202,127960,3,6.810404455057112
7203,127961,3,7.404035102485283
7204,127962,3,6.789072786016245
7205,127963,3,6.9108213919888755
7206,127964,3,6.852444597423292
7207,127965,3,7.682284434568073
7208,127966,3,5.395570837046223
7209,127967,3,7.258969345486983
7210,127968,3,6.866810824564243
7211,127969,3,6.988200970708186
7212,127970,3,6.926767475074883
7213,127971,3,6.493608697577443
7214,127972,3,6.912976649479747
7215,127973,3,7.106765809898141
7216,127974,3,6.340128583090788
7217,127975,3,7.072848206548491
7218,127976,3,7.050020442475933
7219,127977,3,7.590375928755272
7220,127978,3,7.832331650644825
7221,127979,3,6.578106574447222
7222,127980,3,6.468293954449559
7223,127981,3,6.872127015030155
7224,127982,3,6.808752641649632
7225,127983,3,6.8878517164406565
7226,127984,3,6.9506803288485814
7227,127985,3,7.4550939744282765
7228,127986,3,6.44486894984541
7229,127987,3,6.983547329088814
7230,127988,3,6.337514021956617
7231,127989,3,6.712639518361008
7232,127990,3,6.835094393999153
7233,127991,3,6.599686867235735
7234,127992,3,5.564457336822671
7235,127993,3,7.10207624194544
7236,127994,3,7.328881552751907
7237,127995,3,6.387538379609875
7238,127996,3,6.697636092243409
7239,127997,3,7.133955677541749
7240,127998,3,6.946286157202955
7241,127999,3,6.919003217190155
7242,128000,3,7.047044132760883
7243,128001,3,6.358161229467234
7244,128002,3,6.602607763129724
7245,128003,3,7.29282420642308
7246,128004,3,6.789308711242927
7247,128005,3,6.195458896585305
7248,128006,3,6.74696947207705
7249,128007,3,6.321506999743772
7250,128008,3,6.970458024883526
7251,128009,3,6.809703829253689
7252,128010,3,6.7755310833551
7253,128011,3,6.76169404569752
7254,128012,3,6.283463651810466
7255,128013,3,6.759629399409619
7256,128014,3,6.594763244528763
7257,128015,3,6.433962002783953
7258,128016,3,6.981379577421222
7259,128017,3,6.126147978687698
7260,128018,3,6.932594975183485
7261,128019,3,6.009955666207946
7262,128020,3,6.587857170325712
7263,128021,3,6.961484129418547
7264,128022,3,6.800011279316762
7265,128023,3,7.077186743916908
7266,128024,3,7.179142857581973
7267,128025,3,7.714600865310015
7268,128026,3,6.413187236942594
7269,128027,3,6.749166031005195
7270,128028,3,6.713329216622908
7271,128029,3,6.744254654970566
7272,128030,3,6.236453014453309
7273,128031,3,5.812375830744114
7274,128032,3,6.820184910828422
7275,128033,3,5.957114768086465
7276,128034,3,6.912325686572566
7277,128035,3,6.3727225479101515
7278,128036,3,6.95443355042845
7279,128037,3,6.914624264793569
7280,128038,3,7.140610217691877
7281,128039,3,6.413049885353915
7282,128040,3,6.689114307925911
7283,128041,3,6.5988056526080765
7284,128042,3,6.130343372958734
7285,128043,3,7.201294244570631
7286,128044,3,6.914905810799699
7287,128045,3,7.170984068827743
7288,128046,3,7.211266140120638
7289,128047,3,6.26889131826162
7290,128048,3,6.269758504511065
7291,128049,3,6.582302606653128
7292,128050,3,6.193176943196304
7293,128051,3,6.887640078679049
7294,128052,3,7.589559357135073
7295,128053,3,6.458502744285496
7296,128054,3,6.835879097627886
7297,128055,3,6.28517557590405
7298,128056,3,6.455287128419674
7299,128057,3,7.336948047311328
7300,128058,3,6.656179083563759
7301,128059,3,6.501501127031202
7302,128060,3,6.963738022864675
7303,128061,3,6.973348875412687
7304,128062,3,6.093484242239555
7305,128063,3,6.435590417624545
7306,128064,3,6.592135377121363
7307,128065,3,6.4910937555694215
7308,128066,3,6.8833878127686905
7309,128067,3,6.656743524888127
7310,128068,3,6.91896810313663
7311,128069,3,6.941352450453868
7312,128070,3,6.698323488346697
7313,128071,3,6.628272813250673
7314,128072,3,6.915228622291833
7315,128073,3,6.675797126151012
7316,128074,3,6.409959776095247
7317,128075,3,6.259511171779295
7318,128076,3,6.352565286529248
7319,128077,3,6.755165959029533
7320,128078,3,6.388532022987542
7321,128079,3,7.067762518105855
7322,128080,3,6.78529350480198
7323,128081,3,6.257518610591105
7324,128082,3,6.000731917448729
7325,128083,3,7.083313136505979
7326,128084,3,6.446917896436818
7327,128085,3,6.405133507329222
7328,128086,3,6.539638751860521
7329,128087,3,7.16087522323323
7330,128088,3,6.370269354995629
7331,128089,3,6.489248114069789
7332,128090,3,6.219893971512012
7333,128091,3,6.507093899537525
7334,128092,3,6.539162573770985
7335,128093,3,5.88365998583964
7336,128094,3,6.556972634766405
7337,128095,3,6.403481372990426
7338,128096,3,6.162733311921271
7339,128097,3,6.736489721355854
7340,128098,3,6.356100224942853
7341,128099,3,6.658694988021949
7342,128100,3,6.605350329032135
7343,128101,3,6.547559041112942
7344,128102,3,6.844987438764906
7345,128103,3,4.909104611100266
7346,128104,3,6.75273612288746
7347,128105,3,6.512335717832767
7348,128106,3,6.573926642572272
7349,128107,3,6.6774236994462415
7350,128108,3,5.860396865732555
7351,128109,3,7.920950667949567
7352,128110,3,6.833016235065169
7353,128111,3,6.364790839023994
7354,128112,3,6.73175359747957
7355,128113,3,6.642252897104832
7356,128114,3,6.374793303447645
7357,128115,3,6.631033314670841
7358,128116,3,6.643232107657278
7359,128117,3,6.284375241355023
7360,128118,3,6.441587742714619
7361,128119,3,6.596778753947648
7362,128120,3,7.078541486373926
7363,128121,3,6.303663471913973
7364,128122,3,6.219722995757359
7365,128123,3,6.595330875677123
7366,128124,3,7.278239747062086
7367,128125,3,6.034391512084229
7368,128126,3,6.050025372744901
7369,128127,3,6.559424791837686
7370,128128,3,6.877302889991701
7371,128129,3,6.331382927210524
7372,128130,3,6.22506379201974
7373,128131,3,6.135015100548634
7374,128132,3,6.311350380423386
7375,128133,3,6.272169582412959
7376,128134,3,7.153740297529314
7377,128135,3,6.6722328890501785
7378,128136,3,6.53745349531424
7379,128137,3,5.980823087186767
7380,128138,3,6.958805596519375
7381,128139,3,6.442811499097646
7382,128140,3,6.522875950241284
7383,128141,3,6.777735688920573
7384,128142,3,6.431577901988253
7385,128143,3,6.417519823816996
7386,128144,3,6.437995550619223
7387,128145,3,6.321465741460859
7388,128146,3,6.021956043854299
7389,128147,3,6.209557726090722
7390,128148,3,6.229978018696913
7391,128149,3,6.188406846099747
7392,128150,3,6.287183642524415
7393,128151,3,6.471918253819817
7394,128152,3,6.800236185607025
7395,128153,3,6.811289396874777
7396,128154,3,6.645210430817035
7397,128155,3,6.805245788391329
7398,128156,3,5.831995681582916
7399,128157,3,6.280019317697971
7400,128158,3,6.286588525178835
7401,128159,3,6.42459016312362
7402,128160,3,6.281556364795664
7403,128161,3,5.943664599990286
7404,128162,3,5.885120745140817
7405,128163,3,6.0387802896996
7406,128164,3,6.0387802896996
7407,128165,3,6.1641240302209095
7408,128166,3,6.042132588337533
7409,128167,3,6.229743050734682
7410,128168,3,6.872272566223232
7411,128169,3,6.306916728677795
7412,128170,3,5.93026464446356
7413,128171,3,6.208970701333739
7414,128172,3,5.827496143643276
7415,128173,3,6.64419424475175
7416,128174,3,6.230832123139592
7417,128175,3,6.216323990223545
7418,128176,3,6.814927508146581
7419,128177,3,6.305202702368719
7420,128178,3,6.428554200224442
7421,128179,3,6.134161207105155
7422,128180,3,5.182966896962733
7423,128181,3,5.851232221958037
7424,128182,3,6.3071436032231665
7425,128183,3,6.292254130988904
7426,128184,3,5.940177887711046
7427,128185,3,6.340923255238763
7428,128186,3,6.597932529267907
7429,128187,3,5.88208985612691
7430,128188,3,5.925732565868852
7431,128189,3,6.402393822722464
7432,128190,3,5.891121636301166
7433,128191,3,6.317737946860264
7434,128192,3,5.955910524015975
7435,128193,3,5.903353491648304
7436,128194,3,6.270140992116026
7437,128195,3,5.946751518370126
7438,128196,3,6.781796343648038
7439,128197,3,6.246587109688502
7440,128198,3,5.476528266031683
7441,128199,3,5.966077547031804
7442,128200,3,6.450000739383764
7443,128201,3,6.22991139056407
7444,128202,3,6.159120728613072
7445,128203,3,5.779793214302945
7446,128204,3,6.049661525687135
7447,128205,3,6.282341820580231
7448,128206,3,5.732741102816794
7449,128207,3,6.136355837059443
7450,128208,3,6.67854671154522
7451,128209,3,5.691907369248888
7452,128210,3,6.46926221931548
7453,128211,3,5.443277886368545
7454,128212,3,6.518665479626692
7455,128213,3,6.198957481933872
7456,128214,3,5.833282570223261
7457,128215,3,5.618185696657833
7458,128216,3,6.293611706868199
7459,128217,3,6.027021122306302
7460,128218,3,6.52556466811254
7461,128219,3,6.149313871684438
7462,128220,3,6.021669235236178
7463,128221,3,5.930444973108963
7464,128222,3,6.118022647629544
7465,128223,3,6.712537956984613
7466,128224,3,5.791760955678354
7467,128225,3,5.738112952378557
7468,128226,3,5.957794094228455
7469,128227,3,6.071354721197411
7470,128228,3,5.9070181608813535
7471,128229,3,5.586421349530073
7472,128230,3,6.683771882384512
7473,128231,3,5.4774041682888654
7474,128232,3,6.368262905720171
7475,128233,3,5.6380511135826605
7476,128234,3,6.196014881969936
7477,128235,3,5.773773877467062
7478,128236,3,6.045187153955698
7479,128237,3,5.841983389608183
7480,128238,3,5.5886396802671605
7481,128239,3,6.407473212508614
7482,128240,3,7.032505283058799
7483,128241,3,5.720252183993175
7484,128242,3,5.365945355243785
7485,128243,3,5.835566989817832
7486,128244,3,5.919276708892916
7487,128245,3,5.943136498007705
7488,128246,3,5.750867291815687
7489,128247,3,6.6061029346904245
7490,128248,3,5.804194048395568
7491,128249,3,5.9490595517155205
7492,128250,3,6.119401692543647
7493,128251,3,5.942926131832481
7494,128252,3,5.609504147463349
7495,128253,3,5.71337152278939
7496,128254,3,5.862089810094028
7497,128255,3,6.110134357219293
7498,128256,3,5.917881767030892
7499,128257,3,5.919996912164539
7500,128258,3,5.39572770766187
7501,128259,3,5.93157869011219
7502,128260,3,5.670750369184397
7503,128261,3,5.61045924386841
7504,128262,3,5.168004363693947
7505,128263,3,6.257802860210208
7506,128264,3,5.129550035389087
7507,128265,3,6.576630245854883
7508,128266,3,4.6378224781609285
7509,128267,3,5.370308385504252
7510,128268,3,5.764550872295713
7511,128269,3,5.628269981961759
7512,128270,3,5.316500097216223
7513,128271,3,5.553767406658947
7514,128272,3,5.886163223228987
7515,128273,3,5.940036469256271
7516,128274,3,5.997083440498702
7517,128275,3,4.911373121664038
7518,128276,3,5.7198965681734215
7519,128277,3,5.979313108489478
7520,128278,3,5.635921917441588
7521,128279,3,5.947428166878116
7522,128280,3,5.807470537130678
7523,128281,3,5.886725481036251
7524,128282,3,5.4620692357442255
7525,128283,3,6.25662688770382
7526,128284,3,5.5872777231567285
7527,128285,3,5.811301588952103
7528,128286,3,5.72150317739627
7529,128287,3,5.454145179127765
7530,128288,3,5.447385364626717
7531,128289,3,5.554230840264946
7532,128290,3,5.096033434548456
7533,128291,3,6.143884628109681
7534,128292,3,5.383992376041028
7535,128293,3,5.6271049604837495
7536,128294,3,5.213112642904957
7537,128295,3,5.59270077392364
7538,128296,3,5.228421611273169
7539,128297,3,5.885398153668589
7540,128298,3,5.402635606540853
7541,128299,3,5.562947599951
7542,128300,3,5.523092791685374
7543,128301,3,5.363687323079615
7544,128302,3,6.003870842300819
7545,128303,3,6.1651742699457746
7546,128304,3,4.963807937646048
7547,128305,3,5.449969136583475
7548,128306,3,5.466587475746169
7549,128307,3,5.718485477983669
7550,128308,3,5.388200104156479
7551,128309,3,4.610225574943243
7552,128310,3,5.688567802890636
7553,128311,3,5.82897903666973
7554,128312,3,5.375661885556079
7555,128313,3,5.027337517443432
7556,128314,3,5.421077491040025
7557,128315,3,5.600806602081927
7558,128316,3,5.505381907893554
7559,128317,3,4.891952612676659
7560,128318,3,5.478420982337582
7561,128319,3,5.377239503710987
7562,128320,3,5.234763266335275
7563,128321,3,5.109263880671612
7564,128322,3,5.335904367120021
7565,128323,3,5.223470832703702
7566,128324,3,5.561541944540665
7567,128325,3,5.372676532363082
7568,128326,3,5.10608578399087
7569,128327,3,5.211260812138725
7570,128328,3,5.151434276516987
7571,128329,3,5.2648785922808585
7572,128330,3,5.340377902448578
7573,128331,3,5.091183354863333
7574,128332,3,5.238679852738674
7575,128333,3,5.3254783296897354
7576,128334,3,4.953023908810936
7577,128335,3,6.299724344719362
7578,128336,3,5.797871037886914
7579,128337,3,5.739841901145388
7580,128338,3,5.226687089677152
7581,128339,3,3.982572936855409
7582,128340,3,5.296299815714838
7583,128341,3,5.348253476579365
7584,128342,3,4.883932478037677
7585,128343,3,5.433533890358008
7586,128344,3,5.663208495193313
7587,128345,3,5.127157435481534
7588,128346,3,4.127198475268624
7589,128347,3,5.2077377256278545
7590,128348,3,4.887319714874012
7591,128349,3,5.2567245876493836
7592,128350,3,5.308744226257535
7593,128351,3,5.145267016678904
7594,128352,3,5.510138658449037
7595,128353,3,4.952798568179771
7596,128354,3,5.056462200005741
7597,128355,3,4.5058976312486365
7598,128356,3,5.234107768458647
7599,128357,3,4.766168673860369
7600,128358,3,4.902923029085876
7601,128359,3,4.674793854702511
7602,128360,3,5.227289970437509
7603,128361,3,4.211527501112497
7604,128362,3,4.716726998246771
7605,128363,3,4.330527491498266
7606,128364,3,4.787112592278633
7607,128365,3,4.868108744062521
7608,128366,3,4.769530932229446
7609,128367,3,4.0225317317942295
7610,128368,3,4.713624114267405
7611,128369,3,4.929603470340626
7612,128370,3,4.232286425536115
7613,128371,3,3.1321066497062913
7614,128372,3,4.915268847902482
7615,128373,3,3.0934479077554977
7616,128374,3,4.76324560939715
7617,128375,3,4.944672073989475
7618,128376,3,3.376521108913546
7619,128377,3,2.804438422032811
7620,128378,3,4.641376950871815
7621,128379,3,3.5792745637620027
7622,128380,3,4.573102316417737
7623,128381,3,3.412033408968927
7624,128382,3,8.67525241412385
7625,128383,3,8.236070979278143
7626,128384,3,8.606723948340086
7627,128385,3,7.361234956406012
7628,128386,3,8.388860652776879
7629,128387,3,8.301633713663726
7630,128388,3,8.379505929126164
7631,128389,3,8.426554255389759
7632,128390,3,7.660616362666576
7633,128391,3,8.06828026858671
7634,128392,3,6.930170608182758
7635,128393,3,8.411602386707395
7636,128394,3,7.750789713408695
7637,128395,3,6.898361008350667
7638,128396,3,8.00996531976618
7639,128397,3,7.797586971589756
7640,128398,3,7.35219416165072
7641,128399,3,7.097622624409727
7642,128400,3,7.708044974041627
7643,128401,3,7.425256258262224
7644,128402,3,7.008627303366164
7645,128403,3,7.225605490432866
7646,128404,3,5.709382542453915
7647,128405,3,6.283952278438534
7648,128406,3,8.42651538238337
7649,128407,3,7.047391870624007
7650,128408,3,8.593785272599506
7651,128409,3,8.364553281722827
7652,128410,3,8.350987559560224
7653,128411,3,7.957523541789289
7654,128412,3,8.344107753314892
7655,128413,3,8.502935424035302
7656,128414,3,8.690104779985795
7657,128415,3,8.355823264961945
7658,128416,3,8.409962618027619
7659,128417,3,8.362595506315452
7660,128418,3,7.94761520783687
7661,128419,3,8.679189794033233
7662,128420,3,8.128837925920102
7663,128421,3,8.283538187276637
7664,128422,3,8.29915492486604
7665,128423,3,8.122734651567377
7666,128424,3,8.37955758882473
7667,128425,3,7.568391620024903
7668,128426,3,8.150005637529482
7669,128427,3,7.972186754386151
7670,128428,3,7.979800855972869
7671,128429,3,8.118613954249206
7672,128430,3,8.22824939182156
7673,128431,3,8.136568434929652
7674,128432,3,7.662001609072204
7675,128433,3,7.484291865064494
7676,128434,3,7.652162158307446
7677,128435,3,7.668069795819273
7678,128436,3,7.403186010287291
7679,128437,3,7.560492784725648
7680,128438,3,8.08387596054362
7681,128439,3,7.873623528381276
7682,128440,3,8.423042215904362
7683,128441,3,7.771850929521736
7684,128442,3,7.385312225193397
7685,128443,3,6.102251228861964
7686,128444,3,7.495733238442098
7687,128445,3,7.253130536582873
7688,128446,3,8.056403301941359
7689,128447,3,7.05230172986201
7690,128448,3,7.753945928708784
7691,128449,3,8.046911823089197
7692,128450,3,7.92204177713815
7693,128451,3,7.267699687428591
7694,128452,3,8.154283750070723
7695,128453,3,7.689177021365114
7696,128454,3,7.842582772661689
7697,128455,3,7.405856709516067
7698,128456,3,7.079348599442467
7699,128457,3,7.308749545048028
7700,128458,3,7.857168230922916
7701,128459,3,7.511997569476637
7702,128460,3,7.026716725048781
7703,128461,3,7.399212904012257
7704,128462,3,6.989851082297792
7705,128463,3,7.9721835730783415
7706,128464,3,7.9979372381540665
7707,128465,3,7.482697242377729
7708,128466,3,7.4902327295287465
7709,128467,3,6.450128619621068
7710,128468,3,6.7105736944163485
7711,128469,3,7.188749486824591
7712,128470,3,7.413234118167518
7713,128471,3,6.441865362692918
7714,128472,3,6.5915234166477275
7715,128473,3,7.096367075845251
7716,128474,3,7.5935283121052795
7717,128475,3,6.666546136162084
7718,128476,3,7.182890037840917
7719,128477,3,6.71359024746247
7720,128478,3,6.570734395430046
7721,128479,3,7.734469881255049
7722,128480,3,7.006222262346073
7723,128481,3,5.641950830854034
7724,128482,3,7.880547810390643
7725,128483,3,7.160675946380506
7726,128484,3,7.184469749778816
7727,128485,3,6.848585225238037
7728,128486,3,7.207209930349224
7729,128487,3,6.529035113146009
7730,128488,3,6.724425730739372
7731,128489,3,6.78071686408247
7732,128490,3,7.070158748303331
7733,128491,3,6.981546847435325
7734,128492,3,6.381819676721262
7735,128493,3,6.698928442137276
7736,128494,3,5.982859748435833
7737,128495,3,6.667665975558458
7738,128496,3,7.038385611191305
7739,128497,3,6.770192786917545
7740,128498,3,6.064925667545864
7741,128499,3,6.392792674553261
7742,128500,3,5.9691357999053505
7743,128501,3,6.6258549787137815
7744,128502,3,6.9033918499250175
7745,128503,3,6.022936531564
7746,128504,3,7.177055519773195
7747,128505,3,6.240595953001224
7748,128506,3,6.850232011121368
7749,128507,3,5.906144072237935
7750,128508,3,6.412882659570212
7751,128509,3,7.273137930074348
7752,128510,3,5.884232251073237
7753,128511,3,6.316974370497491
7754,128512,3,5.965097517288759
7755,128513,3,5.932354307929172
7756,128514,3,6.355696699848173
7757,128515,3,6.452468088981376
7758,128516,3,4.726863008225858
7759,128517,3,5.070496308045332
7760,128518,3,4.147288930233284
7761,128519,3,8.498310912403118
7762,128520,3,7.913095812778647
7763,128521,3,7.877469017789556
7764,128522,3,8.021018259427109
7765,128523,3,8.079745308945501
7766,128524,3,7.911321339202398
7767,128525,3,7.6879891761706
7768,128526,3,8.143687003082137
7769,128527,3,7.9918777138016335
7770,128528,3,7.809655456936197
7771,128529,3,7.9160780026502575
7772,128530,3,7.9101394332767025
7773,128531,3,7.621195714843484
7774,128532,3,7.621126610470535
7775,128533,3,7.1041975918191635
7776,128534,3,8.153434793484534
7777,128535,3,8.168557973644361
7778,128536,3,7.854760196415995
7779,128537,3,7.8599831942172
7780,128538,3,7.805790352185866
7781,128539,3,7.039924014324357
7782,128540,3,7.034331755955934
7783,128541,3,7.973514071026967
7784,128542,3,6.907876357623778
7785,128543,3,7.466052390813646
7786,128544,3,7.6234496611357025
7787,128545,3,7.607259898704293
7788,128546,3,7.268135146817611
7789,128547,3,7.035989367464853
7790,128548,3,7.2178988280068515
7791,128549,3,7.098316287640159
7792,128550,3,6.648470438838938
7793,128551,3,7.6429956830873165
7794,128552,3,7.126021812783376
7795,128553,3,7.4592411074855125
7796,128554,3,5.875824387709278
7797,128555,3,6.931655153726466
7798,128556,3,7.151192942686707
7799,128557,3,6.2897493036374685
7800,128558,3,6.722829431519954
7801,128559,3,6.1900995318388405
7802,128560,3,6.455494448426533
7803,128561,3,5.741014550667894
7804,128562,3,3.2774117019567823
7805,128563,3,8.664070039129397
7806,128564,3,8.885650776700475
7807,128565,3,8.819765532610347
7808,128566,3,8.582578273704907
7809,128567,3,8.719663584106197
7810,128568,3,8.755621748019497
7811,128569,3,8.475308714184969
7812,128570,3,8.520422202848216
7813,128571,3,8.711806846064652
7814,128572,3,8.69641131257288
7815,128573,3,8.873216694664109
7816,128574,3,8.739179211963492
7817,128575,3,8.397400685969938
7818,128576,3,8.479327699862074
7819,128577,3,8.369036731456102
7820,128578,3,8.749746635188606
7821,128579,3,8.568848134798616
7822,128580,3,8.806420374013491
7823,128581,3,8.615037487827127
7824,128582,3,8.618297501073894
7825,128583,3,8.27490484150967
7826,128584,3,8.51398208881195
7827,128585,3,8.566020643114054
7828,128586,3,8.704088212622894
7829,128587,3,8.382348448887065
7830,128588,3,8.655782425281783
7831,128589,3,8.647774795505432
7832,128590,3,8.535410800223463
7833,128591,3,8.637956247562357
7834,128592,3,8.573280760732343
7835,128593,3,8.721313030139108
7836,128594,3,8.069656127963876
7837,128595,3,8.642986956498707
7838,128596,3,8.847347740700894
7839,128597,3,8.379266890697517
7840,128598,3,8.429891844632866
7841,128599,3,8.547084962099014
7842,128600,3,8.610187726145808
7843,128601,3,8.590435535530903
7844,128602,3,8.67162550649822
7845,128603,3,8.608744308851392
7846,128604,3,8.781383971047795
7847,128605,3,8.13117708327259
7848,128606,3,8.122428365742529
7849,128607,3,8.122428365742529
7850,128608,3,8.663499381907128
7851,128609,3,8.262313764172486
7852,128610,3,8.650571715202975
7853,128611,3,8.708370758369925
7854,128612,3,8.402769735344775
7855,128613,3,8.662157828055173
7856,128614,3,8.70435242091683
7857,128615,3,6.401519762662944
7858,128616,3,8.561668134288155
7859,128617,3,8.483711883670772
7860,128618,3,8.379495306420878
7861,128619,3,8.716111615026247
7862,128620,3,8.589212550991911
7863,128621,3,8.355991274543475
7864,128622,3,8.601756103893658
7865,128623,3,8.375622155620592
7866,128624,3,8.587216351399745
7867,128625,3,8.519284244551567
7868,128626,3,7.866596032322178
7869,128627,3,7.619892827768681
7870,128628,3,7.8296589481859415
7871,128629,3,8.412533457364617
7872,128630,3,8.067146666199113
7873,128631,3,8.692257815268887
7874,128632,3,8.023031690890427
7875,128633,3,8.354735933746232
7876,128634,3,8.64889467189531
7877,128635,3,8.533093572316869
7878,128636,3,7.986965532696987
7879,128637,3,8.164282898425592
7880,128638,3,7.910792643130441
7881,128639,3,8.303250178564987
7882,128640,3,8.551318392381953
7883,128641,3,8.65319236192424
7884,128642,3,8.471454674836627
7885,128643,3,8.350186657754902
7886,128644,3,7.94232855317632
7887,128645,3,8.387137692742684
7888,128646,3,8.449659909733665
7889,128647,3,8.66300106510244
7890,128648,3,8.540359210552438
7891,128649,3,8.391603396707742
7892,128650,3,7.866155015020969
7893,128651,3,8.468211004857343
7894,128652,3,8.318884201287409
7895,128653,3,8.550868935878405
7896,128654,3,8.517859109730784
7897,128655,3,8.129955355866475
7898,128656,3,8.518407242679265
7899,128657,3,8.62683725741498
7900,128658,3,8.19783702075753
7901,128659,3,8.364773095688745
7902,128660,3,8.567534392985104
7903,128661,3,8.409983104860839
7904,128662,3,8.222578185995241
7905,128663,3,8.428769726880782
7906,128664,3,8.252074741211068
7907,128665,3,8.071271601573834
7908,128666,3,8.51633244451969
7909,128667,3,8.25334316711843
7910,128668,3,7.9595134538365695
7911,128669,3,8.409342507655728
7912,128670,3,8.319540205688089
7913,128671,3,8.394470324306571
7914,128672,3,8.087794483372532
7915,128673,3,8.29313794855049
7916,128674,3,8.417389650729785
7917,128675,3,8.662123810597478
7918,128676,3,8.44312893336608
7919,128677,3,7.767242707984303
7920,128678,3,8.179069199850638
7921,128679,3,8.345482034285686
7922,128680,3,8.085462775302137
7923,128681,3,8.593919409173656
7924,128682,3,8.58483825114259
7925,128683,3,8.27693445744231
7926,128684,3,8.410592680993803
7927,128685,3,7.753675476322895
7928,128686,3,8.521310126734004
7929,128687,3,7.96986224762618
7930,128688,3,8.583086067163991
7931,128689,3,8.49704135047871
7932,128690,3,8.265303617636098
7933,128691,3,8.342220341327847
7934,128692,3,8.285020271979006
7935,128693,3,8.114326100155795
7936,128694,3,8.387801106350144
7937,128695,3,8.156221521636184
7938,128696,3,8.423208842408307
7939,128697,3,8.36089194992936
7940,128698,3,8.185006849545331
7941,128699,3,7.884648336970575
7942,128700,3,7.431603443957253
7943,128701,3,8.329725739592748
7944,128702,3,8.01339324927206
7945,128703,3,8.314147129042354
7946,128704,3,7.660939199481579
7947,128705,3,7.821786694483425
7948,128706,3,8.496833768651314
7949,128707,3,7.882753896950476
7950,128708,3,8.513769486505794
7951,128709,3,8.448926268764021
7952,128710,3,8.537951408346125
7953,128711,3,7.59971382218013
7954,128712,3,7.642945399460359
7955,128713,3,8.031054178979769
7956,128714,3,7.746118070258349
7957,128715,3,8.356002986950731
7958,128716,3,8.145918978852452
7959,128717,3,8.063856577952386
7960,128718,3,8.028637609432126
7961,128719,3,8.339332708348216
7962,128720,3,7.853759963959337
7963,128721,3,7.420518583778491
7964,128722,3,8.678686666362633
7965,128723,3,8.120298499047433
7966,128724,3,8.31360828119907
7967,128725,3,8.33141851644695
7968,128726,3,7.660939199481579
7969,128727,3,8.022633008786256
7970,128728,3,8.022633008786256
7971,128729,3,7.70172074068796
7972,128730,3,8.615915270991724
7973,128731,3,8.214901259407194
7974,128732,3,7.734113262157736
7975,128733,3,8.344030302177897
7976,128734,3,8.344030302177897
7977,128735,3,7.84298482535721
7978,128736,3,8.45111047730106
7979,128737,3,8.222932565336222
7980,128738,3,7.595502307950246
7981,128739,3,8.055910055536554
7982,128740,3,7.397540554075762
7983,128741,3,7.746415943683284
7984,128742,3,8.040172550491086
7985,128743,3,8.102507871367614
7986,128744,3,8.342135890493823
7987,128745,3,7.610644152081027
7988,128746,3,7.801845921610935
7989,128747,3,8.444137981584065
7990,128748,3,6.722345185750938
7991,128749,3,8.272966396666948
7992,128750,3,7.55356849393596
7993,128751,3,7.970515003357599
7994,128752,3,7.615495113269549
7995,128753,3,8.348526665083392
7996,128754,3,8.39823579612982
7997,128755,3,8.283925413559816
7998,128756,3,8.26518639556392
7999,128757,3,7.680379729036981
8000,128758,3,7.986019227616884
8001,128759,3,8.017108930311135
8002,128760,3,7.936106952034677
8003,128761,3,7.391040210199135
8004,128762,3,7.933401830522668
8005,128763,3,8.11693698088121
8006,128764,3,7.980367582142893
8007,128765,3,7.543652588816183
8008,128766,3,8.369209560245679
8009,128767,3,7.817141941230275
8010,128768,3,7.9013304893974015
8011,128769,3,8.060132757350061
8012,128770,3,7.818165284475523
8013,128771,3,8.20997068871122
8014,128772,3,7.392649469245644
8015,128773,3,8.080650391588112
8016,128774,3,7.791369302792459
8017,128775,3,7.592921308736271
8018,128776,3,7.814001334488395
8019,128777,3,8.197320995374717
8020,128778,3,7.923520369853039
8021,128779,3,7.509307377147533
8022,128780,3,8.156869827980454
8023,128781,3,7.734658616672949
8024,128782,3,7.813027458314801
8025,128783,3,8.428066669001234
8026,128784,3,8.355532466910072
8027,128785,3,8.323500870678576
8028,128786,3,7.819675208977212
8029,128787,3,7.727221922166765
8030,128788,3,7.936952578343335
8031,128789,3,8.505700598915737
8032,128790,3,7.489795375569878
8033,128791,3,7.175906982155923
8034,128792,3,7.97509339836342
8035,128793,3,8.239963667369393
8036,128794,3,8.028043865560633
8037,128795,3,7.809075994140395
8038,128796,3,7.574759352598564
8039,128797,3,8.008877485708165
8040,128798,3,7.56768187901003
8041,128799,3,7.976067087335016
8042,128800,3,7.605516103395071
8043,128801,3,7.360172111340571
8044,128802,3,7.710155071912787
8045,128803,3,7.703434742535761
8046,128804,3,6.354601749888639
8047,128805,3,8.110079489067997
8048,128806,3,7.18847776575901
8049,128807,3,8.03515946471673
8050,128808,3,7.902464985227183
8051,128809,3,7.929233384320405
8052,128810,3,7.551356083959877
8053,128811,3,7.104344879199292
8054,128812,3,7.658985674949433
8055,128813,3,7.892883109373183
8056,128814,3,7.7372197245721726
8057,128815,3,7.466493971656047
8058,128816,3,8.075296204291037
8059,128817,3,8.003518772877552
8060,128818,3,7.503432565692263
8061,128819,3,7.809573578402936
8062,128820,3,7.459188408193111
8063,128821,3,7.793573350034727
8064,128822,3,7.610093010398945
8065,128823,3,7.916811412606466
8066,128824,3,7.552082805155549
8067,128825,3,7.737627338450925
8068,128826,3,8.083133759991817
8069,128827,3,7.7034739367899965
8070,128828,3,7.8009842465190395
8071,128829,3,7.917847579487199
8072,128830,3,8.266246334807082
8073,128831,3,7.448261075815562
8074,128832,3,7.75379452591688
8075,128833,3,7.613667468857942
8076,128834,3,6.946605730154749
8077,128835,3,7.419245678777193
8078,128836,3,7.79145676168371
8079,128837,3,7.578165295547578
8080,128838,3,8.009460643361187
8081,128839,3,8.066589030384325
8082,128840,3,7.450191373000665
8083,128841,3,7.940326919613438
8084,128842,3,7.440079556685731
8085,128843,3,8.238470170059573
8086,128844,3,7.753291416739265
8087,128845,3,7.2728795552623
8088,128846,3,7.763872895564077
8089,128847,3,7.562849797544018
8090,128848,3,7.287193705670945
8091,128849,3,7.5115320170168
8092,128850,3,6.67588338611545
8093,128851,3,7.52837194133859
8094,128852,3,7.2667271992917675
8095,128853,3,7.552715952110058
8096,128854,3,7.72291413029465
8097,128855,3,7.9166400358801
8098,128856,3,7.471687291813487
8099,128857,3,7.424277276670815
8100,128858,3,7.797216461511784
8101,128859,3,7.257718013684421
8102,128860,3,7.439790134021948
8103,128861,3,7.314532423768261
8104,128862,3,7.271329783764668
8105,128863,3,8.298880171120153
8106,128864,3,7.7557260095954526
8107,128865,3,7.532216156599407
8108,128866,3,7.562623722731224
8109,128867,3,7.3240470397842214
8110,128868,3,7.046080652200719
8111,128869,3,7.0535240776328525
8112,128870,3,6.943002443445865
8113,128871,3,7.705775184044988
8114,128872,3,7.390988152164964
8115,128873,3,7.220829682504853
8116,128874,3,7.976920019106572
8117,128875,3,7.19162970921692
8118,128876,3,7.32529646781391
8119,128877,3,7.2475711722420675
8120,128878,3,7.876286490161988
8121,128879,3,7.789706925317255
8122,128880,3,7.239057096811161
8123,128881,3,7.602302154696243
8124,128882,3,7.435520438302181
8125,128883,3,7.392602508359433
8126,128884,3,7.440430346960352
8127,128885,3,6.8073315840643165
8128,128886,3,6.961006992175769
8129,128887,3,7.510581891439101
8130,128888,3,6.683114988579399
8131,128889,3,7.3446452400398545
8132,128890,3,7.7601182866103136
8133,128891,3,7.762279844846859
8134,128892,3,7.823594675161012
8135,128893,3,6.7941395920206
8136,128894,3,7.135332061928
8137,128895,3,7.257470576994011
8138,128896,3,7.260992577267621
8139,128897,3,7.633459578404646
8140,128898,3,7.348969245682353
8141,128899,3,6.663955247855992
8142,128900,3,7.4204099229976785
8143,128901,3,7.179644154593777
8144,128902,3,7.132394813294827
8145,128903,3,7.649926773894919
8146,128904,3,7.135824139270081
8147,128905,3,7.5234294406056375
8148,128906,3,7.10498071583755
8149,128907,3,7.4704138341849395
8150,128908,3,7.442065332668722
8151,128909,3,6.918658156858357
8152,128910,3,7.2580340782771735
8153,128911,3,7.79279011739915
8154,128912,3,7.516441605133176
8155,128913,3,7.9037400567487275
8156,128914,3,7.265321059554578
8157,128915,3,7.519472442651592
8158,128916,3,7.5453201982249185
8159,128917,3,6.992651333814029
8160,128918,3,6.930562990014719
8161,128919,3,7.454799690856706
8162,128920,3,7.160221677325516
8163,128921,3,7.154603704062009
8164,128922,3,7.083615517680203
8165,128923,3,6.947531400251833
8166,128924,3,6.989462073476564
8167,128925,3,7.614709985860655
8168,128926,3,7.270688463036716
8169,128927,3,7.230909526425762
8170,128928,3,7.262773026902016
8171,128929,3,7.185834828366514
8172,128930,3,6.725503100684735
8173,128931,3,6.138005125688762
8174,128932,3,7.238637577838491
8175,128933,3,7.501907961760431
8176,128934,3,6.957622364347858
8177,128935,3,7.251234029467278
8178,128936,3,6.992992541905793
8179,128937,3,6.820951711625823
8180,128938,3,7.65095508182811
8181,128939,3,7.328500411276485
8182,128940,3,7.03738241089857
8183,128941,3,7.108481007829977
8184,128942,3,7.4537954057895766
8185,128943,3,7.0273164063579845
8186,128944,3,7.20436738595959
8187,128945,3,7.535551889593152
8188,128946,3,7.27987777724558
8189,128947,3,7.393394238027374
8190,128948,3,6.371772435587521
8191,128949,3,6.919128346105918
8192,128950,3,7.1269836902756385
8193,128951,3,7.160985759183598
8194,128952,3,7.517467052639693
8195,128953,3,7.252188225648018
8196,128954,3,7.055658272034187
8197,128955,3,7.655161194551847
8198,128956,3,7.274629673703375
8199,128957,3,7.12291040869822
8200,128958,3,7.241676594741355
8201,128959,3,7.4935401201856315
8202,128960,3,7.460151500867378
8203,128961,3,7.019597965964433
8204,128962,3,6.964324935274459
8205,128963,3,7.173417669739311
8206,128964,3,7.227977805654543
8207,128965,3,6.963685889826078
8208,128966,3,6.8808591647101975
8209,128967,3,6.117065966234649
8210,128968,3,7.55266435419585
8211,128969,3,7.640531345730141
8212,128970,3,7.25043372427313
8213,128971,3,7.2916026540910766
8214,128972,3,7.386931147333703
8215,128973,3,7.119222384105739
8216,128974,3,7.047380915855719
8217,128975,3,6.990222463358248
8218,128976,3,7.4205932312446805
8219,128977,3,5.809088880197531
8220,128978,3,7.227343691953776
8221,128979,3,7.23729197985483
8222,128980,3,7.0330697428183155
8223,128981,3,5.818358428751134
8224,128982,3,7.234354653310207
8225,128983,3,6.832923823480039
8226,128984,3,6.955216008723242
8227,128985,3,7.334020681912998
8228,128986,3,7.269799972406848
8229,128987,3,7.395378476840536
8230,128988,3,7.223285451637787
8231,128989,3,7.1714380428513635
8232,128990,3,6.214600887166873
8233,128991,3,6.888864281722047
8234,128992,3,7.425489039205664
8235,128993,3,7.243064603555354
8236,128994,3,7.243938921859228
8237,128995,3,7.251548608317887
8238,128996,3,7.057021575653557
8239,128997,3,6.895839366759063
8240,128998,3,7.122492927481437
8241,128999,3,7.202214789823865
8242,129000,3,7.1202223274188094
8243,129001,3,6.989135030426284
8244,129002,3,7.457864742299301
8245,129003,3,7.355118578246698
8246,129004,3,7.005727692815467
8247,129005,3,6.898825818943446
8248,129006,3,7.057113969702458
8249,129007,3,7.276982367692407
8250,129008,3,6.856252171782058
8251,129009,3,6.16001038740919
8252,129010,3,6.491701820115845
8253,129011,3,7.129802173417601
8254,129012,3,7.286466918326817
8255,129013,3,7.236018499983171
8256,129014,3,7.0546787512111315
8257,129015,3,7.2465241832300125
8258,129016,3,8.064001316964946
8259,129017,3,7.035067580686389
8260,129018,3,7.06266397120028
8261,129019,3,7.235056155181772
8262,129020,3,6.907487267630769
8263,129021,3,6.837284759587605
8264,129022,3,7.019309882607031
8265,129023,3,7.019445326332476
8266,129024,3,7.17900699736958
8267,129025,3,6.988576441507827
8268,129026,3,6.857384756412347
8269,129027,3,6.828285115860144
8270,129028,3,6.676407926890771
8271,129029,3,6.878459748861128
8272,129030,3,6.858143275692888
8273,129031,3,7.21811924684223
8274,129032,3,7.177944600089207
8275,129033,3,7.141842146294498
8276,129034,3,6.57457624962665
8277,129035,3,7.374011231792882
8278,129036,3,6.448135659415309
8279,129037,3,6.283866952020765
8280,129038,3,7.108802061883884
8281,129039,3,6.712166699916119
8282,129040,3,6.542779848611409
8283,129041,3,6.521230727610332
8284,129042,3,6.6696238913042825
8285,129043,3,7.02215894701503
8286,129044,3,7.160172971007894
8287,129045,3,7.245187399307391
8288,129046,3,6.768856069000729
8289,129047,3,7.039721792822095
8290,129048,3,7.0306188512383185
8291,129049,3,6.943058547382235
8292,129050,3,6.027010436105834
8293,129051,3,6.882959855022391
8294,129052,3,5.609002275863299
8295,129053,3,7.180617830080135
8296,129054,3,6.898500665323751
8297,129055,3,7.083684456356027
8298,129056,3,6.823853315891127
8299,129057,3,6.94878538569959
8300,129058,3,6.734713635660405
8301,129059,3,7.7736830815499065
8302,129060,3,7.751678843601996
8303,129061,3,6.768905291918168
8304,129062,3,7.022846229336972
8305,129063,3,6.738179610219723
8306,129064,3,6.784702089024745
8307,129065,3,7.133530154660251
8308,129066,3,6.740912853003234
8309,129067,3,6.882426517325567
8310,129068,3,6.269734587721504
8311,129069,3,6.744558524304862
8312,129070,3,6.853251033170435
8313,129071,3,7.093788681652303
8314,129072,3,6.0305306186782675
8315,129073,3,6.201953889409115
8316,129074,3,6.270006146479423
8317,129075,3,7.0768184249824495
8318,129076,3,6.832050936001304
8319,129077,3,7.174801491177451
8320,129078,3,6.622461597858015
8321,129079,3,6.922519547066124
8322,129080,3,7.108629612065997
8323,129081,3,7.404561200609551
8324,129082,3,6.769849276951531
8325,129083,3,6.763905908413396
8326,129084,3,7.063295946990384
8327,129085,3,6.7417006859174595
8328,129086,3,7.154804757116786
8329,129087,3,6.422755832561069
8330,129088,3,7.015691064228511
8331,129089,3,7.009877300677932
8332,129090,3,6.475593233068171
8333,129091,3,6.926227704957434
8334,129092,3,6.599330906318771
8335,129093,3,7.05566491379936
8336,129094,3,6.352222515383479
8337,129095,3,6.867428128399877
8338,129096,3,6.9097560066267665
8339,129097,3,7.209267639480331
8340,129098,3,7.186220454120703
8341,129099,3,6.271117479574931
8342,129100,3,6.934442822470752
8343,129101,3,6.854864136762689
8344,129102,3,6.995193937741307
8345,129103,3,7.070140386827543
8346,129104,3,6.827030190844485
8347,129105,3,6.688768877814348
8348,129106,3,6.135533582746236
8349,129107,3,7.114536500933367
8350,129108,3,6.683394652096924
8351,129109,3,7.006578516341047
8352,129110,3,7.158861390433538
8353,129111,3,6.4765661616397425
8354,129112,3,7.272723645831329
8355,129113,3,6.759109969685015
8356,129114,3,6.611253896955144
8357,129115,3,6.564704191925353
8358,129116,3,6.1867860562132995
8359,129117,3,6.72380751058427
8360,129118,3,6.7040591190254375
8361,129119,3,6.369433956518073
8362,129120,3,6.263205593878776
8363,129121,3,6.836229986883983
8364,129122,3,6.85301692994117
8365,129123,3,7.053943223036486
8366,129124,3,6.209738765609246
8367,129125,3,7.011116848073834
8368,129126,3,6.140170678844356
8369,129127,3,6.468865960543987
8370,129128,3,7.0397652014433945
8371,129129,3,6.939055017981734
8372,129130,3,6.885318407624864
8373,129131,3,6.295809728754271
8374,129132,3,6.444772111422058
8375,129133,3,7.276949943775142
8376,129134,3,7.199961030826209
8377,129135,3,6.762120206945333
8378,129136,3,6.289662331119947
8379,129137,3,7.086892837501721
8380,129138,3,6.401590900997497
8381,129139,3,6.914047595022142
8382,129140,3,6.851303027961722
8383,129141,3,6.716548239038485
8384,129142,3,6.498215654697042
8385,129143,3,7.242592225019748
8386,129144,3,6.67608997808375
8387,129145,3,6.509346151433964
8388,129146,3,5.9820169421610405
8389,129147,3,6.457968243447045
8390,129148,3,7.236490542167879
8391,129149,3,6.787539447472228
8392,129150,3,6.515680114322934
8393,129151,3,7.549756231837817
8394,129152,3,6.91581423103208
8395,129153,3,6.825601126266274
8396,129154,3,6.878049994093872
8397,129155,3,6.759626865417724
8398,129156,3,6.863747975151346
8399,129157,3,6.275902096323978
8400,129158,3,7.083166066968795
8401,129159,3,6.632918559831759
8402,129160,3,6.38019032352441
8403,129161,3,6.425842559837219
8404,129162,3,6.363354790911819
8405,129163,3,6.233364187454975
8406,129164,3,6.527311583570877
8407,129165,3,6.504939117173991
8408,129166,3,6.463157151530369
8409,129167,3,6.027383619461923
8410,129168,3,6.64915814263478
8411,129169,3,6.462678885176018
8412,129170,3,6.607967510200787
8413,129171,3,6.707627245697036
8414,129172,3,6.702254088982157
8415,129173,3,6.288455648761381
8416,129174,3,6.734736260574465
8417,129175,3,6.5959410883222995
8418,129176,3,7.043762135621412
8419,129177,3,6.425151098104646
8420,129178,3,6.089559315546487
8421,129179,3,7.3878676924695235
8422,129180,3,6.536900059683143
8423,129181,3,6.24073812325182
8424,129182,3,6.182583774096615
8425,129183,3,6.306858332870712
8426,129184,3,6.207991858537796
8427,129185,3,6.361114678308841
8428,129186,3,6.738022352104057
8429,129187,3,6.54893181775066
8430,129188,3,6.439041431845487
8431,129189,3,5.897996869314145
8432,129190,3,6.066881312133542
8433,129191,3,6.414126386397861
8434,129192,3,6.32334260616298
8435,129193,3,6.111797234641536
8436,129194,3,6.4373243181740865
8437,129195,3,5.939134427226799
8438,129196,3,7.094410000961751
8439,129197,3,6.597629949498844
8440,129198,3,6.420253653770995
8441,129199,3,6.364473474831993
8442,129200,3,6.304617202309962
8443,129201,3,6.551474023183847
8444,129202,3,6.528581583315116
8445,129203,3,6.244571541453963
8446,129204,3,6.528038721297643
8447,129205,3,5.89593175243999
8448,129206,3,6.9053824072521985
8449,129207,3,6.273610512784446
8450,129208,3,5.8884549273141555
8451,129209,3,6.515171809594517
8452,129210,3,5.8696423937123985
8453,129211,3,6.6633788323302054
8454,129212,3,6.652348627739753
8455,129213,3,6.193975762862915
8456,129214,3,6.712426667212249
8457,129215,3,6.185099196894905
8458,129216,3,6.792850178610674
8459,129217,3,6.272826794163507
8460,129218,3,6.470951653490317
8461,129219,3,6.7148815688323715
8462,129220,3,6.41526516249274
8463,129221,3,6.2889278128607495
8464,129222,3,6.277742971333375
8465,129223,3,6.549385694233113
8466,129224,3,6.3680800911579185
8467,129225,3,6.133112447004908
8468,129226,3,6.483333632486916
8469,129227,3,6.928987506405264
8470,129228,3,7.0631959557846
8471,129229,3,6.86888047736168
8472,129230,3,6.38647174276104
8473,129231,3,6.36893053677829
8474,129232,3,6.511391240250998
8475,129233,3,6.5770198176025
8476,129234,3,7.107981489100827
8477,129235,3,5.9961361739673285
8478,129236,3,6.191955393300914
8479,129237,3,6.266007580115529
8480,129238,3,6.450407489936136
8481,129239,3,6.790744783782104
8482,129240,3,6.367617706176794
8483,129241,3,6.064827953192605
8484,129242,3,6.421912058626116
8485,129243,3,6.30675810423724
8486,129244,3,5.753281525136201
8487,129245,3,6.289838462094044
8488,129246,3,5.927386276647968
8489,129247,3,6.197779787705207
8490,129248,3,6.550711796698429
8491,129249,3,5.435504022242627
8492,129250,3,6.145796200536056
8493,129251,3,6.528777071606175
8494,129252,3,6.457004668347306
8495,129253,3,6.985547024428551
8496,129254,3,6.803644466371257
8497,129255,3,5.885417412493753
8498,129256,3,6.683321227714873
8499,129257,3,6.411925924611533
8500,129258,3,6.129994719559437
8501,129259,3,6.20234856708227
8502,129260,3,6.708932593135755
8503,129261,3,6.744791503541889
8504,129262,3,6.376247260561405
8505,129263,3,6.625223906595357
8506,129264,3,6.59182215296858
8507,129265,3,6.544732375211452
8508,129266,3,6.310938211823206
8509,129267,3,6.252499388134142
8510,129268,3,6.598412352083851
8511,129269,3,6.078885511407988
8512,129270,3,6.481874754014236
8513,129271,3,6.14211646552472
8514,129272,3,6.168700785853636
8515,129273,3,6.579093644786742
8516,129274,3,6.089870967768642
8517,129275,3,5.973826683362631
8518,129276,3,5.922188330155912
8519,129277,3,6.565650416494369
8520,129278,3,6.328176863016792
8521,129279,3,5.895330654550994
8522,129280,3,6.198706966986059
8523,129281,3,6.507138257678383
8524,129282,3,6.190951966037676
8525,129283,3,6.518327567435707
8526,129284,3,6.372001669820837
8527,129285,3,6.765116709123674
8528,129286,3,5.993695322763569
8529,129287,3,6.4391918652049585
8530,129288,3,6.146610021022371
8531,129289,3,6.025223203000195
8532,129290,3,6.522782282358521
8533,129291,3,6.341023645384009
8534,129292,3,6.074753630863943
8535,129293,3,6.073913820225404
8536,129294,3,6.414216762856913
8537,129295,3,6.248259463292978
8538,129296,3,5.943657214095323
8539,129297,3,6.024348549718397
8540,129298,3,6.352726408207799
8541,129299,3,6.890792841290588
8542,129300,3,6.251275051291568
8543,129301,3,5.79494215385439
8544,129302,3,6.368298686969653
8545,129303,3,6.522300564013344
8546,129304,3,6.480997687307143
8547,129305,3,6.4600599115580435
8548,129306,3,6.482838233995022
8549,129307,3,5.978266331217615
8550,129308,3,6.841181951232355
8551,129309,3,6.754691882508343
8552,129310,3,6.18075172424929
8553,129311,3,6.091074323026952
8554,129312,3,6.541574018675262
8555,129313,3,6.469934336046483
8556,129314,3,6.302992268770703
8557,129315,3,5.891073056580192
8558,129316,3,6.634788266710316
8559,129317,3,6.311095416854203
8560,129318,3,5.814518450174248
8561,129319,3,6.536289169914409
8562,129320,3,6.181221899579706
8563,129321,3,6.119588397747373
8564,129322,3,6.017942207478517
8565,129323,3,6.614085324866386
8566,129324,3,5.994443960497122
8567,129325,3,5.994443960497122
8568,129326,3,5.994443960497122
8569,129327,3,6.602447547200541
8570,129328,3,6.1887589712868145
8571,129329,3,6.1887589712868145
8572,129330,3,6.3562852209967104
8573,129331,3,6.26409925672123
8574,129332,3,5.90058558353887
8575,129333,3,6.046057367598278
8576,129334,3,6.571155870380077
8577,129335,3,6.099049827651235
8578,129336,3,6.477373967430028
8579,129337,3,6.0496840963834115
8580,129338,3,6.363550618151699
8581,129339,3,6.125561480875618
8582,129340,3,5.86202394497505
8583,129341,3,6.364499409266317
8584,129342,3,5.947390335325254
8585,129343,3,6.264188495190881
8586,129344,3,6.355550337750747
8587,129345,3,6.128687011105318
8588,129346,3,5.8510953454669306
8589,129347,3,6.253648914753044
8590,129348,3,6.502101572293866
8591,129349,3,6.023162520084926
8592,129350,3,6.339665125811816
8593,129351,3,6.420866411108121
8594,129352,3,7.040343045985513
8595,129353,3,6.248513873426247
8596,129354,3,6.367142667121885
8597,129355,3,6.06804123789648
8598,129356,3,6.126743929515891
8599,129357,3,6.450860293544796
8600,129358,3,4.757692795382855
8601,129359,3,5.993885460295274
8602,129360,3,6.482852992272912
8603,129361,3,6.3284807217495915
8604,129362,3,5.663217544658279
8605,129363,3,6.036356158405846
8606,129364,3,6.299217723564509
8607,129365,3,6.8856375984443305
8608,129366,3,6.202354346860553
8609,129367,3,6.2930093579572395
8610,129368,3,6.419230468653641
8611,129369,3,5.690099823786527
8612,129370,3,6.238697296608661
8613,129371,3,6.094243169816297
8614,129372,3,6.222257913686224
8615,129373,3,6.132436870292253
8616,129374,3,6.059579451805721
8617,129375,3,6.084001343276145
8618,129376,3,6.450148433101064
8619,129377,3,5.7787165078058855
8620,129378,3,6.18772477445407
8621,129379,3,5.806057020593265
8622,129380,3,5.919481213627804
8623,129381,3,6.18708928330903
8624,129382,3,5.772147687957927
8625,129383,3,5.370596823604679
8626,129384,3,6.2476715643637
8627,129385,3,6.405463440416984
8628,129386,3,5.957674587885726
8629,129387,3,5.732333836556212
8630,129388,3,6.13975263527425
8631,129389,3,5.930863837565459
8632,129390,3,6.325434622859575
8633,129391,3,6.126561486867487
8634,129392,3,6.347308842784179
8635,129393,3,6.2215326269839695
8636,129394,3,6.01189988321405
8637,129395,3,6.181509379273406
8638,129396,3,6.170649007916515
8639,129397,3,5.954271779614294
8640,129398,3,6.301856824064135
8641,129399,3,6.2846613210383
8642,129400,3,5.774356493128154
8643,129401,3,6.08520054640109
8644,129402,3,5.959324347702487
8645,129403,3,6.267688555322615
8646,129404,3,5.528469977193575
8647,129405,3,5.917902602101452
8648,129406,3,5.715456308617371
8649,129407,3,6.159078418192531
8650,129408,3,6.17656292879077
8651,129409,3,6.02573852655588
8652,129410,3,6.05567694174904
8653,129411,3,6.060727989604814
8654,129412,3,6.4412931337999915
8655,129413,3,6.1262395361663975
8656,129414,3,5.846379868089419
8657,129415,3,6.003463438794865
8658,129416,3,6.003463438794865
8659,129417,3,6.003463438794865
8660,129418,3,5.983537283404653
8661,129419,3,5.919887607569364
8662,129420,3,6.268569280899178
8663,129421,3,5.956090716303589
8664,129422,3,5.719657238042418
8665,129423,3,6.103671745942935
8666,129424,3,5.542518245228658
8667,129425,3,6.009588840855936
8668,129426,3,5.647701997766416
8669,129427,3,6.0406047614230545
8670,129428,3,5.977927220366278
8671,129429,3,5.934841895582364
8672,129430,3,6.355610835602388
8673,129431,3,5.59539523034055
8674,129432,3,6.176053438791197
8675,129433,3,6.101329762489243
8676,129434,3,6.23364705203605
8677,129435,3,6.044481411080248
8678,129436,3,5.826845296003407
8679,129437,3,5.498010569585576
8680,129438,3,5.896184352836144
8681,129439,3,6.442753242486812
8682,129440,3,6.168077971109087
8683,129441,3,6.301839695126899
8684,129442,3,6.018930017119854
8685,129443,3,6.693909693899005
8686,129444,3,5.953680174812893
8687,129445,3,6.402825093741133
8688,129446,3,6.192387086346443
8689,129447,3,5.933853582580538
8690,129448,3,5.379370193016453
8691,129449,3,5.867174957144504
8692,129450,3,5.967253411687738
8693,129451,3,6.05059132395975
8694,129452,3,5.465049855324872
8695,129453,3,5.960318912172115
8696,129454,3,6.302362801311652
8697,129455,3,5.579640131553995
8698,129456,3,5.985654593689561
8699,129457,3,4.958607582515818
8700,129458,3,6.681931803041452
8701,129459,3,5.931916583719449
8702,129460,3,5.733597527944102
8703,129461,3,6.040390138768359
8704,129462,3,6.2426999205095
8705,129463,3,5.608053239242671
8706,129464,3,5.899382457044023
8707,129465,3,6.2114246004362785
8708,129466,3,5.65291141635111
8709,129467,3,5.241901841881204
8710,129468,3,5.500248182310036
8711,129469,3,6.053947267399889
8712,129470,3,6.0478868790591385
8713,129471,3,5.658951192507725
8714,129472,3,5.401788161098197
8715,129473,3,6.145733632978105
8716,129474,3,5.759421842543668
8717,129475,3,5.863132469306591
8718,129476,3,5.812397386021623
8719,129477,3,5.943831834353705
8720,129478,3,6.057836363169357
8721,129479,3,6.0966075885948445
8722,129480,3,6.114309004427633
8723,129481,3,6.030143961674662
8724,129482,3,5.9020386131122144
8725,129483,3,5.940212646832095
8726,129484,3,6.282145071334008
8727,129485,3,6.113198654561748
8728,129486,3,5.994788274552565
8729,129487,3,5.846602757215183
8730,129488,3,6.277069622303484
8731,129489,3,6.024342023097487
8732,129490,3,5.785862408146538
8733,129491,3,5.784177917953262
8734,129492,3,5.8376447390069135
8735,129493,3,5.700359281757068
8736,129494,3,5.860659671332062
8737,129495,3,5.936982599859231
8738,129496,3,5.630736099818775
8739,129497,3,6.043922802547253
8740,129498,3,5.717919097166781
8741,129499,3,5.455616624878919
8742,129500,3,6.042552966040549
8743,129501,3,5.950263498186024
8744,129502,3,5.718332716825046
8745,129503,3,6.254996540878425
8746,129504,3,5.6939484836265475
8747,129505,3,6.096961953116902
8748,129506,3,5.800008502714404
8749,129507,3,5.700842897956243
8750,129508,3,5.840226928112623
8751,129509,3,5.374942426970534
8752,129510,3,6.000659947581314
8753,129511,3,5.938960157145667
8754,129512,3,5.994080679693239
8755,129513,3,5.750109061844867
8756,129514,3,6.037125412670171
8757,129515,3,5.910884643815331
8758,129516,3,6.043297261592464
8759,129517,3,6.077412371176642
8760,129518,3,5.2798739075159355
8761,129519,3,6.177655727527487
8762,129520,3,6.114920127784833
8763,129521,3,6.1271216053637945
8764,129522,3,5.910721475515335
8765,129523,3,5.574856723820037
8766,129524,3,5.872143392596288
8767,129525,3,5.8584747138742
8768,129526,3,6.340987417791406
8769,129527,3,6.005897702105411
8770,129528,3,6.223016480902519
8771,129529,3,5.554079569985596
8772,129530,3,5.793259506592747
8773,129531,3,5.692183505284449
8774,129532,3,5.691058705994756
8775,129533,3,5.253127362126094
8776,129534,3,5.233204664851437
8777,129535,3,6.565019202993761
8778,129536,3,5.666459175190859
8779,129537,3,5.660221770612761
8780,129538,3,5.3665633801590005
8781,129539,3,6.038172623144448
8782,129540,3,5.294783757049769
8783,129541,3,5.9011215247353395
8784,129542,3,5.858488619717263
8785,129543,3,6.086694815348798
8786,129544,3,5.606032680747365
8787,129545,3,5.21456837135923
8788,129546,3,5.715993702544781
8789,129547,3,5.713916377518008
8790,129548,3,6.020524276046273
8791,129549,3,4.779253749492815
8792,129550,3,5.980218789059172
8793,129551,3,5.601533851932795
8794,129552,3,5.589905370694289
8795,129553,3,6.0645111552796855
8796,129554,3,5.882901766372325
8797,129555,3,5.758126375591508
8798,129556,3,6.045584022732446
8799,129557,3,5.310644734789939
8800,129558,3,5.740244003774666
8801,129559,3,5.289389942635735
8802,129560,3,5.947460252068636
8803,129561,3,6.13583806586213
8804,129562,3,5.973596681894867
8805,129563,3,5.790702076841553
8806,129564,3,5.970141170119681
8807,129565,3,6.087547829201355
8808,129566,3,5.6787554592227805
8809,129567,3,5.442285952608872
8810,129568,3,5.8767691261360415
8811,129569,3,5.739284851628115
8812,129570,3,5.541683128351311
8813,129571,3,5.252185493250968
8814,129572,3,5.658239498926918
8815,129573,3,6.126388672457541
8816,129574,3,6.219103891527049
8817,129575,3,5.534304309800661
8818,129576,3,5.742639147161753
8819,129577,3,5.805965408423284
8820,129578,3,5.371807446141163
8821,129579,3,5.830556874927362
8822,129580,3,5.661080906385008
8823,129581,3,5.105211182636901
8824,129582,3,5.622374511511576
8825,129583,3,5.716838575025641
8826,129584,3,5.772569817305214
8827,129585,3,5.936150955542011
8828,129586,3,5.139381444507711
8829,129587,3,5.917550550639605
8830,129588,3,5.5516875854773895
8831,129589,3,5.403141390055273
8832,129590,3,5.5775834451833
8833,129591,3,5.982471988772673
8834,129592,3,5.94012003977359
8835,129593,3,4.965435455265602
8836,129594,3,5.663615615461658
8837,129595,3,5.724720436108396
8838,129596,3,5.770207236230066
8839,129597,3,5.512811394339532
8840,129598,3,5.881299311603268
8841,129599,3,5.769922494873745
8842,129600,3,5.840813472391175
8843,129601,3,5.598914776617983
8844,129602,3,5.731035678044975
8845,129603,3,5.760814764142425
8846,129604,3,5.505077752855132
8847,129605,3,5.759942083155122
8848,129606,3,5.839631828908132
8849,129607,3,5.455171907695672
8850,129608,3,5.637487399389238
8851,129609,3,5.616323170434772
8852,129610,3,5.615308045010677
8853,129611,3,5.892960074596722
8854,129612,3,5.497527157795879
8855,129613,3,2.993973739861682
8856,129614,3,5.464614754217742
8857,129615,3,5.51850088722892
8858,129616,3,6.2675846409715135
8859,129617,3,5.568747308405706
8860,129618,3,5.252621458575128
8861,129619,3,5.723819292278493
8862,129620,3,5.604267999474178
8863,129621,3,5.70040752101728
8864,129622,3,6.202034890652633
8865,129623,3,5.701734179977447
8866,129624,3,5.954738061190975
8867,129625,3,5.290511179733457
8868,129626,3,6.031562771735395
8869,129627,3,5.586149045193158
8870,129628,3,5.403357648968952
8871,129629,3,5.852960593600167
8872,129630,3,5.5697600104359495
8873,129631,3,6.084157143961113
8874,129632,3,6.027644012468365
8875,129633,3,6.007049030323092
8876,129634,3,5.615371993493183
8877,129635,3,5.710261529852421
8878,129636,3,5.772730212415523
8879,129637,3,5.705897292390395
8880,129638,3,5.6026167282294566
8881,129639,3,5.506620892865262
8882,129640,3,5.224009074845557
8883,129641,3,5.313733763755072
8884,129642,3,5.592677651616184
8885,129643,3,5.539581272797949
8886,129644,3,6.2407701397553925
8887,129645,3,5.867012573345437
8888,129646,3,5.8038457334799745
8889,129647,3,5.743638571411947
8890,129648,3,5.78181407861632
8891,129649,3,5.597335044539509
8892,129650,3,5.385834156778774
8893,129651,3,5.602287551750602
8894,129652,3,5.346554003813157
8895,129653,3,5.445447230653254
8896,129654,3,5.90038585945662
8897,129655,3,5.961115641534974
8898,129656,3,5.384841990188779
8899,129657,3,5.4489384201885445
8900,129658,3,5.729399991980262
8901,129659,3,5.580619390860537
8902,129660,3,5.628833400853315
8903,129661,3,5.791166044779711
8904,129662,3,5.5650446956637545
8905,129663,3,5.70972480953957
8906,129664,3,5.082933037901161
8907,129665,3,5.81364961459257
8908,129666,3,5.385911294161463
8909,129667,3,5.146715959079648
8910,129668,3,5.617412757555838
8911,129669,3,5.775301532888766
8912,129670,3,5.515069463959909
8913,129671,3,5.585665906150358
8914,129672,3,5.200887991008995
8915,129673,3,5.637906535936376
8916,129674,3,5.566223307869737
8917,129675,3,5.94436144748917
8918,129676,3,5.799143498226761
8919,129677,3,5.957308143718377
8920,129678,3,6.2256657990365305
8921,129679,3,5.097568567203721
8922,129680,3,5.573195646775335
8923,129681,3,5.513971679944832
8924,129682,3,5.376442300685248
8925,129683,3,5.171407287008745
8926,129684,3,6.166397650940276
8927,129685,3,5.6075269283815175
8928,129686,3,5.6205997249160555
8929,129687,3,5.500740559090749
8930,129688,3,5.592102525939027
8931,129689,3,5.559877364270605
8932,129690,3,5.476464883860789
8933,129691,3,5.130081770069385
8934,129692,3,5.25117143024729
8935,129693,3,5.6286681458945
8936,129694,3,5.287068732211556
8937,129695,3,5.696666521508484
8938,129696,3,5.916792338631479
8939,129697,3,5.569852667622959
8940,129698,3,5.057653122793542
8941,129699,3,5.525791886150914
8942,129700,3,5.8677990944986815
8943,129701,3,5.5945855657657475
8944,129702,3,5.532327274646201
8945,129703,3,5.398761682328793
8946,129704,3,5.713916768289417
8947,129705,3,5.711585508827468
8948,129706,3,5.618640626222753
8949,129707,3,5.5494720068943675
8950,129708,3,5.576382148465592
8951,129709,3,5.51174951180714
8952,129710,3,5.6313624428618025
8953,129711,3,5.146241168168458
8954,129712,3,5.179045373526343
8955,129713,3,5.827299005828802
8956,129714,3,5.585174792065816
8957,129715,3,5.684404566439447
8958,129716,3,5.357555039964225
8959,129717,3,4.960558201576049
8960,129718,3,5.69519927051113
8961,129719,3,5.5026754460963225
8962,129720,3,5.506908995044108
8963,129721,3,5.4850123668957265
8964,129722,3,5.541438083665859
8965,129723,3,4.859198529034977
8966,129724,3,5.539594993707452
8967,129725,3,5.178041090017955
8968,129726,3,5.49688542671955
8969,129727,3,5.6396479553533165
8970,129728,3,5.32749758705074
8971,129729,3,4.503504528941193
8972,129730,3,5.549466105349457
8973,129731,3,5.643477633340374
8974,129732,3,5.547752509212642
8975,129733,3,5.371864233135551
8976,129734,3,5.6666103038279605
8977,129735,3,5.309204705685536
8978,129736,3,5.1573393297865655
8979,129737,3,5.343187892560119
8980,129738,3,5.244851000765952
8981,129739,3,5.541486444721171
8982,129740,3,5.3875205865847775
8983,129741,3,5.398224108817553
8984,129742,3,5.459240817047267
8985,129743,3,5.3888897512067935
8986,129744,3,4.8333460869863805
8987,129745,3,5.39837042478282
8988,129746,3,5.2985329458337524
8989,129747,3,5.720721344395293
8990,129748,3,5.610345125505191
8991,129749,3,5.781893485711052
8992,129750,3,5.936598604335862
8993,129751,3,5.438641605613194
8994,129752,3,5.708741310887731
8995,129753,3,5.242218186764408
8996,129754,3,5.337242216433841
8997,129755,3,5.326953636061892
8998,129756,3,5.460981709995199
8999,129757,3,5.162004012872089
9000,129758,3,5.575457884833743
9001,129759,3,5.329043822513388
9002,129760,3,5.268292065959441
9003,129761,3,5.554299813727518
9004,129762,3,5.271411240888698
9005,129763,3,5.232637083554165
9006,129764,3,5.493584736573963
9007,129765,3,5.308550586416432
9008,129766,3,5.613977144146013
9009,129767,3,5.349384548530899
9010,129768,3,5.3918776616585955
9011,129769,3,5.539242255357078
9012,129770,3,6.03836910215775
9013,129771,3,5.741343954212041
9014,129772,3,5.491271833482605
9015,129773,3,5.200580096050046
9016,129774,3,5.164007205083401
9017,129775,3,5.536277969031208
9018,129776,3,5.7825623145357525
9019,129777,3,4.808088799341448
9020,129778,3,5.33735987912028
9021,129779,3,5.6671810230492
9022,129780,3,5.468666878941274
9023,129781,3,5.160769493167475
9024,129782,3,5.335542046738702
9025,129783,3,5.188671887190708
9026,129784,3,5.251414865603572
9027,129785,3,5.533842286792075
9028,129786,3,5.1365482998721586
9029,129787,3,5.0182410782535225
9030,129788,3,5.116985136253147
9031,129789,3,5.525862154639651
9032,129790,3,4.634782856036763
9033,129791,3,3.7893336036806398
9034,129792,3,5.428960016822858
9035,129793,3,4.975323273556118
9036,129794,3,5.34869972054501
9037,129795,3,5.183260272596122
9038,129796,3,5.393875264163807
9039,129797,3,5.291300351549667
9040,129798,3,5.205705995556688
9041,129799,3,5.58661883165962
9042,129800,3,5.578030415738944
9043,129801,3,5.427095076792126
9044,129802,3,5.210937578765445
9045,129803,3,5.19108279432554
9046,129804,3,5.456048506279554
9047,129805,3,5.005480896773902
9048,129806,3,5.135462489575812
9049,129807,3,5.379633974161101
9050,129808,3,5.564249529108105
9051,129809,3,5.555689912126297
9052,129810,3,5.055156598136133
9053,129811,3,5.97273914056875
9054,129812,3,5.799816379077449
9055,129813,3,5.1251326538200335
9056,129814,3,4.1870319829804
9057,129815,3,5.327351927836028
9058,129816,3,4.8261850581543815
9059,129817,3,5.072991691576512
9060,129818,3,4.681683862177579
9061,129819,3,5.180248674340291
9062,129820,3,5.199858470071109
9063,129821,3,5.315872773069246
9064,129822,3,5.129219782050422
9065,129823,3,5.480897825799561
9066,129824,3,5.270005352657367
9067,129825,3,5.435224491505984
9068,129826,3,5.392734257857507
9069,129827,3,5.185410443117306
9070,129828,3,4.864130085591064
9071,129829,3,4.786472862884009
9072,129830,3,5.304283263731765
9073,129831,3,5.24390097024379
9074,129832,3,5.3087789904454405
9075,129833,3,4.996981897100546
9076,129834,3,5.592149655259954
9077,129835,3,5.526715969088291
9078,129836,3,4.726628161089988
9079,129837,3,4.973365539229068
9080,129838,3,5.262134820780677
9081,129839,3,4.900737102305438
9082,129840,3,4.689712613803585
9083,129841,3,4.584213822265278
9084,129842,3,5.316620396513917
9085,129843,3,4.600226527965441
9086,129844,3,4.969093572181761
9087,129845,3,5.10899853631969
9088,129846,3,5.021013807983874
9089,129847,3,5.124769221566606
9090,129848,3,5.154272434124312
9091,129849,3,5.883766026277872
9092,129850,3,5.570598509635585
9093,129851,3,5.190827762368855
9094,129852,3,5.328805382321336
9095,129853,3,5.240451433497854
9096,129854,3,4.620319328313412
9097,129855,3,5.171375306578194
9098,129856,3,4.979880623704389
9099,129857,3,5.109584211817784
9100,129858,3,4.918642076446721
9101,129859,3,4.8653763015137965
9102,129860,3,4.987676130914819
9103,129861,3,5.2577563740353375
9104,129862,3,5.41751610777516
9105,129863,3,5.06999331943829
9106,129864,3,4.839952767651001
9107,129865,3,5.014579929666642
9108,129866,3,5.003308492100838
9109,129867,3,4.974890165047633
9110,129868,3,5.225428006617075
9111,129869,3,5.10040398529492
9112,129870,3,5.2528632294652144
9113,129871,3,5.2462950260931525
9114,129872,3,5.065442931114449
9115,129873,3,4.88086131412873
9116,129874,3,3.692108551164451
9117,129875,3,5.212345756211013
9118,129876,3,5.13350261188876
9119,129877,3,5.136089265258638
9120,129878,3,5.446572379852792
9121,129879,3,4.58132999763679
9122,129880,3,5.126119170888978
9123,129881,3,4.69814222614696
9124,129882,3,4.709688776139163
9125,129883,3,4.741085876408864
9126,129884,3,4.4779556438720505
9127,129885,3,5.165558293443057
9128,129886,3,5.128947812922124
9129,129887,3,5.168370278889066
9130,129888,3,4.805577237949821
9131,129889,3,5.021917882301497
9132,129890,3,4.938426937940394
9133,129891,3,4.7473192953745995
9134,129892,3,4.96279445947617
9135,129893,3,4.727609054719106
9136,129894,3,5.467002100729407
9137,129895,3,4.871927638817801
9138,129896,3,5.016920172183761
9139,129897,3,5.214290770047148
9140,129898,3,4.654047803061018
9141,129899,3,4.746363709733274
9142,129900,3,5.175257786839412
9143,129901,3,4.5349552562264
9144,129902,3,5.009959951998294
9145,129903,3,4.686493434342271
9146,129904,3,4.867788406081995
9147,129905,3,5.235023326568358
9148,129906,3,4.893673421201964
9149,129907,3,5.063103318546449
9150,129908,3,4.6816583612832705
9151,129909,3,4.794370586734568
9152,129910,3,4.811255978884507
9153,129911,3,4.89378105396342
9154,129912,3,4.821260781873047
9155,129913,3,4.89449610988607
9156,129914,3,5.239030075335637
9157,129915,3,4.851797738733188
9158,129916,3,5.098433114228744
9159,129917,3,4.859045416112245
9160,129918,3,4.941482772887008
9161,129919,3,4.9682889132048675
9162,129920,3,4.533590005422235
9163,129921,3,4.681700710386939
9164,129922,3,4.600076701806702
9165,129923,3,4.881970520121227
9166,129924,3,4.882655214394781
9167,129925,3,5.402977430759335
9168,129926,3,4.656057814586814
9169,129927,3,4.5080055334607
9170,129928,3,4.934577814689762
9171,129929,3,4.332146401670029
9172,129930,3,4.620943921457187
9173,129931,3,4.039152637189403
9174,129932,3,4.613254140957281
9175,129933,3,3.9101616143031586
9176,129934,3,4.948210636107647
9177,129935,3,4.464146863161082
9178,129936,3,4.5757376837102
9179,129937,3,5.3551139888722235
9180,129938,3,4.860911674490824
9181,129939,3,4.747010138615878
9182,129940,3,4.519439818502514
9183,129941,3,4.356133653749312
9184,129942,3,4.812655656984723
9185,129943,3,4.7809676312203155
9186,129944,3,4.54387185572539
9187,129945,3,4.814529201257405
9188,129946,3,4.76681012774735
9189,129947,3,4.8021322005038085
9190,129948,3,4.576785084706179
9191,129949,3,4.53624327842753
9192,129950,3,5.125503608665696
9193,129951,3,4.712045199479233
9194,129952,3,4.426451787062832
9195,129953,3,3.1492717155404004
9196,129954,3,4.39376516367559
9197,129955,3,4.722961451567444
9198,129956,3,4.451681727892424
9199,129957,3,4.062769806676291
9200,129958,3,4.313660618037104
9201,129959,3,4.839484721760526
9202,129960,3,4.095010839350834
9203,129961,3,4.413551863675748
9204,129962,3,4.721385927817061
9205,129963,3,4.008781563269405
9206,129964,3,4.473500264625647
9207,129965,3,4.733557030858976
9208,129966,3,4.364102790025013
9209,129967,3,4.410388637791918
9210,129968,3,4.483715329703233
9211,129969,3,3.9313037559306716
9212,129970,3,4.274340267736183
9213,129971,3,4.699954379738326
9214,129972,3,4.993770207636436
9215,129973,3,3.594144427966799
9216,129974,3,4.172826728687937
9217,129975,3,3.971432447024461
9218,129976,3,4.376713946487898
9219,129977,3,4.225692451834732
9220,129978,3,3.298630359759178
9221,129979,3,3.202499355984516
9222,129980,3,4.09034228163687
9223,129981,3,4.837964837958473
9224,129982,3,3.3371557257581723
9225,129983,3,3.844648545497472
9226,129984,3,3.517080907637066
9227,129985,3,4.171464702263407
9228,129986,3,3.80823927566512
9229,129987,3,4.439858413857609
9230,129988,3,2.669789446534578
9231,129989,3,4.12160544147274
9232,129990,3,3.869388251844764
9233,129991,3,3.208268215196468
9234,129992,3,3.5454295311893653
9235,129993,3,3.6174657877691976
9236,129994,3,3.7009920270322114
9237,129995,3,3.689842703258069
9238,129996,3,3.6374067837221533
9239,129997,3,3.290547209949746
9240,129998,3,3.094729428995086
9241,129999,3,3.4485859339427996
9242,130000,3,4.460635146113526
9243,130001,3,3.7914549826066493
9244,130002,3,3.1029403958047115
9245,130003,3,3.61687224788806
9246,130004,3,2.9587723956864345
9247,130005,3,3.0054620809221944
9248,130006,3,3.205411130345201
9249,130007,3,2.945396360872237
9250,130008,3,2.4092622349588657
9251,130009,3,3.033746911805648
9252,130010,3,3.3356860720649144
9253,130011,3,2.551016655401308
9254,130012,3,3.2890082704834827
9255,130013,3,2.2884991823533882
9256,130014,3,7.978649030979968
9257,130015,3,8.40105998766659
9258,130016,3,7.159363713846358
9259,130017,3,5.246467010733401
9260,130018,3,7.92865872669931
9261,130019,3,7.187276221972332
9262,130020,3,7.499270695484455
9263,130021,3,9.060303354888724
9264,130022,3,8.18248736952905
9265,130023,3,9.018887920723799
9266,130024,3,9.329292835106902
9267,130025,3,8.750603141901578
9268,130026,3,9.201666722543449
9269,130027,3,7.516753228328827
9270,130028,3,8.603804756492893
9271,130029,3,8.633025308856563
9272,130030,3,9.261707471081635
9273,130031,3,7.225649000551934
9274,130032,3,8.966812946546648
9275,130033,3,8.020320738990268
9276,130034,3,8.344123194413747
9277,130035,3,8.301704080840468
9278,130036,3,8.9437487210107
9279,130037,3,9.309148608490297
9280,130038,3,8.960321077707235
9281,130039,3,8.872602207357877
9282,130040,3,9.339685430522515
9283,130041,3,9.417982515349735
9284,130042,3,7.2525010818797275
9285,130043,3,9.321772102721408
9286,130044,3,9.240631100043606
9287,130045,3,8.688361823586494
9288,130046,3,8.89485406896225
9289,130047,3,9.196360493573275
9290,130048,3,8.663226402270265
9291,130049,3,9.139986292352724
9292,130050,3,9.286429542594645
9293,130051,3,9.117061458252422
9294,130052,3,9.376032191559409
9295,130053,3,9.143596610434944
9296,130054,3,8.741600417016569
9297,130055,3,9.159273357182578
9298,130056,3,9.173901885864815
9299,130057,3,8.996786415863847
9300,130058,3,9.12478371593975
9301,130059,3,9.013397225717904
9302,130060,3,8.962408925369084
9303,130061,3,8.436306964998385
9304,130062,3,7.060902157865142
9305,130063,3,9.245874543025614
9306,130064,3,8.882347901415715
9307,130065,3,8.39711425157184
9308,130066,3,9.185415526147937
9309,130067,3,9.293325337438272
9310,130068,3,9.135422416744825
9311,130069,3,8.793592011903057
9312,130070,3,8.802254999455002
9313,130071,3,9.327110258408307
9314,130072,3,9.264942785228033
9315,130073,3,9.267936569197051
9316,130074,3,9.352506709210992
9317,130075,3,9.321790106368939
9318,130076,3,8.79391178348406
9319,130077,3,8.188816996222814
9320,130078,3,9.08520231753436
9321,130079,3,8.341810611162135
9322,130080,3,9.280126090008007
9323,130081,3,8.817863112581536
9324,130082,3,9.327908716632242
9325,130083,3,9.114022441863593
9326,130084,3,8.858983682070171
9327,130085,3,8.842465070942868
9328,130086,3,9.15387967044796
9329,130087,3,9.242523645968255
9330,130088,3,9.16020852983655
9331,130089,3,8.174574503993608
9332,130090,3,9.03929362943159
9333,130091,3,9.07646886106088
9334,130092,3,9.060968390142822
9335,130093,3,9.248500042919204
9336,130094,3,8.571592994716767
9337,130095,3,9.033966162265811
9338,130096,3,8.861143401886931
9339,130097,3,9.27501261906607
9340,130098,3,9.174461284411102
9341,130099,3,8.588267967210921
9342,130100,3,9.033396160307102
9343,130101,3,8.861154779235598
9344,130102,3,9.174376138294392
9345,130103,3,7.65402300129655
9346,130104,3,8.98792529829457
9347,130105,3,8.901802832701362
9348,130106,3,8.933763020186952
9349,130107,3,9.25449400840643
9350,130108,3,8.947945526597227
9351,130109,3,8.501011534463291
9352,130110,3,8.965060154482728
9353,130111,3,9.186863690651819
9354,130112,3,9.307591554772205
9355,130113,3,9.015484749296856
9356,130114,3,8.180300250396101
9357,130115,3,9.10836498623047
9358,130116,3,8.574624458149229
9359,130117,3,8.83097034141855
9360,130118,3,7.723078843659227
9361,130119,3,8.335544988612952
9362,130120,3,8.803914297760448
9363,130121,3,9.049182370294417
9364,130122,3,9.029227680038261
9365,130123,3,9.055689437545322
9366,130124,3,8.958807506335145
9367,130125,3,8.958807506335145
9368,130126,3,8.991831949009793
9369,130127,3,8.834712184441301
9370,130128,3,8.589934320881662
9371,130129,3,9.296182215040329
9372,130130,3,9.052077419835925
9373,130131,3,9.188559932356679
9374,130132,3,9.328839155694645
9375,130133,3,8.888161774747676
9376,130134,3,8.14320900297071
9377,130135,3,8.76259303994006
9378,130136,3,8.92093535708349
9379,130137,3,8.169706999985182
9380,130138,3,8.90000689240105
9381,130139,3,8.741410539450982
9382,130140,3,8.486555103023392
9383,130141,3,8.087429397351364
9384,130142,3,8.961725143557654
9385,130143,3,8.984833863699745
9386,130144,3,8.984833863699745
9387,130145,3,9.196789293038698
9388,130146,3,8.772860503793911
9389,130147,3,9.177343946072742
9390,130148,3,8.68194844809932
9391,130149,3,8.739081952198834
9392,130150,3,9.294525471176106
9393,130151,3,8.778494463332636
9394,130152,3,9.08846367791536
9395,130153,3,8.967821121542915
9396,130154,3,8.477705007562522
9397,130155,3,8.006295675919999
9398,130156,3,9.035690305491688
9399,130157,3,9.31239543511086
9400,130158,3,9.277856780749685
9401,130159,3,8.527487809254977
9402,130160,3,9.212832305815366
9403,130161,3,8.976715024918422
9404,130162,3,8.833297027169984
9405,130163,3,8.234641450287452
9406,130164,3,7.8217358541069455
9407,130165,3,8.444992820338086
9408,130166,3,7.699082969868998
9409,130167,3,8.31132772445843
9410,130168,3,8.765545628987505
9411,130169,3,9.178048555443898
9412,130170,3,8.757231293583121
9413,130171,3,8.956675038207127
9414,130172,3,8.347119895143166
9415,130173,3,9.150830460453307
9416,130174,3,8.650878967076926
9417,130175,3,8.779064230918015
9418,130176,3,9.193091642257933
9419,130177,3,8.988376885260733
9420,130178,3,8.826276648353495
9421,130179,3,8.902231965032735
9422,130180,3,8.844517232076567
9423,130181,3,8.986514133830482
9424,130182,3,8.772191302775639
9425,130183,3,9.249439914864329
9426,130184,3,8.839732607850546
9427,130185,3,8.709738998333322
9428,130186,3,8.703339223040686
9429,130187,3,9.134228723998184
9430,130188,3,8.688257660355852
9431,130189,3,9.208281193732564
9432,130190,3,8.694665774046598
9433,130191,3,8.494351384125531
9434,130192,3,8.560922404092864
9435,130193,3,7.9044456406052825
9436,130194,3,8.269950553552048
9437,130195,3,8.12061588402372
9438,130196,3,9.058869767683781
9439,130197,3,8.690355086964633
9440,130198,3,8.918910310275841
9441,130199,3,8.299584387411882
9442,130200,3,8.948045752225834
9443,130201,3,8.696783846522031
9444,130202,3,8.396363645987952
9445,130203,3,7.180275973916914
9446,130204,3,8.97452080605899
9447,130205,3,8.955760320004444
9448,130206,3,8.64974761761267
9449,130207,3,8.696598193913278
9450,130208,3,8.638520826847216
9451,130209,3,8.892201198130664
9452,130210,3,8.439665101371668
9453,130211,3,8.755966746637066
9454,130212,3,8.045645108699436
9455,130213,3,8.538514330661336
9456,130214,3,8.313745485156524
9457,130215,3,8.601574414373337
9458,130216,3,9.26761903204352
9459,130217,3,8.664904541541542
9460,130218,3,7.817555440023212
9461,130219,3,9.197379136825237
9462,130220,3,8.300328928075487
9463,130221,3,9.282271356165653
9464,130222,3,8.814184559985128
9465,130223,3,8.966046299308859
9466,130224,3,8.713965574973251
9467,130225,3,8.193651684026701
9468,130226,3,7.69975483757285
9469,130227,3,8.880786710541912
9470,130228,3,8.880786710541912
9471,130229,3,8.70215842607968
9472,130230,3,9.127351703441663
9473,130231,3,8.714449476546736
9474,130232,3,8.731909811882755
9475,130233,3,8.75009516776759
9476,130234,3,9.022846478477767
9477,130235,3,8.517588452510314
9478,130236,3,8.951555638002265
9479,130237,3,8.743846380526051
9480,130238,3,9.358548929049014
9481,130239,3,8.24885757921564
9482,130240,3,8.29731316205172
9483,130241,3,8.06279401631876
9484,130242,3,8.49042787911499
9485,130243,3,8.576070648826091
9486,130244,3,9.066443499971545
9487,130245,3,8.890310828426609
9488,130246,3,8.654328138201903
9489,130247,3,8.614090979765379
9490,130248,3,8.650380788826721
9491,130249,3,9.102557671190237
9492,130250,3,8.60797038325965
9493,130251,3,8.626883855972608
9494,130252,3,8.645046448346958
9495,130253,3,8.611556214634657
9496,130254,3,8.58264156915632
9497,130255,3,8.662390736247898
9498,130256,3,8.855683835324044
9499,130257,3,8.82404022009098
9500,130258,3,8.6320275818419
9501,130259,3,7.82850746047987
9502,130260,3,8.531086238126031
9503,130261,3,8.687786142054922
9504,130262,3,7.396321969735654
9505,130263,3,8.576631752393585
9506,130264,3,8.667668394636495
9507,130265,3,8.81081106202862
9508,130266,3,8.896123401283335
9509,130267,3,8.397865452931265
9510,130268,3,8.565580359531742
9511,130269,3,8.463985699602693
9512,130270,3,8.220837004640655
9513,130271,3,8.659888465980346
9514,130272,3,8.488833965214987
9515,130273,3,8.15347900334011
9516,130274,3,8.797427203703014
9517,130275,3,8.647764205364803
9518,130276,3,7.396231235557279
9519,130277,3,8.90270997253614
9520,130278,3,8.36480115518445
9521,130279,3,8.940488695091634
9522,130280,3,8.411662230021875
9523,130281,3,8.522469255830691
9524,130282,3,9.152681485481743
9525,130283,3,8.539140106340765
9526,130284,3,8.680948433760141
9527,130285,3,9.274253076217231
9528,130286,3,8.492782437297826
9529,130287,3,8.462046366471334
9530,130288,3,7.215566676810614
9531,130289,3,7.932320152067534
9532,130290,3,8.67977145059593
9533,130291,3,8.758294271903061
9534,130292,3,8.858352128141824
9535,130293,3,8.645545425976621
9536,130294,3,7.828506065566859
9537,130295,3,8.722997517896385
9538,130296,3,8.66958944098467
9539,130297,3,7.532605572005342
9540,130298,3,8.506819045338855
9541,130299,3,8.302040289280033
9542,130300,3,8.402339450856353
9543,130301,3,8.87929103070154
9544,130302,3,8.679345082828927
9545,130303,3,8.579568838045459
9546,130304,3,8.303675113306095
9547,130305,3,8.253353533218364
9548,130306,3,7.695779518544664
9549,130307,3,7.629409234175121
9550,130308,3,8.752764236266028
9551,130309,3,8.520051628747366
9552,130310,3,9.170565445553315
9553,130311,3,8.581272325101876
9554,130312,3,8.452056052835404
9555,130313,3,8.800151132293546
9556,130314,3,9.001616795514769
9557,130315,3,7.994730997617957
9558,130316,3,8.664012251040877
9559,130317,3,8.854012717539904
9560,130318,3,8.30425589407132
9561,130319,3,8.446164319128977
9562,130320,3,8.782821820335114
9563,130321,3,8.621471009603136
9564,130322,3,7.3412736410765485
9565,130323,3,7.699377928235572
9566,130324,3,8.872120942024605
9567,130325,3,8.589678887398875
9568,130326,3,8.577331385046413
9569,130327,3,8.645527874348609
9570,130328,3,8.515967009972286
9571,130329,3,8.231884393679673
9572,130330,3,8.75706480182632
9573,130331,3,8.414893064720664
9574,130332,3,8.066038044490886
9575,130333,3,8.369074279739598
9576,130334,3,8.341648583476697
9577,130335,3,8.083534850735592
9578,130336,3,7.975475380392891
9579,130337,3,8.519990976487106
9580,130338,3,8.57427070700103
9581,130339,3,8.602875827839412
9582,130340,3,8.19059888370215
9583,130341,3,8.38560348834795
9584,130342,3,8.139129146504573
9585,130343,3,8.163744829690652
9586,130344,3,8.796616971066122
9587,130345,3,8.373439256611896
9588,130346,3,8.510689374578126
9589,130347,3,8.613714581940917
9590,130348,3,8.37877858714352
9591,130349,3,8.246559509746458
9592,130350,3,8.724373936330208
9593,130351,3,8.290828679738976
9594,130352,3,8.142117636159938
9595,130353,3,8.623094964874152
9596,130354,3,8.585504340422931
9597,130355,3,8.677494146543905
9598,130356,3,8.432651343269589
9599,130357,3,7.998333813714289
9600,130358,3,8.520607057926021
9601,130359,3,8.60871784912208
9602,130360,3,8.123976019516617
9603,130361,3,8.592003056754494
9604,130362,3,8.503797467148285
9605,130363,3,8.094593606135671
9606,130364,3,8.172027105138612
9607,130365,3,8.520604397632951
9608,130366,3,8.675504716900218
9609,130367,3,8.089927474215697
9610,130368,3,8.3751396031173
9611,130369,3,8.630104681496626
9612,130370,3,8.980953894622537
9613,130371,3,8.314700277752106
9614,130372,3,8.211436982495115
9615,130373,3,8.799638684653608
9616,130374,3,8.508622713124115
9617,130375,3,8.562145822466661
9618,130376,3,8.442701144785616
9619,130377,3,9.10664840871338
9620,130378,3,8.716913680420358
9621,130379,3,8.569106394814677
9622,130380,3,8.538500741498943
9623,130381,3,8.709282255559701
9624,130382,3,8.62483402376484
9625,130383,3,8.136854418305523
9626,130384,3,8.619175368528072
9627,130385,3,7.550286594504731
9628,130386,3,8.495774302573052
9629,130387,3,8.218885308928481
9630,130388,3,8.221005327546035
9631,130389,3,8.347307258498478
9632,130390,3,8.471545143872703
9633,130391,3,8.722246140202456
9634,130392,3,8.098270691267835
9635,130393,3,8.103255668326545
9636,130394,3,8.025306547806816
9637,130395,3,8.719102169617761
9638,130396,3,7.511063415332642
9639,130397,3,7.158494511621016
9640,130398,3,8.207583061589746
9641,130399,3,8.309657085918719
9642,130400,3,7.845440126256494
9643,130401,3,8.153464861939405
9644,130402,3,8.272727494948168
9645,130403,3,8.752496190142892
9646,130404,3,8.470108449522106
9647,130405,3,7.793466440651603
9648,130406,3,7.93533158280571
9649,130407,3,8.316508055576254
9650,130408,3,8.02874303264493
9651,130409,3,8.45512339733611
9652,130410,3,8.296159283626809
9653,130411,3,8.032989085222749
9654,130412,3,8.612388455983519
9655,130413,3,8.408457018726216
9656,130414,3,8.26435523370898
9657,130415,3,8.45686270405692
9658,130416,3,8.11419237122269
9659,130417,3,7.774542062896893
9660,130418,3,8.89049712398953
9661,130419,3,7.934669400667267
9662,130420,3,7.915801487025719
9663,130421,3,8.169090428017201
9664,130422,3,8.917790227767053
9665,130423,3,8.235016056097221
9666,130424,3,8.213132102608418
9667,130425,3,7.3030208486804575
9668,130426,3,8.23577698646927
9669,130427,3,7.564515594885231
9670,130428,3,7.597212865407363
9671,130429,3,8.457499712029776
9672,130430,3,8.382968986024018
9673,130431,3,8.658549337390884
9674,130432,3,8.402574908201478
9675,130433,3,8.101062397956252
9676,130434,3,8.45855348829776
9677,130435,3,8.23669713120514
9678,130436,3,8.252794453363142
9679,130437,3,7.657085843261218
9680,130438,3,8.0639582820274
9681,130439,3,8.403704111217667
9682,130440,3,8.73956687656428
9683,130441,3,8.528847658290157
9684,130442,3,8.263882839277581
9685,130443,3,8.214748634306314
9686,130444,3,8.501278824963277
9687,130445,3,8.509500658375224
9688,130446,3,7.955200986959737
9689,130447,3,8.365737590468225
9690,130448,3,8.009463394016807
9691,130449,3,6.2241378658856075
9692,130450,3,8.427276108211931
9693,130451,3,8.301728922933465
9694,130452,3,8.361377139392435
9695,130453,3,7.953193795610911
9696,130454,3,8.022371933947792
9697,130455,3,8.174760431405494
9698,130456,3,7.87528880603724
9699,130457,3,7.978747816834665
9700,130458,3,8.34929656102538
9701,130459,3,7.569848428773524
9702,130460,3,8.190096145297614
9703,130461,3,7.761828325319879
9704,130462,3,8.556048181261716
9705,130463,3,8.111651982409859
9706,130464,3,7.721021737676382
9707,130465,3,8.251732387138944
9708,130466,3,8.150616707266803
9709,130467,3,8.156525101023277
9710,130468,3,8.122869728150336
9711,130469,3,8.61892048417224
9712,130470,3,8.086575652488339
9713,130471,3,8.58864447063102
9714,130472,3,8.001706290002799
9715,130473,3,7.988053744152559
9716,130474,3,8.308194485339397
9717,130475,3,8.248228964433398
9718,130476,3,7.286986324000958
9719,130477,3,8.53954518982792
9720,130478,3,7.271092366591492
9721,130479,3,7.9062549816291
9722,130480,3,7.68943576029257
9723,130481,3,7.929627809131156
9724,130482,3,7.828235810448317
9725,130483,3,7.728815778665139
9726,130484,3,7.832064287848674
9727,130485,3,7.782276542026298
9728,130486,3,7.716358731866853
9729,130487,3,7.67527547178347
9730,130488,3,7.356903054730937
9731,130489,3,8.123527798780696
9732,130490,3,8.384479583982374
9733,130491,3,8.317765681541712
9734,130492,3,8.42913326327425
9735,130493,3,7.453224909897265
9736,130494,3,8.42501441076682
9737,130495,3,8.005181860242228
9738,130496,3,7.527531665346193
9739,130497,3,8.217731827132754
9740,130498,3,8.169432487674541
9741,130499,3,8.03896070808381
9742,130500,3,8.460760651499083
9743,130501,3,8.160289631013958
9744,130502,3,7.647292955272551
9745,130503,3,8.110452961188454
9746,130504,3,7.421926232565843
9747,130505,3,7.473380436326559
9748,130506,3,7.517109554444658
9749,130507,3,8.18832216221243
9750,130508,3,7.566316125636785
9751,130509,3,7.714013569727243
9752,130510,3,6.988426227399697
9753,130511,3,8.679994314262986
9754,130512,3,7.847887176445022
9755,130513,3,7.65493329275304
9756,130514,3,7.791109710912717
9757,130515,3,7.734271326934619
9758,130516,3,8.4732317046617
9759,130517,3,8.146134527816981
9760,130518,3,8.304384174342374
9761,130519,3,7.721322739993155
9762,130520,3,8.524343337354196
9763,130521,3,8.36257533662305
9764,130522,3,8.18154578508577
9765,130523,3,7.387380294848161
9766,130524,3,7.5211884478741045
9767,130525,3,6.521519990757979
9768,130526,3,8.109392104619243
9769,130527,3,7.411524475493515
9770,130528,3,7.622802152193757
9771,130529,3,7.787218974979112
9772,130530,3,8.12740931574578
9773,130531,3,8.138606191235795
9774,130532,3,6.988217471996746
9775,130533,3,7.943909458004994
9776,130534,3,6.868229339128813
9777,130535,3,7.572793790195577
9778,130536,3,7.331887497247733
9779,130537,3,8.116305244488306
9780,130538,3,8.393775983674544
9781,130539,3,8.722330356752206
9782,130540,3,8.00358671865364
9783,130541,3,7.81126030667475
9784,130542,3,7.77153065103885
9785,130543,3,8.606674164360388
9786,130544,3,8.072931939694406
9787,130545,3,7.379810930608126
9788,130546,3,6.10760793063395
9789,130547,3,7.595931174680712
9790,130548,3,7.831328518817415
9791,130549,3,7.859864554209031
9792,130550,3,7.908414178775645
9793,130551,3,7.817644168598907
9794,130552,3,7.297823276012743
9795,130553,3,8.22050485877013
9796,130554,3,8.17023402116336
9797,130555,3,7.687508832082506
9798,130556,3,7.681479486051066
9799,130557,3,6.912314023518518
9800,130558,3,7.727691652050119
9801,130559,3,8.284714566993648
9802,130560,3,7.830622337922844
9803,130561,3,7.456493853663484
9804,130562,3,7.112152273902935
9805,130563,3,7.767722288782016
9806,130564,3,8.236540073009573
9807,130565,3,7.317478230659072
9808,130566,3,7.204349449542761
9809,130567,3,7.572705117765707
9810,130568,3,7.079136236153248
9811,130569,3,7.660403375761918
9812,130570,3,7.307354923688061
9813,130571,3,8.0347286319508
9814,130572,3,8.233930015488166
9815,130573,3,7.31351295901706
9816,130574,3,7.465256631533014
9817,130575,3,7.310350566782092
9818,130576,3,8.562520012773067
9819,130577,3,7.447352260598995
9820,130578,3,6.997540555182849
9821,130579,3,7.896582676056968
9822,130580,3,7.632563594675506
9823,130581,3,7.350856758604595
9824,130582,3,7.620469005759565
9825,130583,3,7.614084712083248
9826,130584,3,7.998138601001864
9827,130585,3,7.37204618707483
9828,130586,3,7.4672700059874675
9829,130587,3,7.395130989316596
9830,130588,3,8.142727318342441
9831,130589,3,7.819574072286174
9832,130590,3,7.523912655139653
9833,130591,3,8.19310274867826
9834,130592,3,8.621308337185715
9835,130593,3,8.112318464372747
9836,130594,3,7.31180035667147
9837,130595,3,7.9443341942413195
9838,130596,3,7.638482435853232
9839,130597,3,7.40266070217668
9840,130598,3,8.067816172807278
9841,130599,3,7.062249370330068
9842,130600,3,7.558148502815679
9843,130601,3,7.850006223302243
9844,130602,3,7.762732508014842
9845,130603,3,7.443029695778176
9846,130604,3,6.98928467025763
9847,130605,3,7.732982866151456
9848,130606,3,7.464213136040871
9849,130607,3,7.667894706807886
9850,130608,3,7.096559825750324
9851,130609,3,8.767810882730046
9852,130610,3,7.4321423843544085
9853,130611,3,7.986354416013421
9854,130612,3,8.346669143902547
9855,130613,3,7.841136754588504
9856,130614,3,7.969740523428904
9857,130615,3,7.923738986525828
9858,130616,3,8.362877383815317
9859,130617,3,8.27183442619242
9860,130618,3,7.975722261155993
9861,130619,3,7.7488796197278695
9862,130620,3,7.334236837447075
9863,130621,3,8.116990230367765
9864,130622,3,6.949854225563129
9865,130623,3,7.064680674479654
9866,130624,3,7.422567467684298
9867,130625,3,7.6538567924471925
9868,130626,3,8.101605492917908
9869,130627,3,8.642026389110667
9870,130628,3,8.029261696431902
9871,130629,3,8.221240564576926
9872,130630,3,6.818912268448797
9873,130631,3,7.516457137881442
9874,130632,3,7.897133074958011
9875,130633,3,7.000135848577662
9876,130634,3,7.285194312091597
9877,130635,3,7.256256066183998
9878,130636,3,7.846502273948715
9879,130637,3,8.0662686342869
9880,130638,3,7.124253861670366
9881,130639,3,7.96433060868876
9882,130640,3,7.486391270351396
9883,130641,3,7.262208909752495
9884,130642,3,7.262208909752495
9885,130643,3,7.6358389864892064
9886,130644,3,8.678552612004504
9887,130645,3,8.096777100488252
9888,130646,3,7.433516683019539
9889,130647,3,6.381715699641685
9890,130648,3,7.830245837117875
9891,130649,3,7.836103398074545
9892,130650,3,7.312419473374145
9893,130651,3,7.488011815597976
9894,130652,3,7.524809970582785
9895,130653,3,7.148399811016706
9896,130654,3,8.07744896553171
9897,130655,3,7.275042667160751
9898,130656,3,8.162953884989784
9899,130657,3,7.6847359416296825
9900,130658,3,8.150837710355287
9901,130659,3,7.199756383648028
9902,130660,3,7.382101009050184
9903,130661,3,6.928342587015458
9904,130662,3,7.03131476356777
9905,130663,3,6.7033163897706585
9906,130664,3,7.803022961438822
9907,130665,3,6.6673197076874535
9908,130666,3,6.633602391737773
9909,130667,3,8.198150306701315
9910,130668,3,7.597696588511759
9911,130669,3,7.0205154664195675
9912,130670,3,7.219516141486509
9913,130671,3,7.6114718846854155
9914,130672,3,7.670120831039628
9915,130673,3,7.2685190399799415
9916,130674,3,6.759389957510963
9917,130675,3,6.519323746267116
9918,130676,3,8.284126612099826
9919,130677,3,8.48309256220977
9920,130678,3,7.199884946588265
9921,130679,3,7.2086738772436565
9922,130680,3,7.766225619965538
9923,130681,3,7.200109296077584
9924,130682,3,6.993237943811288
9925,130683,3,7.122492449326628
9926,130684,3,8.039946032105737
9927,130685,3,6.906679794012038
9928,130686,3,7.1231077421235565
9929,130687,3,7.649987838922562
9930,130688,3,7.16983270318743
9931,130689,3,7.030096762918547
9932,130690,3,6.663511707555612
9933,130691,3,6.446053499772454
9934,130692,3,8.058075233933975
9935,130693,3,6.758002655419216
9936,130694,3,7.210164842152422
9937,130695,3,7.8146602190082595
9938,130696,3,7.190087030209078
9939,130697,3,6.746503380515899
9940,130698,3,6.5033273028548235
9941,130699,3,6.678212416085959
9942,130700,3,7.295504420156293
9943,130701,3,7.452954931065756
9944,130702,3,7.266690070626264
9945,130703,3,6.819992076048209
9946,130704,3,6.670219004367288
9947,130705,3,7.037435540167317
9948,130706,3,6.6547189659148644
9949,130707,3,6.447650656786643
9950,130708,3,8.38741421892358
9951,130709,3,7.147228679816796
9952,130710,3,6.75414305277681
9953,130711,3,7.345454183800554
9954,130712,3,8.063796779160711
9955,130713,3,8.37355674203639
9956,130714,3,7.814133271754573
9957,130715,3,6.931640332347448
9958,130716,3,6.684736009952902
9959,130717,3,6.977079297581311
9960,130718,3,6.3333635718874435
9961,130719,3,6.438586529062245
9962,130720,3,6.503101267999286
9963,130721,3,6.558262953781395
9964,130722,3,7.538628351481313
9965,130723,3,6.976727502622809
9966,130724,3,6.836659878258131
9967,130725,3,6.786328483052184
9968,130726,3,6.588015411300724
9969,130727,3,6.564662356912876
9970,130728,3,7.603155826550809
9971,130729,3,7.433060796670331
9972,130730,3,6.639414714044849
9973,130731,3,6.628899378684737
9974,130732,3,7.11886606932846
9975,130733,3,6.6140011927210836
9976,130734,3,6.103998180552953
9977,130735,3,6.455917951614951
9978,130736,3,5.470632048338269
9979,130737,3,6.39915241865871
9980,130738,3,6.513452879601701
9981,130739,3,7.028591159081318
9982,130740,3,6.4470588718734225
9983,130741,3,7.690101709869181
9984,130742,3,6.823062767191879
9985,130743,3,6.207059171179772
9986,130744,3,7.129073386237903
9987,130745,3,5.912473874144652
9988,130746,3,6.327289345746308
9989,130747,3,8.337951616603547
9990,130748,3,7.25949481410043
9991,130749,3,6.502881434136736
9992,130750,3,6.22709425988213
9993,130751,3,6.474349066698005
9994,130752,3,7.221319634898435
9995,130753,3,5.2996806646566945
9996,130754,3,5.761340195411156
9997,130755,3,6.381891707173281
9998,130756,3,6.738464929736999
9999,130757,3,6.877084596509807
10000,130758,3,5.6478909066385885
10001,130759,3,6.5853824379058254
10002,130760,3,7.6503324040972265
10003,130761,3,6.409268640669661
10004,130762,3,6.172355536920506
10005,130763,3,6.757044072499188
10006,130764,3,5.5110420928985
10007,130765,3,6.680800185527179
10008,130766,3,7.332534379753554
10009,130767,3,6.8970248137349435
10010,130768,3,6.561467537903662
10011,130769,3,7.59964609815371
10012,130770,3,6.095478657946121
10013,130771,3,7.712998494508605
10014,130772,3,7.874680005432669
10015,130773,3,6.000256252536632
10016,130774,3,6.454247140655898
10017,130775,3,6.139382677140884
10018,130776,3,5.332953452914473
10019,130777,3,5.526642435967368
10020,130778,3,6.7657127191167765
10021,130779,3,6.316807290814256
10022,130780,3,6.110331617275191
10023,130781,3,6.437565185498775
10024,130782,3,5.63559033188892
10025,130783,3,6.347293246751254
10026,130784,3,6.013063161238155
10027,130785,3,7.861618848333526
10028,130786,3,6.943726837477268
10029,130787,3,5.964427719162959
10030,130788,3,6.2474514870446125
10031,130789,3,5.7380090029156126
10032,130790,3,5.918679677579352
10033,130791,3,5.946038315818393
10034,130792,3,5.812865802891276
10035,130793,3,5.744785223785902
10036,130794,3,5.816693668090964
10037,130795,3,5.669952157244445
10038,130796,3,5.971647806872156
10039,130797,3,5.7974942755567405
10040,130798,3,6.153545923393377
10041,130799,3,5.658260375751872
10042,130800,3,5.138202003372066
10043,130801,3,6.4747608071169385
10044,130802,3,5.520424509996837
10045,130803,3,4.796331154147071
10046,130804,3,5.152862741874304
10047,130805,3,5.7126286800546975
10048,130806,3,4.9795725988304875
10049,130807,3,7.957898560218371
10050,130808,3,6.519630485163508
10051,130809,3,7.867264471799808
10052,130810,3,5.410310689608943
10053,130811,3,5.058397712722387
10054,130812,3,5.173291523116589
10055,130813,3,5.193096293027687
10056,130814,3,3.2062455857723786
10057,130815,3,4.772945755823024
10058,130816,3,3.0506783197017127
10059,130817,3,5.088685667550257
10060,130818,3,4.545906045933934
10061,130819,3,4.910276221059713
10062,130820,3,4.744298766766336
10063,130821,3,5.3971253653537365
10064,130822,3,4.315439855692825
10065,130823,3,3.0338574600000427
10066,130824,3,4.164647936045185
10067,130825,3,4.872768351956108
10068,130826,3,4.54229790019653
10069,130827,3,3.9257453289459265
10070,130828,3,2.9989162096353645
10071,130829,3,3.8010179160595348
10072,130830,3,2.910237338997923
10073,130831,3,3.1260678777360047
10074,130832,3,2.996201836951549
10075,130833,3,2.72648300795342
10076,130834,3,3.3612184934593743
10077,130835,3,2.699280985444171
10078,130836,3,2.879941823072797
10079,130837,3,3.33267202575907
10080,130838,3,3.2493879019578933
10081,130839,3,3.270987208976036
10082,130840,3,9.024312191822421
10083,130841,3,9.367690501273156
10084,130842,3,9.219869046528645
10085,130843,3,9.16949045792688
10086,130844,3,9.056654424761918
10087,130845,3,9.167841402851765
10088,130846,3,9.274936040731843
10089,130847,3,8.930852035347334
10090,130848,3,9.00813291260461
10091,130849,3,9.1353987602004
10092,130850,3,9.175522474929782
10093,130851,3,8.772484904626918
10094,130852,3,8.94029131810979
10095,130853,3,8.986428701355027
10096,130854,3,8.842375463428958
10097,130855,3,8.905517658628387
10098,130856,3,9.007542080018727
10099,130857,3,8.96399230902569
10100,130858,3,9.050655527734104
10101,130859,3,8.825731053418668
10102,130860,3,9.156023911804402
10103,130861,3,9.066321521881246
10104,130862,3,8.617685265257446
10105,130863,3,8.746251091697706
10106,130864,3,9.021945837614384
10107,130865,3,8.963154864856207
10108,130866,3,8.844886759699186
10109,130867,3,8.567603459085962
10110,130868,3,8.96851290004851
10111,130869,3,9.115190579226116
10112,130870,3,8.995874901797004
10113,130871,3,8.998864849101656
10114,130872,3,9.10541229508853
10115,130873,3,9.064601664615068
10116,130874,3,8.998748839152132
10117,130875,3,9.061320284526685
10118,130876,3,9.105924317040403
10119,130877,3,8.64313541898684
10120,130878,3,9.167499368007451
10121,130879,3,8.630015524113212
10122,130880,3,8.688314264178327
10123,130881,3,8.78557834495231
10124,130882,3,9.145987592597173
10125,130883,3,8.963594917362675
10126,130884,3,8.760464875846868
10127,130885,3,9.191537517728062
10128,130886,3,8.798674900778328
10129,130887,3,8.986510571630198
10130,130888,3,9.0560325503777
10131,130889,3,9.027301523864192
10132,130890,3,8.97766453578382
10133,130891,3,8.516166235156449
10134,130892,3,9.155087944214564
10135,130893,3,9.105723170909599
10136,130894,3,8.68795420210419
10137,130895,3,9.090383950079447
10138,130896,3,8.713583002659902
10139,130897,3,9.078906364632063
10140,130898,3,8.948147090587689
10141,130899,3,8.772242142732908
10142,130900,3,9.00139362408607
10143,130901,3,8.814942503310894
10144,130902,3,8.814942503310894
10145,130903,3,8.905471437519022
10146,130904,3,8.714034721470547
10147,130905,3,8.779685601251284
10148,130906,3,8.66376549833896
10149,130907,3,8.997911997300172
10150,130908,3,8.900955237291654
10151,130909,3,7.848332531913857
10152,130910,3,8.78802807688774
10153,130911,3,8.767133971838934
10154,130912,3,9.149008857487761
10155,130913,3,8.898739525894705
10156,130914,3,8.457830473732674
10157,130915,3,8.475765601024168
10158,130916,3,8.960008063205912
10159,130917,3,8.949202499682047
10160,130918,3,8.242131404798679
10161,130919,3,8.941942989080612
10162,130920,3,8.810743667858649
10163,130921,3,8.844366739322883
10164,130922,3,8.504151134264738
10165,130923,3,8.635076972680437
10166,130924,3,8.645596532740335
10167,130925,3,8.587712516520732
10168,130926,3,8.531958506186863
10169,130927,3,8.722500542819864
10170,130928,3,8.371661298403229
10171,130929,3,8.738402802023689
10172,130930,3,8.873195542723623
10173,130931,3,8.478995065861028
10174,130932,3,8.603751173604499
10175,130933,3,9.020294543972277
10176,130934,3,8.802501833604062
10177,130935,3,7.911172231792454
10178,130936,3,8.797294683709021
10179,130937,3,8.555960236089913
10180,130938,3,8.751639446519475
10181,130939,3,8.333766875171051
10182,130940,3,8.923937652211041
10183,130941,3,8.738096287486835
10184,130942,3,8.541722827854082
10185,130943,3,8.929887359953195
10186,130944,3,8.043297913297643
10187,130945,3,8.414518329004814
10188,130946,3,8.763973885208717
10189,130947,3,8.809250874659895
10190,130948,3,8.90440551090878
10191,130949,3,8.551940807678143
10192,130950,3,7.988677677431617
10193,130951,3,8.836702782279641
10194,130952,3,8.455487475964192
10195,130953,3,7.90758787962663
10196,130954,3,8.481545905957299
10197,130955,3,8.104030422495894
10198,130956,3,8.432061717847937
10199,130957,3,8.772573048123206
10200,130958,3,8.14929360623561
10201,130959,3,8.642601427832002
10202,130960,3,8.994838538886999
10203,130961,3,8.988866848361635
10204,130962,3,8.674675486836117
10205,130963,3,8.674675486836117
10206,130964,3,8.529996719496282
10207,130965,3,8.245278195194533
10208,130966,3,8.631912206120617
10209,130967,3,8.599681643592337
10210,130968,3,8.011684009192283
10211,130969,3,8.342491183480409
10212,130970,3,8.90850185694999
10213,130971,3,8.564108340236244
10214,130972,3,8.989396313003994
10215,130973,3,7.879373684837224
10216,130974,3,8.958875131465657
10217,130975,3,8.865257918896893
10218,130976,3,8.705257084329286
10219,130977,3,8.476803527830969
10220,130978,3,8.56609795420611
10221,130979,3,8.422377740284182
10222,130980,3,8.18011927863461
10223,130981,3,8.50445158749909
10224,130982,3,8.60319055416888
10225,130983,3,8.075517867640768
10226,130984,3,8.704171075593539
10227,130985,3,8.670629959540348
10228,130986,3,7.892187191315658
10229,130987,3,8.367601786349995
10230,130988,3,8.146644686837337
10231,130989,3,9.031896874221365
10232,130990,3,8.352356383197487
10233,130991,3,8.903220449787954
10234,130992,3,8.077449292167353
10235,130993,3,8.338091674180852
10236,130994,3,8.476609130778261
10237,130995,3,8.827961099114535
10238,130996,3,8.653101061964396
10239,130997,3,7.8727644909958565
10240,130998,3,8.326577838095583
10241,130999,3,7.454622388943195
10242,131000,3,8.183069779068457
10243,131001,3,8.719968430506865
10244,131002,3,8.35512254004821
10245,131003,3,8.677219609578982
10246,131004,3,8.653625098075743
10247,131005,3,8.712444103759747
10248,131006,3,8.818372984408036
10249,131007,3,8.047003644952222
10250,131008,3,8.166832465812357
10251,131009,3,8.25552192476433
10252,131010,3,8.776592708321807
10253,131011,3,8.435835680061405
10254,131012,3,7.989192715707716
10255,131013,3,9.039454671102794
10256,131014,3,8.09931563254055
10257,131015,3,9.102000241212396
10258,131016,3,8.391868910260424
10259,131017,3,8.454917928451017
10260,131018,3,8.98056894102938
10261,131019,3,5.718067213970705
10262,131020,3,8.53583134609583
10263,131021,3,8.534147803351027
10264,131022,3,8.13552415922212
10265,131023,3,8.659657119612707
10266,131024,3,7.8526837377751955
10267,131025,3,8.120459680810434
10268,131026,3,8.856335369708871
10269,131027,3,8.529526852705976
10270,131028,3,8.540698927122449
10271,131029,3,8.206715846679273
10272,131030,3,7.760864726287185
10273,131031,3,8.760439580370985
10274,131032,3,7.7467107747569255
10275,131033,3,7.755369234456543
10276,131034,3,8.144802869395711
10277,131035,3,7.599736276068178
10278,131036,3,8.719696401023587
10279,131037,3,8.362465152446724
10280,131038,3,8.467077651812648
10281,131039,3,8.570669646053515
10282,131040,3,7.421581477108296
10283,131041,3,8.155291194125306
10284,131042,3,8.0703271029283
10285,131043,3,8.080100094216496
10286,131044,3,8.379630620198444
10287,131045,3,7.863649034117014
10288,131046,3,8.068599531869209
10289,131047,3,7.7815216260772555
10290,131048,3,7.8977496719478015
10291,131049,3,8.375389138683996
10292,131050,3,8.546498554165346
10293,131051,3,8.055523265695202
10294,131052,3,7.398941454498609
10295,131053,3,7.67434443145494
10296,131054,3,8.29338520157069
10297,131055,3,8.358773543734484
10298,131056,3,8.234868908086577
10299,131057,3,8.129607938445979
10300,131058,3,8.187162976705851
10301,131059,3,8.960211548753716
10302,131060,3,8.531448072955872
10303,131061,3,8.62995467148939
10304,131062,3,8.024643645535116
10305,131063,3,8.007625353994058
10306,131064,3,8.274971091453722
10307,131065,3,8.464346629539762
10308,131066,3,8.287447927633815
10309,131067,3,8.329750519603643
10310,131068,3,8.143605768489746
10311,131069,3,8.037082306880896
10312,131070,3,7.7341269245407425
10313,131071,3,7.838348042093808
10314,131072,3,8.114090821191901
10315,131073,3,8.246813981300548
10316,131074,3,8.32723987181043
10317,131075,3,8.142438212979556
10318,131076,3,8.649463977065484
10319,131077,3,8.188763737478158
10320,131078,3,7.922905235109758
10321,131079,3,7.831655448126139
10322,131080,3,7.750145205988424
10323,131081,3,7.537171454448415
10324,131082,3,5.653456927292332
10325,131083,3,7.852902607647962
10326,131084,3,8.018056321791468
10327,131085,3,8.22297260666521
10328,131086,3,8.539701690462046
10329,131087,3,8.250083228757427
10330,131088,3,7.533988275574313
10331,131089,3,8.376078794744828
10332,131090,3,7.905481739052269
10333,131091,3,7.9858143497763665
10334,131092,3,7.771285746553745
10335,131093,3,8.197783341034965
10336,131094,3,8.708900269722182
10337,131095,3,7.881962381714322
10338,131096,3,7.70856757582678
10339,131097,3,7.70856757582678
10340,131098,3,7.315329410021469
10341,131099,3,7.836506990228745
10342,131100,3,7.35222072532795
10343,131101,3,8.011936772269518
10344,131102,3,8.0669914554862
10345,131103,3,7.827593447723996
10346,131104,3,6.624107559607665
10347,131105,3,8.312904375027813
10348,131106,3,7.86515174951882
10349,131107,3,7.374421158547257
10350,131108,3,8.37637951963661
10351,131109,3,7.7662739110109476
10352,131110,3,7.67004065608856
10353,131111,3,7.8592394518534645
10354,131112,3,8.109425127451317
10355,131113,3,7.474486947021897
10356,131114,3,7.9243281007435495
10357,131115,3,7.745346134335428
10358,131116,3,7.552103860205784
10359,131117,3,8.445080866084957
10360,131118,3,7.967849115267915
10361,131119,3,7.306829309566738
10362,131120,3,8.330431708982188
10363,131121,3,8.33901498058677
10364,131122,3,7.789879049447161
10365,131123,3,7.433525131981003
10366,131124,3,8.108740622025307
10367,131125,3,7.58605058060375
10368,131126,3,5.73416569529782
10369,131127,3,7.9032876025314165
10370,131128,3,7.589084261827707
10371,131129,3,7.745875051322553
10372,131130,3,8.22721717664712
10373,131131,3,7.120473181898686
10374,131132,3,6.052295787980121
10375,131133,3,8.25067538229434
10376,131134,3,7.584523307444356
10377,131135,3,8.355358521196854
10378,131136,3,8.163093937534438
10379,131137,3,7.5119872111630865
10380,131138,3,6.771192378956927
10381,131139,3,7.203910998564635
10382,131140,3,6.752333437059175
10383,131141,3,7.913292632820148
10384,131142,3,6.990496520395104
10385,131143,3,7.243542098336547
10386,131144,3,7.204594308215572
10387,131145,3,7.596347287792352
10388,131146,3,7.497304678731878
10389,131147,3,8.089186737883631
10390,131148,3,8.015430792389495
10391,131149,3,7.065667852562238
10392,131150,3,7.893769398852883
10393,131151,3,7.551358966851358
10394,131152,3,7.047416670403685
10395,131153,3,7.128867514456472
10396,131154,3,7.7095314333106195
10397,131155,3,7.064105080756825
10398,131156,3,7.619775112378733
10399,131157,3,7.861448200189902
10400,131158,3,7.350761719999716
10401,131159,3,7.216065227566551
10402,131160,3,6.93544290482153
10403,131161,3,7.0526761352168785
10404,131162,3,6.9990877245186
10405,131163,3,7.801965554812828
10406,131164,3,5.438846266819613
10407,131165,3,7.13722290229136
10408,131166,3,6.743037774143592
10409,131167,3,6.853667714407208
10410,131168,3,7.311686991324208
10411,131169,3,7.419578344765385
10412,131170,3,7.53267330670356
10413,131171,3,7.176720393814644
10414,131172,3,7.060177252029231
10415,131173,3,6.587790469728189
10416,131174,3,7.485189445166909
10417,131175,3,7.7406650874933955
10418,131176,3,7.241335834013326
10419,131177,3,7.552973145932496
10420,131178,3,6.973655985777076
10421,131179,3,6.5769964761606134
10422,131180,3,7.081912892570566
10423,131181,3,7.289053097303979
10424,131182,3,7.946197277551708
10425,131183,3,6.826295486395923
10426,131184,3,6.933095236887409
10427,131185,3,6.658584152745276
10428,131186,3,7.175188347791086
10429,131187,3,6.513025958767989
10430,131188,3,6.0350270702058975
10431,131189,3,6.812602082512828
10432,131190,3,7.236311106945644
10433,131191,3,6.662543390787861
10434,131192,3,7.613394274086025
10435,131193,3,7.026527576560466
10436,131194,3,7.213841947212584
10437,131195,3,7.027063129894886
10438,131196,3,6.801710010326383
10439,131197,3,6.4758655875344315
10440,131198,3,6.5731387063411955
10441,131199,3,7.023706038979998
10442,131200,3,6.3423452116173324
10443,131201,3,8.001520411306071
10444,131202,3,6.425915735425428
10445,131203,3,7.3891279349452645
10446,131204,3,7.323905006642464
10447,131205,3,6.975713705759817
10448,131206,3,7.538531481762947
10449,131207,3,7.738416964397816
10450,131208,3,6.014285266188936
10451,131209,3,6.2657509456683025
10452,131210,3,6.88503926699973
10453,131211,3,7.217877939820825
10454,131212,3,6.938580972776933
10455,131213,3,6.51513779371044
10456,131214,3,7.138476731530763
10457,131215,3,6.9043847376319345
10458,131216,3,7.1153069973027
10459,131217,3,7.119117907890522
10460,131218,3,6.987440410979892
10461,131219,3,6.536317756656023
10462,131220,3,6.126740104177822
10463,131221,3,5.543113204113476
10464,131222,3,6.441922251301193
10465,131223,3,6.129557727446689
10466,131224,3,6.552153806179169
10467,131225,3,7.139019106352308
10468,131226,3,6.0045851388360925
10469,131227,3,7.164244420380944
10470,131228,3,7.221736043771503
10471,131229,3,6.683008060907451
10472,131230,3,7.6111876233247155
10473,131231,3,6.0777824638312135
10474,131232,3,6.599731744279218
10475,131233,3,6.3217840451406575
10476,131234,3,7.211665519855525
10477,131235,3,5.668097175111242
10478,131236,3,6.113079378012169
10479,131237,3,6.580799952385509
10480,131238,3,6.766817175160606
10481,131239,3,6.252225629737539
10482,131240,3,5.790357527033538
10483,131241,3,6.594121023975283
10484,131242,3,6.658031839735929
10485,131243,3,7.533091562564739
10486,131244,3,6.489131410765044
10487,131245,3,7.204584970181392
10488,131246,3,6.513108411055391
10489,131247,3,5.3579058703314395
10490,131248,3,6.643293075714198
10491,131249,3,6.117571285893294
10492,131250,3,6.535910493538495
10493,131251,3,6.196316226934828
10494,131252,3,5.943784879318187
10495,131253,3,6.485386746780442
10496,131254,3,5.907459801757586
10497,131255,3,5.943223841935652
10498,131256,3,6.3931161933729115
10499,131257,3,6.06995168834545
10500,131258,3,5.3112588545717
10501,131259,3,6.1177750713838375
10502,131260,3,5.042076983869293
10503,131261,3,5.961833633704251
10504,131262,3,5.341433779799425
10505,131263,3,6.399981069594022
10506,131264,3,5.76189399594003
10507,131265,3,5.876392712665433
10508,131266,3,5.521774625366712
10509,131267,3,5.828578692101772
10510,131268,3,6.212386227862617
10511,131269,3,6.452326546358931
10512,131270,3,6.338606642365636
10513,131271,3,6.4360030961648
10514,131272,3,4.614071584390217
10515,131273,3,5.524629521599225
10516,131274,3,6.054545679480907
10517,131275,3,5.648063633357917
10518,131276,3,5.73527519654585
10519,131277,3,6.3737172022733715
10520,131278,3,5.73298024073565
10521,131279,3,5.6658252625889185
10522,131280,3,5.329415262854621
10523,131281,3,5.089457219675819
10524,131282,3,5.632921147264865
10525,131283,3,5.9050787667802975
10526,131284,3,4.422250677609938
10527,131285,3,6.310841791153855
10528,131286,3,5.503207703637322
10529,131287,3,3.803817311770214
10530,131288,3,6.007374706311139
10531,131289,3,5.864590549484457
10532,131290,3,5.514444504222854
10533,131291,3,5.300796922037731
10534,131292,3,5.974975849818819
10535,131293,3,5.202572161361964
10536,131294,3,4.612647833821543
10537,131295,3,5.4218700172639345
10538,131296,3,5.543193981804417
10539,131297,3,3.9452570058504364
10540,131298,3,5.593963515167628
10541,131299,3,5.354093165338266
10542,131300,3,6.079227428611045
10543,131301,3,5.575618018510972
10544,131302,3,5.429343605367636
10545,131303,3,4.698436105447033
10546,131304,3,5.732780321095253
10547,131305,3,5.516082075800609
10548,131306,3,5.428388183761935
10549,131307,3,4.619464505045055
10550,131308,3,5.637861725840257
10551,131309,3,5.399579437772535
10552,131310,3,5.657287621398436
10553,131311,3,5.588722899208557
10554,131312,3,5.947537028743168
10555,131313,3,5.749163959490468
10556,131314,3,5.404480032554556
10557,131315,3,5.669828825366523
10558,131316,3,4.312839593096527
10559,131317,3,5.0235613889502115
10560,131318,3,5.971182298099322
10561,131319,3,4.477072667766489
10562,131320,3,3.6965353703530557
10563,131321,3,5.642426192146989
10564,131322,3,4.9974370349338955
10565,131323,3,5.776129465204597
10566,131324,3,6.03539961748394
10567,131325,3,6.322411571048859
10568,131326,3,5.140588762886093
10569,131327,3,5.497407105003007
10570,131328,3,4.12872003705709
10571,131329,3,5.496939045552339
10572,131330,3,5.6954713943666615
10573,131331,3,5.1357308593461
10574,131332,3,5.115554804492309
10575,131333,3,5.1481696026694435
10576,131334,3,4.8949055167679525
10577,131335,3,4.583840297442869
10578,131336,3,5.139195569533685
10579,131337,3,4.90839000013968
10580,131338,3,4.510009051023088
10581,131339,3,5.933055477184715
10582,131340,3,4.123045217447498
10583,131341,3,4.760054752258519
10584,131342,3,3.7291253439851624
10585,131343,3,4.070427164403084
10586,131344,3,5.027928355625266
10587,131345,3,5.071527370197701
10588,131346,3,3.909882734242452
10589,131347,3,4.107557589370825
10590,131348,3,5.232638112945043
10591,131349,3,4.220329130174193
10592,131350,3,4.1412502088910115
10593,131351,3,4.69628230693212
10594,131352,3,4.154079250825939
10595,131353,3,5.145507316079151
10596,131354,3,4.513112312887323
10597,131355,3,4.016966529641341
10598,131356,3,4.396650362390082
10599,131357,3,4.80117516950936
10600,131358,3,3.873553575350596
10601,131359,3,4.061771849819553
10602,131360,3,4.736855968418774
10603,131361,3,4.854401785491623
10604,131362,3,4.1926607589434735
10605,131363,3,4.160309643550255
10606,131364,3,4.281179920131443
10607,131365,3,3.602212782805711
10608,131366,3,4.632297682516651
10609,131367,3,4.529265467033174
10610,131368,3,4.061501418967575
10611,131369,3,2.3225888166267072
10612,131370,3,5.089209790713557
10613,131371,3,2.2537977519405015
10614,131372,3,4.390071132441577
10615,131373,3,3.927173356470483
10616,131374,3,2.414013774644193
10617,131375,3,3.773347320817378
10618,131376,3,2.5645033103945964
10619,131377,3,2.6215731471981183
10620,131378,3,3.400018347382875
10621,131379,3,3.643887147725625
10622,131380,3,3.9556985071608564
10623,131381,3,3.2930286186179214
10624,131382,3,2.4806912713178795
10625,131383,3,3.4711432126876396
10626,131384,3,3.5313822138501996
10627,131385,3,3.440154507464244
10628,131386,3,2.3115735314100947
10629,131387,3,3.345434983053531
10630,131388,3,2.217895047189865
10631,131389,3,2.3120321488839215
10632,131390,3,2.106911707743498
10633,131391,3,4.413549738319034
10634,131392,3,3.4948327476368712
10635,131393,3,2.4846913172773633
10636,131394,3,3.364748319080451
10637,131395,3,3.2583361318680204
10638,131396,3,1.8638832026794612
10639,131397,3,3.4601289295681936
10640,131398,3,4.003758291929866
10641,131399,3,4.437806016619112
10642,131400,3,4.541292361973526
10643,131401,3,2.2631457415410843
10644,131402,3,3.086651319657432
10645,131403,3,3.2206222797695516
10646,131404,3,3.589100210602546
10647,131405,3,2.3867506362565045
10648,131406,3,3.82224234905635
10649,131407,3,2.164249726088226
10650,131408,3,2.4498966702512437
10651,131409,3,2.242627258054428
10652,131410,3,1.987592237562004
10653,131411,3,2.762689812166321
10654,131412,3,2.1472201725499707
10655,131413,3,2.018871188501965
10656,131414,3,3.4183681115573563
10657,131415,3,3.179898055307432
10658,131416,3,2.433403337348487
10659,131417,3,2.4446172533436172
10660,131418,3,2.0619297102397907
10661,131419,3,3.094994586259908
10662,131420,3,2.7520771969194215
10663,131421,3,2.5884654138817975
10664,131422,3,2.2140670699844804
10665,131423,3,1.9825671928649662
10666,131424,3,3.078706482993069
10667,131425,3,2.335134799879448
10668,131426,3,2.440663255283333
10669,131427,3,2.0303753616582236
10670,131428,3,1.975994677573114
10671,131429,3,2.0309027404816895
10672,131430,3,2.455910317199386
10673,131431,3,2.1560799603190572
10674,131432,3,2.2160218783951233
10675,131433,3,1.903063845993441
10676,131434,3,2.433531467886054
10677,131435,3,1.8835017762413875
10678,131436,3,2.1902054205073584
10679,131437,3,2.139991696700446
10680,131438,3,2.3782619258398343
10681,131439,3,1.9814818591811134
10682,131440,3,8.29312170447512
10683,131441,3,8.651636254743266
10684,131442,3,8.705609785863551
10685,131443,3,8.513957213830285
10686,131444,3,8.507441319842407
10687,131445,3,8.400748333146403
10688,131446,3,8.665028157587361
10689,131447,3,8.784234799653444
10690,131448,3,8.148209527081743
10691,131449,3,8.398891388866078
10692,131450,3,8.23293983476576
10693,131451,3,8.785865472838621
10694,131452,3,8.649457571065993
10695,131453,3,8.047122303369473
10696,131454,3,8.097321411506918
10697,131455,3,7.933487841020229
10698,131456,3,7.970799400310838
10699,131457,3,7.929784175328819
10700,131458,3,8.553103809039204
10701,131459,3,8.161462748797629
10702,131460,3,8.433410122882012
10703,131461,3,8.040623210970736
10704,131462,3,7.923921430149699
10705,131463,3,8.124870589025996
10706,131464,3,7.960604080987901
10707,131465,3,8.284079670380896
10708,131466,3,7.977556895312066
10709,131467,3,7.563555117640245
10710,131468,3,8.109097695772839
10711,131469,3,7.835829937019259
10712,131470,3,8.272788201522477
10713,131471,3,7.882852826385972
10714,131472,3,8.069881797504907
10715,131473,3,7.873535711501993
10716,131474,3,7.949157390487551
10717,131475,3,7.8030745176962775
10718,131476,3,7.7398316593092735
10719,131477,3,7.683400564300701
10720,131478,3,7.248926116141698
10721,131479,3,7.871622604963225
10722,131480,3,7.919184641622152
10723,131481,3,7.617037269504938
10724,131482,3,7.29703191337351
10725,131483,3,6.827461672853405
10726,131484,3,7.387422724993798
10727,131485,3,7.220052115738284
10728,131486,3,7.3553802423900905
10729,131487,3,6.520813151514855
10730,131488,3,6.504959083452074
10731,131489,3,6.856937262346063
10732,131490,3,6.35208321020541
10733,131491,3,6.379818523682252
10734,131492,3,6.773353188083795
10735,131493,3,6.034269571067274
10736,131494,3,6.0902525678894985
10737,131495,3,4.810810132775276
10738,131496,3,3.2095988654784144
10739,131497,3,9.115708545096613
10740,131498,3,9.00856028640283
10741,131499,3,9.08024571207107
10742,131500,3,8.975732361175176
10743,131501,3,8.95100993977194
10744,131502,3,8.964053810603023
10745,131503,3,8.903657705694116
10746,131504,3,8.826169720297836
10747,131505,3,8.906380375879996
10748,131506,3,9.029708028853484
10749,131507,3,8.74977046029262
10750,131508,3,8.995714192344016
10751,131509,3,8.983746186822978
10752,131510,3,9.170416505669118
10753,131511,3,8.869079665192938
10754,131512,3,8.650479833873252
10755,131513,3,8.965302431024918
10756,131514,3,9.014632919380869
10757,131515,3,8.958601398011387
10758,131516,3,8.927762005894888
10759,131517,3,8.668068516562187
10760,131518,3,8.750290627986226
10761,131519,3,8.87617117441898
10762,131520,3,8.987804495248735
10763,131521,3,8.806614655169072
10764,131522,3,8.524899596520534
10765,131523,3,8.891393443113603
10766,131524,3,9.029855161426072
10767,131525,3,8.86647429820162
10768,131526,3,8.82372662488771
10769,131527,3,8.786049840152781
10770,131528,3,8.781800883636569
10771,131529,3,9.097362722286928
10772,131530,3,8.627665130067388
10773,131531,3,8.761491662249236
10774,131532,3,8.895447909202542
10775,131533,3,9.040686911496197
10776,131534,3,8.887524713028236
10777,131535,3,8.879599262738356
10778,131536,3,8.629417238551053
10779,131537,3,8.859902176994009
10780,131538,3,8.82459677373324
10781,131539,3,8.313668896552219
10782,131540,3,8.837374273324018
10783,131541,3,8.370421283631112
10784,131542,3,8.646669655414591
10785,131543,3,8.277377232595517
10786,131544,3,8.555228443513606
10787,131545,3,8.85977967393774
10788,131546,3,8.042429311876045
10789,131547,3,8.042429311876045
10790,131548,3,8.895439897698024
10791,131549,3,8.724605398733647
10792,131550,3,8.895873096845836
10793,131551,3,8.987630225506017
10794,131552,3,8.8665278237805
10795,131553,3,8.560631081118428
10796,131554,3,8.330879044601817
10797,131555,3,8.59779672686419
10798,131556,3,8.866194503457526
10799,131557,3,8.697736944203063
10800,131558,3,7.9162951963407595
10801,131559,3,8.726809720175083
10802,131560,3,8.726809720175083
10803,131561,3,8.847608923624634
10804,131562,3,8.974117804797023
10805,131563,3,8.948521924381826
10806,131564,3,8.925848585937915
10807,131565,3,8.945403266897335
10808,131566,3,8.83288789198345
10809,131567,3,8.509673898436613
10810,131568,3,8.4882278886038
10811,131569,3,8.676254655652947
10812,131570,3,8.262157203684355
10813,131571,3,8.886086669162973
10814,131572,3,8.731729686447112
10815,131573,3,8.308682080420065
10816,131574,3,7.887133357681906
10817,131575,3,8.646867971681875
10818,131576,3,8.814497321703632
10819,131577,3,8.840042272807342
10820,131578,3,8.086999893988414
10821,131579,3,8.594715134229299
10822,131580,3,8.758505681016375
10823,131581,3,8.903240751225775
10824,131582,3,8.191047506568822
10825,131583,3,8.54887142446094
10826,131584,3,8.080132224926325
10827,131585,3,8.10136424556771
10828,131586,3,8.866313497475712
10829,131587,3,8.76889377073922
10830,131588,3,8.713136828197447
10831,131589,3,7.705545412442149
10832,131590,3,8.821472671680242
10833,131591,3,8.597899544982791
10834,131592,3,8.362354801682184
10835,131593,3,8.132388209075803
10836,131594,3,8.568707699268643
10837,131595,3,8.990184623545487
10838,131596,3,8.408938672602897
10839,131597,3,8.686791706599061
10840,131598,3,8.657228536390662
10841,131599,3,8.518826904978487
10842,131600,3,8.74833220215266
10843,131601,3,8.131331964089473
10844,131602,3,8.589489383965429
10845,131603,3,8.721526932374765
10846,131604,3,8.082804204581125
10847,131605,3,8.240446758427366
10848,131606,3,8.93255737499851
10849,131607,3,7.901186485348133
10850,131608,3,8.573401961336815
10851,131609,3,8.63654179120778
10852,131610,3,8.787995004734594
10853,131611,3,8.267304306325803
10854,131612,3,8.11012015126101
10855,131613,3,8.736745516986367
10856,131614,3,8.365964739941719
10857,131615,3,8.510582304351862
10858,131616,3,8.584861788132626
10859,131617,3,8.767002496518202
10860,131618,3,8.35593526620488
10861,131619,3,8.59555457551902
10862,131620,3,8.342387733036485
10863,131621,3,8.364703558070062
10864,131622,3,8.616441814693715
10865,131623,3,8.228779221708905
10866,131624,3,8.504746317925905
10867,131625,3,8.16385696910969
10868,131626,3,8.424817225843892
10869,131627,3,8.590179857153595
10870,131628,3,8.49928287673159
10871,131629,3,8.127245593249414
10872,131630,3,8.127010783436194
10873,131631,3,8.240659209729321
10874,131632,3,8.55873627749078
10875,131633,3,8.456065216830023
10876,131634,3,8.149556774053991
10877,131635,3,8.047260030153081
10878,131636,3,8.897901664109966
10879,131637,3,8.52000839816079
10880,131638,3,7.956234311240865
10881,131639,3,8.725330158843343
10882,131640,3,8.580667199385296
10883,131641,3,8.45859016536805
10884,131642,3,8.304217934096922
10885,131643,3,8.050329359272117
10886,131644,3,9.003695126638426
10887,131645,3,8.076745091747297
10888,131646,3,8.50867687865173
10889,131647,3,7.791161759998843
10890,131648,3,8.50510387283598
10891,131649,3,7.697584394947919
10892,131650,3,8.596590449581456
10893,131651,3,8.138630059004582
10894,131652,3,8.262965190673613
10895,131653,3,8.13487346737091
10896,131654,3,8.440607894184073
10897,131655,3,9.083069944473202
10898,131656,3,8.576403145967257
10899,131657,3,8.625256342706686
10900,131658,3,8.277578709938254
10901,131659,3,6.986454512711939
10902,131660,3,8.078633973491918
10903,131661,3,8.126872804754719
10904,131662,3,8.039650829954995
10905,131663,3,8.233115544155325
10906,131664,3,8.862248843182162
10907,131665,3,7.734618771393686
10908,131666,3,7.723117865101659
10909,131667,3,8.055470370428207
10910,131668,3,7.847185537800954
10911,131669,3,7.372613937582416
10912,131670,3,8.76079201480131
10913,131671,3,7.094104848104802
10914,131672,3,7.742612224376499
10915,131673,3,8.457916647214812
10916,131674,3,8.494190696467008
10917,131675,3,7.953264345589952
10918,131676,3,5.673915941745357
10919,131677,3,7.75771778402157
10920,131678,3,8.288936980886092
10921,131679,3,8.288936980886092
10922,131680,3,7.482813815285309
10923,131681,3,7.596197692553149
10924,131682,3,8.325468214933988
10925,131683,3,8.457090505166772
10926,131684,3,7.571352688815601
10927,131685,3,8.529607835896353
10928,131686,3,7.9137741569865945
10929,131687,3,7.454790823679644
10930,131688,3,7.659548498191342
10931,131689,3,8.094379876167134
10932,131690,3,7.74966689250483
10933,131691,3,8.28498820797912
10934,131692,3,8.105370512559036
10935,131693,3,7.794347118322177
10936,131694,3,7.5762778926219525
10937,131695,3,8.108699332572117
10938,131696,3,7.759008730577223
10939,131697,3,5.366248841608693
10940,131698,3,7.418050399477294
10941,131699,3,8.607710515666563
10942,131700,3,7.929134372346601
10943,131701,3,7.7992008824185275
10944,131702,3,7.943164174573155
10945,131703,3,7.297632557523454
10946,131704,3,7.652322071291202
10947,131705,3,7.629759462165106
10948,131706,3,7.479606460637427
10949,131707,3,7.165727981677684
10950,131708,3,8.124888869379069
10951,131709,3,7.989064068334231
10952,131710,3,8.146880148067604
10953,131711,3,8.23258823607987
10954,131712,3,7.892439200184187
10955,131713,3,7.261004070682169
10956,131714,3,7.293321080071534
10957,131715,3,7.380892211844705
10958,131716,3,7.576613790049249
10959,131717,3,7.993964412103613
10960,131718,3,8.094509347576267
10961,131719,3,7.902879353656342
10962,131720,3,7.4483686610144995
10963,131721,3,6.668281178313246
10964,131722,3,8.063998995588214
10965,131723,3,8.171115346338663
10966,131724,3,7.671542829830547
10967,131725,3,7.697838904920072
10968,131726,3,7.457050982846979
10969,131727,3,7.410820682471063
10970,131728,3,7.673766172154165
10971,131729,3,7.402519605022203
10972,131730,3,7.795450574858141
10973,131731,3,7.226682012163735
10974,131732,3,7.788744950874607
10975,131733,3,7.54305325397891
10976,131734,3,7.207322828501679
10977,131735,3,8.335246649453914
10978,131736,3,7.8739480316651935
10979,131737,3,5.6541637965298905
10980,131738,3,7.527969914636341
10981,131739,3,7.833744271106891
10982,131740,3,7.925708418221982
10983,131741,3,7.392221763755043
10984,131742,3,7.398387430562472
10985,131743,3,8.02043358814323
10986,131744,3,8.263890097965295
10987,131745,3,7.922429415091018
10988,131746,3,8.031235886682538
10989,131747,3,7.272866460245485
10990,131748,3,7.823428343859204
10991,131749,3,6.842315259497772
10992,131750,3,7.217771483098964
10993,131751,3,8.31453094568434
10994,131752,3,7.6404072823239435
10995,131753,3,6.307834824659994
10996,131754,3,7.596991538629299
10997,131755,3,6.869834487737332
10998,131756,3,7.3381585895382955
10999,131757,3,7.404916582252824
11000,131758,3,7.1932664925825645
11001,131759,3,7.827892699440913
11002,131760,3,8.004695634605918
11003,131761,3,6.921019311567353
11004,131762,3,7.272698510567853
11005,131763,3,7.100228817290015
11006,131764,3,6.643171999294368
11007,131765,3,6.784860870832969
11008,131766,3,7.731385864316771
11009,131767,3,7.186214700114026
11010,131768,3,7.107139148128155
11011,131769,3,7.0681361817996855
11012,131770,3,8.067670963003117
11013,131771,3,7.516609212964639
11014,131772,3,7.089094813551272
11015,131773,3,6.630116385619613
11016,131774,3,7.5896457446115
11017,131775,3,7.312095371847681
11018,131776,3,7.541026179256108
11019,131777,3,7.138547844043201
11020,131778,3,7.539365843986241
11021,131779,3,7.19777852353805
11022,131780,3,6.5346655527832045
11023,131781,3,7.183802409982469
11024,131782,3,7.714512152766493
11025,131783,3,7.053101112195479
11026,131784,3,7.919376858724753
11027,131785,3,7.013262797124625
11028,131786,3,6.8678136821527245
11029,131787,3,6.544194913379991
11030,131788,3,6.689668432803245
11031,131789,3,7.0603305923141395
11032,131790,3,6.807671778056352
11033,131791,3,7.128515672267385
11034,131792,3,6.971003105737257
11035,131793,3,7.080273946897349
11036,131794,3,7.552297878427963
11037,131795,3,7.063300943533652
11038,131796,3,7.525133360233216
11039,131797,3,7.497235753561359
11040,131798,3,6.853584004544221
11041,131799,3,6.86000290784944
11042,131800,3,7.360269633759189
11043,131801,3,7.072599877108374
11044,131802,3,6.141765139520999
11045,131803,3,5.5601022959782895
11046,131804,3,7.325127605398846
11047,131805,3,7.0864872878217104
11048,131806,3,7.181784198202248
11049,131807,3,7.271897494059509
11050,131808,3,6.464154385467748
11051,131809,3,6.7277442344705705
11052,131810,3,6.456241701339619
11053,131811,3,6.414194821655596
11054,131812,3,6.818934292988456
11055,131813,3,6.782906466704629
11056,131814,3,6.3729579461075065
11057,131815,3,7.16557124661844
11058,131816,3,6.976799398604687
11059,131817,3,6.8224269285144015
11060,131818,3,7.275481341051178
11061,131819,3,7.160446887725559
11062,131820,3,6.480047361747764
11063,131821,3,6.26838215939493
11064,131822,3,7.240143583159542
11065,131823,3,5.487914624988267
11066,131824,3,6.946087136022157
11067,131825,3,7.144538777656341
11068,131826,3,6.939522966143375
11069,131827,3,7.06991082613056
11070,131828,3,7.522656975719239
11071,131829,3,6.1729773652499
11072,131830,3,6.751534923897576
11073,131831,3,5.604653190223705
11074,131832,3,5.9940097712234195
11075,131833,3,7.596832490224843
11076,131834,3,6.190173039515561
11077,131835,3,6.691894733293545
11078,131836,3,7.064691055976145
11079,131837,3,7.099592692157239
11080,131838,3,6.104323306071214
11081,131839,3,5.5045874797607315
11082,131840,3,6.407566676671456
11083,131841,3,5.590509488368935
11084,131842,3,6.11320992483984
11085,131843,3,6.628265953843308
11086,131844,3,7.069122433581044
11087,131845,3,6.822866366940361
11088,131846,3,6.214967287465184
11089,131847,3,6.017448531353242
11090,131848,3,6.08798890201224
11091,131849,3,6.2817457182584535
11092,131850,3,6.0394147538716085
11093,131851,3,6.2238084330510075
11094,131852,3,6.723019840791528
11095,131853,3,6.7563560320005065
11096,131854,3,7.160423830530175
11097,131855,3,7.304489048796789
11098,131856,3,6.4636412489206245
11099,131857,3,6.942152718086973
11100,131858,3,6.777939437139753
11101,131859,3,6.1502977656279505
11102,131860,3,6.418857488553855
11103,131861,3,6.213382268663542
11104,131862,3,5.997132863697648
11105,131863,3,6.18825863009217
11106,131864,3,6.556156141288233
11107,131865,3,5.696488697308877
11108,131866,3,6.596329125831285
11109,131867,3,6.005412624097019
11110,131868,3,5.9511461524742115
11111,131869,3,5.999343555367184
11112,131870,3,6.169523509106348
11113,131871,3,6.177986787443482
11114,131872,3,6.527570249774788
11115,131873,3,6.036838832778736
11116,131874,3,6.4125510681989715
11117,131875,3,5.30470571550534
11118,131876,3,6.233912397718702
11119,131877,3,5.635283589683159
11120,131878,3,6.172425151993582
11121,131879,3,7.612328888397635
11122,131880,3,5.780139794619227
11123,131881,3,6.857913965527407
11124,131882,3,5.850967259252143
11125,131883,3,6.215902656546635
11126,131884,3,6.29359491845387
11127,131885,3,5.691660976983927
11128,131886,3,6.017777860573229
11129,131887,3,5.793197373793122
11130,131888,3,4.204932899876324
11131,131889,3,5.945540010437458
11132,131890,3,6.23093512852259
11133,131891,3,5.795603105235043
11134,131892,3,5.795603105235043
11135,131893,3,6.739450345314156
11136,131894,3,5.641893341770649
11137,131895,3,6.1661174606931946
11138,131896,3,6.258477717776108
11139,131897,3,6.47279899636
11140,131898,3,6.31064595286731
11141,131899,3,5.993543939488243
11142,131900,3,5.898727895743963
11143,131901,3,5.167934907821969
11144,131902,3,5.647507162547983
11145,131903,3,6.179333012066304
11146,131904,3,5.759628065151149
11147,131905,3,4.604189846136452
11148,131906,3,6.193433098844898
11149,131907,3,6.00610032030418
11150,131908,3,5.548898509893956
11151,131909,3,5.778622356644858
11152,131910,3,5.259926152267553
11153,131911,3,6.1556042596760285
11154,131912,3,5.789066711000363
11155,131913,3,6.376058130080197
11156,131914,3,5.898748606981819
11157,131915,3,5.968965283492456
11158,131916,3,6.019943620810332
11159,131917,3,5.439385627057112
11160,131918,3,5.149585158770349
11161,131919,3,5.898386528033313
11162,131920,3,5.790343183404618
11163,131921,3,5.636482265617039
11164,131922,3,5.2435546127944415
11165,131923,3,5.513674867227679
11166,131924,3,5.881587001358437
11167,131925,3,5.531560203056682
11168,131926,3,5.785098169322663
11169,131927,3,5.613169408553424
11170,131928,3,5.595919042163993
11171,131929,3,5.479007468482955
11172,131930,3,4.915705787214136
11173,131931,3,5.708015757446307
11174,131932,3,5.532057533579216
11175,131933,3,5.157523849333028
11176,131934,3,5.955927095383906
11177,131935,3,5.081548410740753
11178,131936,3,5.958893709002648
11179,131937,3,5.311932875636513
11180,131938,3,5.602583416728352
11181,131939,3,5.946611575014781
11182,131940,3,5.219045445947772
11183,131941,3,6.017262596316247
11184,131942,3,5.9336761914948655
11185,131943,3,6.006491391759914
11186,131944,3,5.795449006839102
11187,131945,3,5.820359528703254
11188,131946,3,5.162335052174918
11189,131947,3,4.545645393964554
11190,131948,3,5.43443841764
11191,131949,3,4.545465880559066
11192,131950,3,5.483524121939543
11193,131951,3,4.410744348882726
11194,131952,3,5.5135905201899105
11195,131953,3,5.622249977212084
11196,131954,3,5.090475185191968
11197,131955,3,4.82083846865898
11198,131956,3,5.64569898941483
11199,131957,3,5.102940518883511
11200,131958,3,5.7795274231776155
11201,131959,3,5.279063307168899
11202,131960,3,4.856559393046172
11203,131961,3,4.676436646170231
11204,131962,3,4.700948942319363
11205,131963,3,4.334102376943601
11206,131964,3,5.930571240347492
11207,131965,3,5.590244488806746
11208,131966,3,6.287041085058344
11209,131967,3,4.915320318210742
11210,131968,3,5.4655552939978005
11211,131969,3,4.746375716370891
11212,131970,3,4.969378897193943
11213,131971,3,2.927317723335681
11214,131972,3,4.853761314365679
11215,131973,3,4.939446033534145
11216,131974,3,4.297532941843231
11217,131975,3,4.600987051260844
11218,131976,3,6.041369759340158
11219,131977,3,5.6506133525349345
11220,131978,3,5.960366938059194
11221,131979,3,5.483430240171089
11222,131980,3,4.936747951988913
11223,131981,3,4.795477265908788
11224,131982,3,4.886378817268365
11225,131983,3,5.496015032781788
11226,131984,3,5.29579721436612
11227,131985,3,5.083898248831214
11228,131986,3,4.370349345212914
11229,131987,3,4.120588965204744
11230,131988,3,4.820761897772432
11231,131989,3,4.651372281639006
11232,131990,3,4.7743746499979745
11233,131991,3,4.945096078107521
11234,131992,3,5.218694566091951
11235,131993,3,4.573725895520395
11236,131994,3,5.466040039329502
11237,131995,3,5.038521484547891
11238,131996,3,4.988964633729737
11239,131997,3,3.9414269087088245
11240,131998,3,4.688061816622598
11241,131999,3,4.8622609261358996
11242,132000,3,4.49376590563625
11243,132001,3,3.9707038662723133
11244,132002,3,4.692142321148782
11245,132003,3,4.120540795814466
11246,132004,3,4.63785329394301
11247,132005,3,4.480920061676698
11248,132006,3,3.9899398850093886
11249,132007,3,1.4882076668360744
11250,132008,3,4.299093671361434
11251,132009,3,3.9783768161211994
11252,132010,3,3.7887027481991558
11253,132011,3,3.482457983031244
11254,132012,3,4.165913273438107
11255,132013,3,4.402847050732074
11256,132014,3,4.985392784400926
11257,132015,3,4.57953389470608
11258,132016,3,4.527452081364533
11259,132017,3,2.1684927403790235
11260,132018,3,4.177667955543582
11261,132019,3,4.887489454684944
11262,132020,3,3.6300876455245956
11263,132021,3,3.414463495800722
11264,132022,3,3.414463495800722
11265,132023,3,4.588292544157888
11266,132024,3,2.6103934951601575
11267,132025,3,3.6107540353079246
11268,132026,3,4.418740744670879
11269,132027,3,2.722169500145595
11270,132028,3,3.0349083503666825
11271,132029,3,3.712393580006994
11272,132030,3,3.3736296591067663
11273,132031,3,3.667270582612264
11274,132032,3,3.8541259860003017
11275,132033,3,3.60661281238638
11276,132034,3,3.73673288476431
11277,132035,3,3.383913900183403
11278,132036,3,1.6619667023124274
11279,132037,3,4.046782094786674
11280,132038,3,2.7259894365710915
11281,132039,3,2.72069619193287
11282,132040,3,3.75691302164548
11283,132041,3,3.6485816537867044
11284,132042,3,3.539756612357234
11285,132043,3,2.793310930462442
11286,132044,3,3.050407923744342
11287,132045,3,3.0276867020488276
11288,132046,3,3.5244467539846784
11289,132047,3,4.464637903728002
11290,132048,3,3.34564551759055
11291,132049,3,2.040939802910758
11292,132050,3,3.9282279919271765
11293,132051,3,1.9366981643505081
11294,132052,3,3.5494213318476557
11295,132053,3,2.7485137536394166
11296,132054,3,4.368630420504081
11297,132055,3,3.354727355202832
11298,132056,3,3.237148928498164
11299,132057,3,2.276316235424763
11300,132058,3,3.1470444191893407
11301,132059,3,2.0960565052463416
11302,132060,3,2.7030421388091006
11303,132061,3,2.8494892439087147
11304,132062,3,4.053195722808805
11305,132063,3,3.2601364950284673
11306,132064,3,1.873513432795523
11307,132065,3,2.02569958944276
11308,132066,3,3.3647454365669422
11309,132067,3,1.8127150433726218
11310,132068,3,2.020479691855206
11311,132069,3,2.506494385256202
11312,132070,3,2.431815250651134
11313,132071,3,2.4489228330180053
11314,132072,3,2.3207791383472216
11315,132073,3,2.597813619205038
11316,132074,3,2.0920199839839357
11317,132075,3,2.5273758236422053
11318,132076,3,1.9852955237941687
11319,132077,3,1.6267871212744343
11320,132078,3,1.5767082357436886
11321,132079,3,2.342611899704316
11322,132080,3,1.854468894418246
11323,132081,3,1.9216183547794614
11324,132082,3,1.9886426813739488
11325,132083,3,1.4982532739641146
11326,132084,3,1.5137079611044273
11327,132085,3,1.7957047518872162
11328,132086,3,1.9986260649684793
11329,132087,3,1.9220998209434352
11330,132088,3,8.842264987339721
11331,132089,3,8.660889436177495
11332,132090,3,8.68479364171063
11333,132091,3,8.340015026217356
11334,132092,3,8.578350461643582
11335,132093,3,8.48468838330311
11336,132094,3,7.905927636827444
11337,132095,3,8.37092080578723
11338,132096,3,7.964059362243512
11339,132097,3,8.455565221523415
11340,132098,3,7.9702767730098625
11341,132099,3,8.434184189579229
11342,132100,3,8.061011614161101
11343,132101,3,5.03024796841374
11344,132102,3,7.810244459140313
11345,132103,3,5.726261665439561
11346,132104,3,7.4856213813312396
11347,132105,3,7.505429068474658
11348,132106,3,7.6856488808661805
11349,132107,3,7.8751431524259
11350,132108,3,7.579417832720233
11351,132109,3,7.873658077578007
11352,132110,3,7.476215761612515
11353,132111,3,7.784289747731034
11354,132112,3,8.006798332167792
11355,132113,3,7.6504225873263945
11356,132114,3,7.935489484078822
11357,132115,3,7.350911227269759
11358,132116,3,7.543183076308324
11359,132117,3,7.371180706985615
11360,132118,3,7.9123307753651755
11361,132119,3,8.043126446621454
11362,132120,3,7.716433661276611
11363,132121,3,7.853322164872247
11364,132122,3,7.392005447744431
11365,132123,3,7.591101065682851
11366,132124,3,8.058582788825634
11367,132125,3,7.75163548455798
11368,132126,3,7.5343249592642865
11369,132127,3,7.986971440642762
11370,132128,3,7.355611088485412
11371,132129,3,7.507651710299317
11372,132130,3,7.6477889555972425
11373,132131,3,7.752749942419973
11374,132132,3,7.675593090847706
11375,132133,3,7.253177064883663
11376,132134,3,7.631676621890971
11377,132135,3,7.32433026211267
11378,132136,3,7.34889499789295
11379,132137,3,7.313591915663181
11380,132138,3,5.489460797536031
11381,132139,3,6.893135402902529
11382,132140,3,7.488486353327598
11383,132141,3,7.522134791756414
11384,132142,3,7.155068838181674
11385,132143,3,7.712015295837802
11386,132144,3,6.802440430244572
11387,132145,3,6.763018411908618
11388,132146,3,7.362650026026812
11389,132147,3,6.8650160004049186
11390,132148,3,7.259107851344385
11391,132149,3,6.724250625821176
11392,132150,3,6.810301508628072
11393,132151,3,7.183000044714401
11394,132152,3,6.798616220407422
11395,132153,3,7.513612265753806
11396,132154,3,7.903627104655779
11397,132155,3,6.916464593665304
11398,132156,3,6.749042224726137
11399,132157,3,6.492270470499021
11400,132158,3,7.2715391030558925
11401,132159,3,7.262283361178535
11402,132160,3,6.981530633126113
11403,132161,3,6.352320756980226
11404,132162,3,6.9230862912594135
11405,132163,3,7.02203199525868
11406,132164,3,6.517880374698334
11407,132165,3,6.794332096525146
11408,132166,3,7.229084588217793
11409,132167,3,6.96442864563819
11410,132168,3,6.816468457476977
11411,132169,3,7.344061647439693
11412,132170,3,7.010009698208471
11413,132171,3,6.059888116953659
11414,132172,3,7.062886493182514
11415,132173,3,6.843994287580724
11416,132174,3,6.920364415044803
11417,132175,3,7.179266060671652
11418,132176,3,6.896492141329224
11419,132177,3,6.24317366184316
11420,132178,3,7.094147234323492
11421,132179,3,7.352482927505192
11422,132180,3,6.401772338910187
11423,132181,3,6.930804471681691
11424,132182,3,6.868529106367742
11425,132183,3,6.953427792298689
11426,132184,3,6.952534910500919
11427,132185,3,5.566721422638016
11428,132186,3,6.32105922096513
11429,132187,3,7.165169889494613
11430,132188,3,6.683759711802846
11431,132189,3,6.604302456138706
11432,132190,3,6.660393098454833
11433,132191,3,6.475986020299601
11434,132192,3,6.669483961423509
11435,132193,3,6.674195365702846
11436,132194,3,6.261456167587685
11437,132195,3,6.221479807576946
11438,132196,3,6.5848245434636254
11439,132197,3,6.217271750459924
11440,132198,3,6.751318874983438
11441,132199,3,6.793401175181755
11442,132200,3,6.9767065522615
11443,132201,3,6.696993782842792
11444,132202,3,6.821563752518441
11445,132203,3,6.700478460386878
11446,132204,3,6.24167334437898
11447,132205,3,6.8283608289987665
11448,132206,3,7.006270210799821
11449,132207,3,7.004375577770742
11450,132208,3,6.389941832077426
11451,132209,3,6.254225062737309
11452,132210,3,6.452588779393553
11453,132211,3,5.924193458177147
11454,132212,3,6.264822403976278
11455,132213,3,6.045484298895572
11456,132214,3,5.622538192588073
11457,132215,3,5.473616035124951
11458,132216,3,6.590551221735554
11459,132217,3,7.420111542105355
11460,132218,3,6.4319521932254755
11461,132219,3,6.687536873939229
11462,132220,3,6.73229901286698
11463,132221,3,5.935692207606259
11464,132222,3,6.15849738353887
11465,132223,3,6.233208096198454
11466,132224,3,6.93448890386128
11467,132225,3,6.573874189968264
11468,132226,3,6.197855926585871
11469,132227,3,6.923553853511952
11470,132228,3,6.199807795851548
11471,132229,3,6.575259443318431
11472,132230,3,6.4395746496274695
11473,132231,3,6.136333815098
11474,132232,3,5.897471599402842
11475,132233,3,6.6567624555707
11476,132234,3,5.6852639872643
11477,132235,3,4.529316979011281
11478,132236,3,6.020212272798712
11479,132237,3,7.176811371343275
11480,132238,3,5.938183713691219
11481,132239,3,6.596850041084235
11482,132240,3,6.624726411279637
11483,132241,3,5.65830406135624
11484,132242,3,5.025180965015586
11485,132243,3,6.782799369966485
11486,132244,3,5.513784270334456
11487,132245,3,6.497862134982931
11488,132246,3,6.450627413356449
11489,132247,3,6.905510709489516
11490,132248,3,6.543516252108446
11491,132249,3,6.152752229714602
11492,132250,3,4.657574778438759
11493,132251,3,6.514201993094877
11494,132252,3,7.332979633297399
11495,132253,3,5.694909501076887
11496,132254,3,6.690230553861025
11497,132255,3,6.36364102067872
11498,132256,3,6.1678428052419
11499,132257,3,5.913533603478423
11500,132258,3,5.847812502152227
11501,132259,3,4.644248576767328
11502,132260,3,6.605556807465608
11503,132261,3,6.046699607440019
11504,132262,3,6.322894896136813
11505,132263,3,6.54005307377095
11506,132264,3,5.856549526169404
11507,132265,3,5.907112510021307
11508,132266,3,6.344247367269976
11509,132267,3,6.6663326786205115
11510,132268,3,6.303899694176932
11511,132269,3,6.4280155552989235
11512,132270,3,6.0475686619480635
11513,132271,3,6.133761635863654
11514,132272,3,6.265778398435124
11515,132273,3,6.716544969895044
11516,132274,3,5.857168325374966
11517,132275,3,5.992930333404658
11518,132276,3,5.92802780990532
11519,132277,3,6.129389282833212
11520,132278,3,5.129985282819845
11521,132279,3,5.958092145603062
11522,132280,3,6.429733525214045
11523,132281,3,5.881658075414657
11524,132282,3,6.68605709781619
11525,132283,3,6.035861874172291
11526,132284,3,6.2482592075159005
11527,132285,3,5.7481569703665745
11528,132286,3,5.627373948923138
11529,132287,3,6.230213349295677
11530,132288,3,6.418552534111754
11531,132289,3,5.408075350473268
11532,132290,3,6.079815127916755
11533,132291,3,6.3426141478199005
11534,132292,3,6.073813941125372
11535,132293,3,6.062344119084144
11536,132294,3,5.978003377524181
11537,132295,3,6.694445057858642
11538,132296,3,6.252964747253436
11539,132297,3,5.718509770249915
11540,132298,3,5.75119137956811
11541,132299,3,5.640503605195041
11542,132300,3,7.503231533138884
11543,132301,3,5.827869440591271
11544,132302,3,6.390772853384876
11545,132303,3,6.0924259885648615
11546,132304,3,5.925914456766115
11547,132305,3,5.825702369029102
11548,132306,3,5.938595422899637
11549,132307,3,6.001265842738446
11550,132308,3,6.493579412452483
11551,132309,3,6.275679027896936
11552,132310,3,6.468051559168948
11553,132311,3,5.088440890282308
11554,132312,3,5.952842026338237
11555,132313,3,5.894836061282108
11556,132314,3,7.012034218578995
11557,132315,3,6.078648168354206
11558,132316,3,6.060960003576879
11559,132317,3,6.3700467402354635
11560,132318,3,5.783847776265986
11561,132319,3,4.893782631134985
11562,132320,3,5.747500488377267
11563,132321,3,5.751773169666174
11564,132322,3,5.953107097338213
11565,132323,3,6.223251853740797
11566,132324,3,6.223251853740797
11567,132325,3,6.223251853740797
11568,132326,3,5.759664073942921
11569,132327,3,5.8061389001698
11570,132328,3,5.802650160485905
11571,132329,3,5.723269508749059
11572,132330,3,6.144766387342692
11573,132331,3,5.490068230068421
11574,132332,3,6.306296648450369
11575,132333,3,5.940118403301094
11576,132334,3,6.102634510456632
11577,132335,3,5.789123730379829
11578,132336,3,5.896279949829063
11579,132337,3,5.53335925028992
11580,132338,3,6.111753531973787
11581,132339,3,5.74381886567347
11582,132340,3,5.863677720093492
11583,132341,3,6.330989246700191
11584,132342,3,5.496867256060975
11585,132343,3,5.902050835759447
11586,132344,3,5.624913384429705
11587,132345,3,6.02884007282936
11588,132346,3,5.838769437962487
11589,132347,3,5.749488184713571
11590,132348,3,5.56332762885914
11591,132349,3,5.825507066648644
11592,132350,3,6.3155746955511844
11593,132351,3,5.247235438741892
11594,132352,3,5.971398642035204
11595,132353,3,6.390260940299285
11596,132354,3,6.059129452686859
11597,132355,3,5.6728343210903045
11598,132356,3,5.574844634429163
11599,132357,3,5.545966709908262
11600,132358,3,6.327183425958659
11601,132359,3,5.831708391655917
11602,132360,3,5.318536703459664
11603,132361,3,4.803642724414717
11604,132362,3,6.394610686779877
11605,132363,3,5.627129049332681
11606,132364,3,4.8882483748865795
11607,132365,3,5.062841147577252
11608,132366,3,6.380398807540394
11609,132367,3,5.578974263397001
11610,132368,3,5.597707128223504
11611,132369,3,4.987834697148287
11612,132370,3,5.789309430236068
11613,132371,3,5.916476392566182
11614,132372,3,5.439151689424026
11615,132373,3,5.45330171859015
11616,132374,3,5.750063487578067
11617,132375,3,5.955104696376748
11618,132376,3,5.589175062553634
11619,132377,3,5.338510451356307
11620,132378,3,5.060609198807873
11621,132379,3,5.407313892021178
11622,132380,3,5.49675786859971
11623,132381,3,5.726635278134569
11624,132382,3,5.576385419592238
11625,132383,3,4.345507011656624
11626,132384,3,5.290810309381105
11627,132385,3,5.092922376013568
11628,132386,3,5.610685474434824
11629,132387,3,5.610685474434824
11630,132388,3,5.610685474434824
11631,132389,3,5.609999160918744
11632,132390,3,5.711359634468389
11633,132391,3,4.022397121031866
11634,132392,3,5.449991143424315
11635,132393,3,5.486270181229934
11636,132394,3,6.429984405922622
11637,132395,3,5.752282590176763
11638,132396,3,5.419456288615283
11639,132397,3,5.474598115810448
11640,132398,3,5.713885191412505
11641,132399,3,5.14470398245207
11642,132400,3,5.376267788761949
11643,132401,3,6.0266959926029005
11644,132402,3,5.79906290810102
11645,132403,3,5.631441981531568
11646,132404,3,5.672660222162946
11647,132405,3,5.562266518105059
11648,132406,3,5.055500538998163
11649,132407,3,6.154068929902713
11650,132408,3,5.936627379722299
11651,132409,3,5.283583809913625
11652,132410,3,4.674978583166867
11653,132411,3,5.269434942374856
11654,132412,3,5.698372606170541
11655,132413,3,5.594036479564645
11656,132414,3,5.6801144187774755
11657,132415,3,5.224860227841441
11658,132416,3,5.58785450660697
11659,132417,3,5.575800579618365
11660,132418,3,5.715116629785371
11661,132419,3,5.460262016783286
11662,132420,3,5.086036129174216
11663,132421,3,5.08381081213947
11664,132422,3,5.558977436560891
11665,132423,3,5.405757121663845
11666,132424,3,6.0317131145023914
11667,132425,3,5.727201837040563
11668,132426,3,5.322081405175312
11669,132427,3,5.143548930111406
11670,132428,3,5.806169875905233
11671,132429,3,5.157396947795272
11672,132430,3,4.99780344097148
11673,132431,3,5.688325672054045
11674,132432,3,5.548602357717228
11675,132433,3,5.737695503053121
11676,132434,3,4.501953738288865
11677,132435,3,5.767626953392755
11678,132436,3,5.405807461962055
11679,132437,3,5.479372512174026
11680,132438,3,5.752271564849412
11681,132439,3,6.089960507491957
11682,132440,3,5.464038801228436
11683,132441,3,5.523466299788772
11684,132442,3,6.429980454799037
11685,132443,3,4.7022599701909895
11686,132444,3,5.754793714879967
11687,132445,3,5.343787882848288
11688,132446,3,5.250474073939978
11689,132447,3,4.272882853732476
11690,132448,3,5.7952551322440495
11691,132449,3,5.269304986612466
11692,132450,3,5.318620479185373
11693,132451,3,4.656602193662135
11694,132452,3,5.524114895879421
11695,132453,3,4.502761604836104
11696,132454,3,5.391132355402362
11697,132455,3,5.164555968321473
11698,132456,3,5.413212209689995
11699,132457,3,5.440135854813714
11700,132458,3,5.257773078589589
11701,132459,3,5.288040132874274
11702,132460,3,4.111250038357614
11703,132461,3,4.747366899242644
11704,132462,3,4.607472534870771
11705,132463,3,4.077265736495253
11706,132464,3,5.77807745263073
11707,132465,3,5.555162368033352
11708,132466,3,5.870544937669629
11709,132467,3,5.304654145550057
11710,132468,3,5.5102498362888905
11711,132469,3,4.901457249395204
11712,132470,3,5.398353449477153
11713,132471,3,5.309738369751383
11714,132472,3,4.789697840766469
11715,132473,3,4.136276769481916
11716,132474,3,5.4996786345208095
11717,132475,3,6.134494312328332
11718,132476,3,5.4530745948863775
11719,132477,3,5.104063925802688
11720,132478,3,5.491959501661693
11721,132479,3,5.7211601587272085
11722,132480,3,5.261570607070731
11723,132481,3,5.715862322374667
11724,132482,3,5.781495514365055
11725,132483,3,5.5971195844221775
11726,132484,3,5.278251760467838
11727,132485,3,5.286316758501216
11728,132486,3,5.019172682088748
11729,132487,3,4.984491502748364
11730,132488,3,5.260466585123621
11731,132489,3,4.9985986292117035
11732,132490,3,4.738576014302248
11733,132491,3,4.620513739215632
11734,132492,3,5.4691944352252
11735,132493,3,5.122500561336311
11736,132494,3,5.367030695602237
11737,132495,3,4.698232817272337
11738,132496,3,4.78433911303682
11739,132497,3,5.154067844066495
11740,132498,3,5.118854232092033
11741,132499,3,5.410463079994281
11742,132500,3,5.3350020048447435
11743,132501,3,5.2064559749115125
11744,132502,3,5.051986039127508
11745,132503,3,5.086053056193173
11746,132504,3,4.817776828609467
11747,132505,3,4.354513661272222
11748,132506,3,4.916348745849479
11749,132507,3,4.852110027171397
11750,132508,3,5.093868801437973
11751,132509,3,4.867867994540544
11752,132510,3,4.271355029714911
11753,132511,3,5.038037976284484
11754,132512,3,5.033661202787628
11755,132513,3,5.871364920187367
11756,132514,3,4.733752205035034
11757,132515,3,4.966891221517323
11758,132516,3,6.040252240228234
11759,132517,3,4.775763815699342
11760,132518,3,4.285247597911258
11761,132519,3,5.366262676724581
11762,132520,3,5.4559955513398055
11763,132521,3,4.9260515527932025
11764,132522,3,5.677439046491421
11765,132523,3,5.930664636968565
11766,132524,3,5.973917030519373
11767,132525,3,5.664680851610841
11768,132526,3,4.891287401793509
11769,132527,3,4.915288853666951
11770,132528,3,4.768549264118352
11771,132529,3,4.787226936083479
11772,132530,3,4.293787171980119
11773,132531,3,5.033975912379685
11774,132532,3,4.81457911088582
11775,132533,3,5.187912167502721
11776,132534,3,4.927360401066919
11777,132535,3,5.240940063708438
11778,132536,3,5.096409924569053
11779,132537,3,5.018877144696761
11780,132538,3,5.951374710219198
11781,132539,3,6.423403759864535
11782,132540,3,6.4364954747936585
11783,132541,3,6.206120011909977
11784,132542,3,6.397487029739623
11785,132543,3,4.304085248253621
11786,132544,3,5.722463078054615
11787,132545,3,4.5749029851136775
11788,132546,3,4.477119433931823
11789,132547,3,5.167509587813724
11790,132548,3,5.55748820588923
11791,132549,3,5.026604450251762
11792,132550,3,5.0276171084723265
11793,132551,3,4.949420482009887
11794,132552,3,5.133059953724217
11795,132553,3,5.02843802929316
11796,132554,3,5.085170424162531
11797,132555,3,5.269874281163217
11798,132556,3,4.6158142933135675
11799,132557,3,4.862096485552349
11800,132558,3,4.701109521104119
11801,132559,3,5.069330749774497
11802,132560,3,4.70259821131572
11803,132561,3,4.538648270667822
11804,132562,3,4.445732927739512
11805,132563,3,4.691599258156012
11806,132564,3,5.730773139879828
11807,132565,3,4.0970821625472365
11808,132566,3,4.647442474821011
11809,132567,3,5.064540596905831
11810,132568,3,4.722834324758846
11811,132569,3,5.613466295688974
11812,132570,3,4.872796407261097
11813,132571,3,5.122896778902706
11814,132572,3,4.904130032680907
11815,132573,3,4.747061706778553
11816,132574,3,4.502379564385855
11817,132575,3,4.724127503679494
11818,132576,3,4.820924719811817
11819,132577,3,5.3582970187220305
11820,132578,3,5.0234502411270885
11821,132579,3,4.732760275097563
11822,132580,3,4.879256346940973
11823,132581,3,4.579268401740462
11824,132582,3,3.9589078560521602
11825,132583,3,4.248861017669432
11826,132584,3,4.798323524172652
11827,132585,3,4.356950019490372
11828,132586,3,4.917174959451716
11829,132587,3,5.506521531925634
11830,132588,3,4.876381427004733
11831,132589,3,4.9235101791265485
11832,132590,3,4.6946711102617344
11833,132591,3,4.357146285955814
11834,132592,3,4.921001752991647
11835,132593,3,4.988533204754765
11836,132594,3,4.387635245113424
11837,132595,3,4.345129411229896
11838,132596,3,4.433373243558222
11839,132597,3,4.286399280250592
11840,132598,3,4.984822562417318
11841,132599,3,4.101567574728856
11842,132600,3,4.971123404161345
11843,132601,3,5.079526801681948
11844,132602,3,4.5645080340954545
11845,132603,3,5.278942407467365
11846,132604,3,5.112922635937526
11847,132605,3,4.560213888497286
11848,132606,3,4.550560022840923
11849,132607,3,4.877636693399825
11850,132608,3,4.897435470643206
11851,132609,3,4.5634820687487085
11852,132610,3,4.35337888764834
11853,132611,3,5.563805136478614
11854,132612,3,5.467189887670892
11855,132613,3,4.665995234508072
11856,132614,3,4.491902342872278
11857,132615,3,4.798908648882033
11858,132616,3,4.377361269094108
11859,132617,3,4.96332084343616
11860,132618,3,4.523487573847019
11861,132619,3,4.772339592997888
11862,132620,3,4.887963571137309
11863,132621,3,5.313500520374849
11864,132622,3,3.505197454037098
11865,132623,3,5.264752325314836
11866,132624,3,4.998752735426104
11867,132625,3,5.204523618440363
11868,132626,3,4.386392073062959
11869,132627,3,4.8855876931759985
11870,132628,3,4.916401726465249
11871,132629,3,4.7455943175062405
11872,132630,3,4.284460733476921
11873,132631,3,5.091361259511681
11874,132632,3,4.408676912455585
11875,132633,3,5.0956183373294905
11876,132634,3,4.72981938541054
11877,132635,3,4.783409170640567
11878,132636,3,4.887556781072886
11879,132637,3,4.545267054978536
11880,132638,3,5.120112958445164
11881,132639,3,4.555773899126976
11882,132640,3,4.759558124247542
11883,132641,3,4.842190312748794
11884,132642,3,5.355882115037368
11885,132643,3,4.4795717417592495
11886,132644,3,4.987996247592691
11887,132645,3,4.698637810943224
11888,132646,3,4.705913722028413
11889,132647,3,4.453545766707167
11890,132648,3,4.63774805008563
11891,132649,3,4.889557137915384
11892,132650,3,4.754464146364265
11893,132651,3,4.5589427404663585
11894,132652,3,4.748082712726607
11895,132653,3,4.50092140733912
11896,132654,3,4.407501441157704
11897,132655,3,4.536185078853304
11898,132656,3,3.254121338496174
11899,132657,3,4.833488450389739
11900,132658,3,4.674392916251027
11901,132659,3,3.801802195838578
11902,132660,3,4.685380593168022
11903,132661,3,4.363981067513507
11904,132662,3,4.676656879861427
11905,132663,3,4.716042456990592
11906,132664,3,4.3961665385967255
11907,132665,3,4.217968403877004
11908,132666,3,4.0653842193404675
11909,132667,3,4.96143228063946
11910,132668,3,3.9550773645985173
11911,132669,3,4.808476760841384
11912,132670,3,4.695734056731107
11913,132671,3,4.072304536223608
11914,132672,3,4.730197201072185
11915,132673,3,4.0760888616290964
11916,132674,3,3.778696434741539
11917,132675,3,4.460171092654736
11918,132676,3,4.129006875155506
11919,132677,3,4.766494239262476
11920,132678,3,4.172415531858077
11921,132679,3,4.099515958431166
11922,132680,3,4.4396393405706736
11923,132681,3,4.912295993271444
11924,132682,3,4.07635266538016
11925,132683,3,4.309994423725722
11926,132684,3,4.408101773842249
11927,132685,3,4.497620595322067
11928,132686,3,4.529464645852884
11929,132687,3,4.083645130713455
11930,132688,3,4.9197673731093845
11931,132689,3,4.311391097870786
11932,132690,3,4.512775702677982
11933,132691,3,4.383061939583779
11934,132692,3,4.8615103523946335
11935,132693,3,4.189085586608652
11936,132694,3,4.281360218052785
11937,132695,3,4.153992735164831
11938,132696,3,3.7570899880993784
11939,132697,3,4.331825932527957
11940,132698,3,4.290821245838258
11941,132699,3,4.558712538431031
11942,132700,3,4.405911867394002
11943,132701,3,4.107339679050087
11944,132702,3,4.332750314439679
11945,132703,3,4.500202407853944
11946,132704,3,4.8762613360627
11947,132705,3,4.208001775201001
11948,132706,3,4.138946800041323
11949,132707,3,4.540806680694974
11950,132708,3,4.880339785196282
11951,132709,3,4.601101693944649
11952,132710,3,3.7584833118830514
11953,132711,3,4.166075551416989
11954,132712,3,5.19178641804627
11955,132713,3,3.8652906357170833
11956,132714,3,4.372705156400237
11957,132715,3,3.8778154929660076
11958,132716,3,4.198708189978053
11959,132717,3,5.147429443707804
11960,132718,3,4.720961469661688
11961,132719,3,3.7954533469955525
11962,132720,3,4.204771350107328
11963,132721,3,4.240038287363225
11964,132722,3,3.686571167082144
11965,132723,3,2.4177333783144324
11966,132724,3,3.3856648580185316
11967,132725,3,4.24128121394379
11968,132726,3,4.071954600348106
11969,132727,3,4.735336187922692
11970,132728,3,3.8870309052682024
11971,132729,3,4.220796649471081
11972,132730,3,4.60304387454265
11973,132731,3,4.320645404205079
11974,132732,3,4.337218570803555
11975,132733,3,3.443503515243443
11976,132734,3,2.020610815808973
11977,132735,3,3.5988694596656083
11978,132736,3,3.475259842323678
11979,132737,3,3.6928435528339065
11980,132738,3,4.297157679157458
11981,132739,3,4.1457486910063235
11982,132740,3,4.4515260915507495
11983,132741,3,4.136647035318626
11984,132742,3,4.233140786039135
11985,132743,3,4.398649938137609
11986,132744,3,4.355999595643108
11987,132745,3,4.121188058111206
11988,132746,3,4.220511443167416
11989,132747,3,2.0656517673168757
11990,132748,3,4.113739942999095
11991,132749,3,3.791548197989017
11992,132750,3,4.525541756201244
11993,132751,3,3.7652671884638527
11994,132752,3,4.181690841891838
11995,132753,3,3.705461678839216
11996,132754,3,3.8001443597168953
11997,132755,3,3.876966559574222
11998,132756,3,3.8398752861147574
11999,132757,3,4.2471422763549445
12000,132758,3,4.130148347845413
12001,132759,3,4.4546833224133415
12002,132760,3,3.4683741253720224
12003,132761,3,4.275732240865405
12004,132762,3,4.25819997025183
12005,132763,3,3.2087777861658915
12006,132764,3,4.621555232704517
12007,132765,3,2.5787251859103497
12008,132766,3,3.2541364478212516
12009,132767,3,3.4693552159402326
12010,132768,3,4.248972521280052
12011,132769,3,3.633161252633516
12012,132770,3,4.191153796145832
12013,132771,3,4.043209129511784
12014,132772,3,3.9075957205289957
12015,132773,3,3.9875644408107878
12016,132774,3,4.555933069555401
12017,132775,3,4.008343876922334
12018,132776,3,2.8870127751420664
12019,132777,3,3.701140526440315
12020,132778,3,3.461736028756561
12021,132779,3,3.9289405494794254
12022,132780,3,3.300241134090475
12023,132781,3,4.352788047292786
12024,132782,3,3.3188700479822715
12025,132783,3,3.921996549267418
12026,132784,3,4.059974016990361
12027,132785,3,3.856560922846878
12028,132786,3,3.5102336510635
12029,132787,3,3.4521566772339622
12030,132788,3,4.053834859681128
12031,132789,3,4.404581330520646
12032,132790,3,3.6937971184787672
12033,132791,3,4.788245832453557
12034,132792,3,3.782748137968806
12035,132793,3,2.018253985099081
12036,132794,3,3.6778155969661217
12037,132795,3,3.6842954228985576
12038,132796,3,3.251714214469956
12039,132797,3,3.2835635854196905
12040,132798,3,5.287370530583447
12041,132799,3,3.667939375095083
12042,132800,3,3.5419930816754865
12043,132801,3,2.386512304072502
12044,132802,3,3.735570035813882
12045,132803,3,3.73993783063139
12046,132804,3,2.091689982296563
12047,132805,3,3.760928625349928
12048,132806,3,3.858150574883129
12049,132807,3,4.169528020507374
12050,132808,3,3.8082842893314695
12051,132809,3,3.806768948344901
12052,132810,3,3.3819578841447333
12053,132811,3,3.531503954917488
12054,132812,3,3.56969871150058
12055,132813,3,3.501154170103298
12056,132814,3,3.5681773627534947
12057,132815,3,3.48159921806451
12058,132816,3,3.5862237158992785
12059,132817,3,2.994678623992812
12060,132818,3,3.42656052186598
12061,132819,3,3.734404252858815
12062,132820,3,3.4697232249599845
12063,132821,3,3.8973476213822056
12064,132822,3,3.7367052696079783
12065,132823,3,3.5562335690794398
12066,132824,3,3.2729507482946145
12067,132825,3,3.4936115582662204
12068,132826,3,3.439399120042678
12069,132827,3,3.2004127950983885
12070,132828,3,3.6502664999743692
12071,132829,3,3.3249547800271926
12072,132830,3,2.9067362664855545
12073,132831,3,3.85974476519512
12074,132832,3,3.3394170064032944
12075,132833,3,3.516277517202012
12076,132834,3,3.4996820004494107
12077,132835,3,3.17849415355258
12078,132836,3,3.8519922735360104
12079,132837,3,3.6511180537001606
12080,132838,3,1.8423113079058284
12081,132839,3,3.6245406322432467
12082,132840,3,4.334555029272096
12083,132841,3,3.8507623107399787
12084,132842,3,3.2484950679718225
12085,132843,3,4.679185213592702
12086,132844,3,2.894614366376495
12087,132845,3,3.0700464477544465
12088,132846,3,2.9790231708437465
12089,132847,3,3.343576148664837
12090,132848,3,2.977821308534778
12091,132849,3,3.67562607628508
12092,132850,3,3.204553533026867
12093,132851,3,2.9172606073523566
12094,132852,3,2.9366620512794332
12095,132853,3,3.278451695439422
12096,132854,3,2.5533534597976093
12097,132855,3,3.431224123361163
12098,132856,3,3.2285805936166545
12099,132857,3,3.326304151577326
12100,132858,3,2.2340959482741845
12101,132859,3,2.928095242019409
12102,132860,3,2.4359261167055584
12103,132861,3,2.872837072367441
12104,132862,3,2.564167890761312
12105,132863,3,2.9422874994248978
12106,132864,3,2.7724408360134487
12107,132865,3,3.007011901861832
12108,132866,3,2.9054351091931863
12109,132867,3,2.558468640332041
12110,132868,3,2.1722448630837823
12111,132869,3,2.633682045837471
12112,132870,3,2.373757410141919
12113,132871,3,2.2174365574131283
12114,132872,3,1.6029030711047065
12115,132873,3,2.8445602521516884
12116,132874,3,2.46328055752205
12117,132875,3,1.9061631879277803
12118,132876,3,2.657030365346313
12119,132877,3,2.2102729763203657
12120,132878,3,2.2114778806324846
12121,132879,3,1.7914407401432726
12122,132880,3,1.8649144095104786
12123,132881,3,1.9789071290889693
12124,132882,3,1.830375133953182
12125,132883,3,1.4999094419005274
12126,132884,3,2.010624368668511
12127,132885,3,2.0383761333931654
12128,132886,3,2.018363593168093
12129,132887,3,1.8313150907887676
12130,132888,3,1.9563732213171416
12131,132889,3,1.9568742788865165
12132,132890,3,2.3085779374390745
12133,132891,3,7.6442246683882065
12134,132892,3,8.861733634697263
12135,132893,3,7.077384072987018
12136,132894,3,8.159514753347421
12137,132895,3,7.056712747768719
12138,132896,3,7.089162349286151
12139,132897,3,8.028935790818178
12140,132898,3,8.731031970121508
12141,132899,3,9.031250512047553
12142,132900,3,8.785138592988494
12143,132901,3,8.25327615199508
12144,132902,3,8.73632054026669
12145,132903,3,8.884794643267886
12146,132904,3,8.024317174311603
12147,132905,3,9.065290786089976
12148,132906,3,8.826552799368017
12149,132907,3,8.963100918543784
12150,132908,3,9.100395363869806
12151,132909,3,8.822669519024313
12152,132910,3,7.465177517722035
12153,132911,3,6.928599215564434
12154,132912,3,9.040309603938045
12155,132913,3,8.527143769715284
12156,132914,3,8.18581934477099
12157,132915,3,8.73113864572046
12158,132916,3,8.777319963840549
12159,132917,3,8.506096461437648
12160,132918,3,8.504566169692845
12161,132919,3,8.94470973518768
12162,132920,3,8.613078003900592
12163,132921,3,7.458199091716341
12164,132922,3,8.769500915088262
12165,132923,3,8.83370040149304
12166,132924,3,8.474988036237331
12167,132925,3,9.012809100382743
12168,132926,3,7.557738500779605
12169,132927,3,8.35294320756273
12170,132928,3,8.319620020046052
12171,132929,3,8.895225675345797
12172,132930,3,8.071514087154911
12173,132931,3,8.69156497403433
12174,132932,3,8.813300658521236
12175,132933,3,8.720597081168133
12176,132934,3,8.357702009359533
12177,132935,3,8.99670921182116
12178,132936,3,9.079379646223265
12179,132937,3,9.059506405807559
12180,132938,3,8.283287752206268
12181,132939,3,7.99572778222401
12182,132940,3,8.571039087594976
12183,132941,3,8.180435777031212
12184,132942,3,7.974216661612468
12185,132943,3,8.918890990791873
12186,132944,3,8.492631680019148
12187,132945,3,7.920625128605826
12188,132946,3,8.244642290692841
12189,132947,3,9.018985275703571
12190,132948,3,8.882292710616555
12191,132949,3,8.841728286180338
12192,132950,3,8.6511453075587
12193,132951,3,7.759719850025575
12194,132952,3,8.978252398480022
12195,132953,3,8.92553054323721
12196,132954,3,8.87096570119357
12197,132955,3,8.11152363353062
12198,132956,3,7.964027328685879
12199,132957,3,8.223390360606711
12200,132958,3,7.966376562453063
12201,132959,3,9.047355412631674
12202,132960,3,8.319257434837
12203,132961,3,8.370417752717628
12204,132962,3,8.6779885303106
12205,132963,3,7.791222915498066
12206,132964,3,7.9195494726776055
12207,132965,3,8.574323419906257
12208,132966,3,9.336892833535847
12209,132967,3,8.4025631776316
12210,132968,3,8.6038310421469
12211,132969,3,8.086184201862022
12212,132970,3,6.895677109967054
12213,132971,3,8.274637452958357
12214,132972,3,8.374636668107618
12215,132973,3,8.755713451586281
12216,132974,3,8.596554071231012
12217,132975,3,8.30770769321092
12218,132976,3,7.336964568155368
12219,132977,3,8.798656829085004
12220,132978,3,9.063593156116795
12221,132979,3,8.262852588475377
12222,132980,3,8.824354477251118
12223,132981,3,8.428503603904108
12224,132982,3,8.641709889502632
12225,132983,3,8.897930627130872
12226,132984,3,8.665512584278481
12227,132985,3,8.384458443949269
12228,132986,3,7.3623061116388815
12229,132987,3,8.308765516206526
12230,132988,3,7.357931299427214
12231,132989,3,8.973310784307643
12232,132990,3,7.428130912619298
12233,132991,3,8.091395820695698
12234,132992,3,8.83722916554746
12235,132993,3,8.378567041735232
12236,132994,3,7.462756024013849
12237,132995,3,8.640554784373013
12238,132996,3,8.796927526710835
12239,132997,3,8.074735925575348
12240,132998,3,8.790404198889915
12241,132999,3,8.767897485485454
12242,133000,3,8.604695973481434
12243,133001,3,8.604695973481434
12244,133002,3,7.534874963762833
12245,133003,3,7.212904867060326
12246,133004,3,7.294437563931059
12247,133005,3,6.969724055459476
12248,133006,3,7.549854156324229
12249,133007,3,9.015054334699379
12250,133008,3,8.218912671225159
12251,133009,3,8.229234642269668
12252,133010,3,9.080705926432591
12253,133011,3,8.172707339313758
12254,133012,3,7.864643347308968
12255,133013,3,8.79694920655345
12256,133014,3,7.9640256662409055
12257,133015,3,7.714266860716151
12258,133016,3,7.662700786236086
12259,133017,3,7.4726085468729835
12260,133018,3,8.45425859191806
12261,133019,3,7.517646165039846
12262,133020,3,7.728388323318542
12263,133021,3,8.65497970998424
12264,133022,3,8.975734768530426
12265,133023,3,8.181529094124453
12266,133024,3,7.6723604339585965
12267,133025,3,8.78624697313273
12268,133026,3,8.407244364907854
12269,133027,3,7.175799632063817
12270,133028,3,8.65733305529681
12271,133029,3,8.400472385202635
12272,133030,3,8.400472385202635
12273,133031,3,8.903684970689927
12274,133032,3,8.932534834407422
12275,133033,3,8.046223433609905
12276,133034,3,6.826551622528488
12277,133035,3,8.07899630759221
12278,133036,3,8.306053139041946
12279,133037,3,8.120183316768141
12280,133038,3,8.675213853639814
12281,133039,3,8.358311852957604
12282,133040,3,8.017551821473472
12283,133041,3,7.9816538658559395
12284,133042,3,8.18881197316151
12285,133043,3,7.665382809513685
12286,133044,3,8.574255974652727
12287,133045,3,8.562414817551762
12288,133046,3,7.988206378681368
12289,133047,3,8.624301978674414
12290,133048,3,7.98047909813498
12291,133049,3,8.240665553113738
12292,133050,3,9.207211028796541
12293,133051,3,8.246814178718578
12294,133052,3,7.569267958808884
12295,133053,3,8.886188239283495
12296,133054,3,8.430105324097466
12297,133055,3,8.02721211933292
12298,133056,3,7.26288275323741
12299,133057,3,7.924176971134699
12300,133058,3,7.882676062344044
12301,133059,3,7.684283755893485
12302,133060,3,8.272041561033618
12303,133061,3,8.367656417449117
12304,133062,3,8.739405320629952
12305,133063,3,7.110808488865836
12306,133064,3,8.4246329600123
12307,133065,3,8.465822230745374
12308,133066,3,7.821656981773607
12309,133067,3,8.709862074002999
12310,133068,3,8.630026721821842
12311,133069,3,8.427128044462386
12312,133070,3,9.041026236799606
12313,133071,3,7.748815306615044
12314,133072,3,7.540161567570197
12315,133073,3,7.228312321829554
12316,133074,3,7.473135394055941
12317,133075,3,8.047272328761258
12318,133076,3,7.9542642242927295
12319,133077,3,8.035914294960902
12320,133078,3,8.861454359307992
12321,133079,3,8.277137192625315
12322,133080,3,8.637823552562997
12323,133081,3,8.638354832114594
12324,133082,3,7.785593271099864
12325,133083,3,7.0378691336275105
12326,133084,3,7.7867189699460875
12327,133085,3,8.006420346601418
12328,133086,3,8.189937897605828
12329,133087,3,8.00325799016958
12330,133088,3,8.082232800471436
12331,133089,3,7.633603165588752
12332,133090,3,8.261158350173151
12333,133091,3,8.48753498747495
12334,133092,3,8.1006745323777
12335,133093,3,8.130968866740858
12336,133094,3,8.402830392532252
12337,133095,3,8.233544863403463
12338,133096,3,8.372760325724174
12339,133097,3,8.426861746422622
12340,133098,3,7.503385746824191
12341,133099,3,8.187012392840806
12342,133100,3,9.158733442942797
12343,133101,3,7.78552178341257
12344,133102,3,7.461187579633061
12345,133103,3,7.791970360719634
12346,133104,3,8.874355213848474
12347,133105,3,7.776612746187308
12348,133106,3,7.595999841780235
12349,133107,3,6.771824345713826
12350,133108,3,7.526901242905143
12351,133109,3,8.901285935216297
12352,133110,3,8.026350159155392
12353,133111,3,7.618047176577216
12354,133112,3,7.74582033794754
12355,133113,3,8.533525132489405
12356,133114,3,7.774021424497519
12357,133115,3,7.5352006108061165
12358,133116,3,6.747632529427031
12359,133117,3,8.788515016341751
12360,133118,3,8.427130084774358
12361,133119,3,8.407846386637978
12362,133120,3,8.880579308095255
12363,133121,3,8.31003289981751
12364,133122,3,7.7151277625463885
12365,133123,3,7.689118711402617
12366,133124,3,8.160047180644487
12367,133125,3,8.388695234838838
12368,133126,3,8.164361885233934
12369,133127,3,7.512304059653557
12370,133128,3,7.394296342987885
12371,133129,3,8.442996619001073
12372,133130,3,6.509541165844143
12373,133131,3,8.430444522288253
12374,133132,3,8.088360219229585
12375,133133,3,8.473025144024804
12376,133134,3,8.154893921558404
12377,133135,3,7.740293708673594
12378,133136,3,7.13999946912926
12379,133137,3,7.8562696294342595
12380,133138,3,6.879359869140324
12381,133139,3,7.324486284685154
12382,133140,3,8.308661260332304
12383,133141,3,8.395922229018307
12384,133142,3,8.584558180207088
12385,133143,3,6.933297773030591
12386,133144,3,8.004196973703507
12387,133145,3,7.771230585424494
12388,133146,3,7.418696401372284
12389,133147,3,6.958067455539881
12390,133148,3,8.495250768423922
12391,133149,3,7.677027834453452
12392,133150,3,8.073896959607513
12393,133151,3,8.348508010154607
12394,133152,3,7.721565107886914
12395,133153,3,7.924533211494625
12396,133154,3,8.79634458142726
12397,133155,3,8.029912751560211
12398,133156,3,7.647088215866078
12399,133157,3,6.9592903328072255
12400,133158,3,6.230842138456357
12401,133159,3,7.735670458111688
12402,133160,3,8.026026805949295
12403,133161,3,7.585625129388528
12404,133162,3,7.797163322445018
12405,133163,3,8.137589192084853
12406,133164,3,7.82326533897896
12407,133165,3,8.086053602943531
12408,133166,3,7.2043225304634015
12409,133167,3,8.636761252023415
12410,133168,3,8.647484071566986
12411,133169,3,8.184361723748124
12412,133170,3,7.62361238846478
12413,133171,3,7.719126723008731
12414,133172,3,7.668605744937205
12415,133173,3,8.157678097835854
12416,133174,3,8.41072544865184
12417,133175,3,7.549493685483165
12418,133176,3,7.969771080712308
12419,133177,3,7.4781472165894325
12420,133178,3,8.70208261430594
12421,133179,3,6.969855014855229
12422,133180,3,6.057336509419967
12423,133181,3,7.515827135579884
12424,133182,3,8.223053038792056
12425,133183,3,8.288497014111673
12426,133184,3,7.665077122127827
12427,133185,3,7.6845094387419115
12428,133186,3,7.1731825772678315
12429,133187,3,8.642608314321551
12430,133188,3,7.000441563868548
12431,133189,3,7.268842546401626
12432,133190,3,6.747268575162973
12433,133191,3,7.683992144767145
12434,133192,3,8.267338300408062
12435,133193,3,7.109366103407906
12436,133194,3,9.093758717543958
12437,133195,3,7.74269231399755
12438,133196,3,7.06750556062332
12439,133197,3,7.893269568077421
12440,133198,3,7.765360910851067
12441,133199,3,8.306431916349919
12442,133200,3,7.172827642471405
12443,133201,3,7.923219954125401
12444,133202,3,7.374693045314681
12445,133203,3,6.716505851798
12446,133204,3,8.050544797354707
12447,133205,3,8.073490155459771
12448,133206,3,8.124740773384831
12449,133207,3,7.432600218466007
12450,133208,3,7.516714737703814
12451,133209,3,7.091148262796315
12452,133210,3,7.278477212053032
12453,133211,3,7.126291400525638
12454,133212,3,7.186924842845576
12455,133213,3,7.392535270377986
12456,133214,3,7.387247481867338
12457,133215,3,7.8235118451815175
12458,133216,3,7.325971365510449
12459,133217,3,7.6315184552354305
12460,133218,3,7.671998246808349
12461,133219,3,7.353987595174843
12462,133220,3,7.2319036317692
12463,133221,3,8.240084122871599
12464,133222,3,8.64480027096646
12465,133223,3,7.372188892199472
12466,133224,3,7.644506591238359
12467,133225,3,7.823041981382457
12468,133226,3,7.8495443499247735
12469,133227,3,7.507820447877115
12470,133228,3,7.106383159932325
12471,133229,3,6.61361223759236
12472,133230,3,6.9423486226982405
12473,133231,3,7.833923644449634
12474,133232,3,8.020670458269151
12475,133233,3,8.828871710086693
12476,133234,3,7.871587267445844
12477,133235,3,7.430943650246816
12478,133236,3,7.608370292070849
12479,133237,3,7.617817499324557
12480,133238,3,7.300412643209334
12481,133239,3,7.472931638426667
12482,133240,3,7.987047491173087
12483,133241,3,8.187681457854838
12484,133242,3,8.135759190775188
12485,133243,3,8.101181788660618
12486,133244,3,7.217545374304262
12487,133245,3,6.599899082191366
12488,133246,3,8.35979373181936
12489,133247,3,7.635444339023647
12490,133248,3,7.750622715521844
12491,133249,3,7.616369246584315
12492,133250,3,7.172858280035616
12493,133251,3,6.855771408359685
12494,133252,3,7.915158272906373
12495,133253,3,6.944615525686859
12496,133254,3,7.823612455325034
12497,133255,3,6.508815055015829
12498,133256,3,7.389900469229959
12499,133257,3,6.698760073528538
12500,133258,3,7.6186008301633965
12501,133259,3,8.173017228344388
12502,133260,3,7.49971566936031
12503,133261,3,7.622631847668799
12504,133262,3,7.407977600845381
12505,133263,3,7.692134501209262
12506,133264,3,6.620446832046104
12507,133265,3,6.9230652435499636
12508,133266,3,7.899134294278875
12509,133267,3,7.456536409292799
12510,133268,3,7.853625677689779
12511,133269,3,7.888254876322193
12512,133270,3,7.2043741278414855
12513,133271,3,6.394682182396575
12514,133272,3,7.402540963809411
12515,133273,3,7.3553522740998645
12516,133274,3,8.365465182390984
12517,133275,3,8.698210864401904
12518,133276,3,6.892365110411999
12519,133277,3,7.7534501528425
12520,133278,3,7.622345967672774
12521,133279,3,7.979782334744837
12522,133280,3,7.169787885995506
12523,133281,3,7.433144109382073
12524,133282,3,7.544623980141963
12525,133283,3,6.987915404468952
12526,133284,3,7.663359770142259
12527,133285,3,8.100641273696276
12528,133286,3,6.525560577167662
12529,133287,3,6.752792936031925
12530,133288,3,7.49973698716452
12531,133289,3,6.869522721234389
12532,133290,3,6.4260872284451604
12533,133291,3,7.4813749824625875
12534,133292,3,6.923368042747842
12535,133293,3,6.722476510003136
12536,133294,3,7.3008372134325885
12537,133295,3,7.5266934904005005
12538,133296,3,7.3679198775693955
12539,133297,3,6.4568911701256075
12540,133298,3,6.647270803142511
12541,133299,3,7.022153868258925
12542,133300,3,6.84343285691414
12543,133301,3,7.777707695692703
12544,133302,3,7.3318005591468385
12545,133303,3,7.346099223143861
12546,133304,3,6.753766086363332
12547,133305,3,6.698298566749138
12548,133306,3,7.554779065387444
12549,133307,3,6.84227059977587
12550,133308,3,7.788484597348592
12551,133309,3,7.6814235614471755
12552,133310,3,7.77388761040813
12553,133311,3,7.993753409656142
12554,133312,3,7.4914778592943705
12555,133313,3,7.817653770827308
12556,133314,3,8.339091480340215
12557,133315,3,7.677567432072071
12558,133316,3,6.806184149561803
12559,133317,3,7.197181271249718
12560,133318,3,7.977532683463745
12561,133319,3,6.6227045305720615
12562,133320,3,6.958752423482368
12563,133321,3,7.426447849202492
12564,133322,3,7.302562475875459
12565,133323,3,7.197168917421149
12566,133324,3,7.363130204608617
12567,133325,3,7.131296469513382
12568,133326,3,7.192459507802338
12569,133327,3,5.093322965076067
12570,133328,3,7.474010260093494
12571,133329,3,7.460280230310004
12572,133330,3,6.881563329214873
12573,133331,3,6.98211442182878
12574,133332,3,7.788411713498338
12575,133333,3,8.118640034071817
12576,133334,3,7.13149292446018
12577,133335,3,6.798048636660492
12578,133336,3,7.096091066509702
12579,133337,3,7.97352505572909
12580,133338,3,7.1150340392268605
12581,133339,3,6.25677014151755
12582,133340,3,8.6572822450536
12583,133341,3,7.739215910656757
12584,133342,3,7.861659485988639
12585,133343,3,6.856488620689181
12586,133344,3,7.365064416070243
12587,133345,3,6.263158654852255
12588,133346,3,6.605147608213699
12589,133347,3,7.175893701480728
12590,133348,3,6.448599789263092
12591,133349,3,7.280276434517847
12592,133350,3,6.443560421283258
12593,133351,3,7.372211452610249
12594,133352,3,7.929973809210432
12595,133353,3,7.856678179994473
12596,133354,3,6.804334575133185
12597,133355,3,7.233949644257185
12598,133356,3,6.568813616709346
12599,133357,3,6.513005356097323
12600,133358,3,6.991717307763585
12601,133359,3,6.188399125167423
12602,133360,3,6.916102798258505
12603,133361,3,7.845157952560906
12604,133362,3,7.334355320104368
12605,133363,3,7.60713244507172
12606,133364,3,7.697378373735969
12607,133365,3,6.474681133497324
12608,133366,3,6.224661017524846
12609,133367,3,6.596794733179637
12610,133368,3,6.529956000882259
12611,133369,3,7.019685387185613
12612,133370,3,6.397541671050384
12613,133371,3,6.362896984521069
12614,133372,3,6.705151704098296
12615,133373,3,6.142445724424541
12616,133374,3,7.404705524844333
12617,133375,3,6.426486062522439
12618,133376,3,6.631217548952853
12619,133377,3,7.220770589515398
12620,133378,3,6.975129293553765
12621,133379,3,6.80313065770423
12622,133380,3,6.444117864235563
12623,133381,3,7.481848195767796
12624,133382,3,7.982265934887894
12625,133383,3,8.163222906758332
12626,133384,3,6.651926360739546
12627,133385,3,5.970030602222795
12628,133386,3,7.430944674154941
12629,133387,3,6.318601543336597
12630,133388,3,6.973500972539512
12631,133389,3,5.7798058586817
12632,133390,3,6.7612620654098485
12633,133391,3,6.5646728369448
12634,133392,3,6.973291169128185
12635,133393,3,6.35711167648254
12636,133394,3,5.846255768262394
12637,133395,3,6.309361457790318
12638,133396,3,6.9177879267825695
12639,133397,3,5.836153665281089
12640,133398,3,5.181603710458507
12641,133399,3,6.693216755051897
12642,133400,3,6.161801213405905
12643,133401,3,5.295067273027022
12644,133402,3,6.8719331652223365
12645,133403,3,5.784767637592877
12646,133404,3,8.086710298829077
12647,133405,3,7.39911863274309
12648,133406,3,5.150531408949133
12649,133407,3,7.589365063103302
12650,133408,3,7.599115532238054
12651,133409,3,7.322979591951434
12652,133410,3,6.04345350716327
12653,133411,3,7.577857410963489
12654,133412,3,6.928926147081668
12655,133413,3,7.260065663836953
12656,133414,3,6.741614323381193
12657,133415,3,6.832693477847939
12658,133416,3,5.961553755413397
12659,133417,3,6.627191015028326
12660,133418,3,6.305528187201474
12661,133419,3,7.68529244029199
12662,133420,3,5.515416526353746
12663,133421,3,6.494173835680528
12664,133422,3,7.066514879804589
12665,133423,3,6.1076697795449055
12666,133424,3,7.591390811756807
12667,133425,3,7.0634789615022395
12668,133426,3,4.651501790417285
12669,133427,3,7.706903777055128
12670,133428,3,7.193219563542816
12671,133429,3,5.433899234752035
12672,133430,3,5.642976002574187
12673,133431,3,4.424752894058313
12674,133432,3,6.219401687522968
12675,133433,3,4.6964834785757406
12676,133434,3,3.344877200980563
12677,133435,3,5.379526598906927
12678,133436,3,4.887946794016563
12679,133437,3,3.776778235304857
12680,133438,3,8.7204812403374
12681,133439,3,7.801761137327256
12682,133440,3,9.100267292296495
12683,133441,3,8.266435716437547
12684,133442,3,8.72525622402472
12685,133443,3,9.19164748019877
12686,133444,3,8.92823773085419
12687,133445,3,8.265952676200776
12688,133446,3,8.335629883378973
12689,133447,3,8.793798430390394
12690,133448,3,8.895438674758722
12691,133449,3,8.287903456907856
12692,133450,3,8.454971194697762
12693,133451,3,8.693705940017946
12694,133452,3,8.840443425853872
12695,133453,3,8.388796540883883
12696,133454,3,8.818696586027945
12697,133455,3,8.976639544136777
12698,133456,3,7.2391073817223965
12699,133457,3,7.563696540227145
12700,133458,3,7.848164892861576
12701,133459,3,8.673982718468213
12702,133460,3,8.55883129997169
12703,133461,3,8.674530946500022
12704,133462,3,7.685471016399023
12705,133463,3,8.446113749462928
12706,133464,3,8.770688586625347
12707,133465,3,8.79434510993476
12708,133466,3,8.064794781547121
12709,133467,3,7.559082696249397
12710,133468,3,9.133873627997641
12711,133469,3,8.539687261046252
12712,133470,3,9.122632657953934
12713,133471,3,8.834357896719286
12714,133472,3,8.859932227811917
12715,133473,3,9.024038591845853
12716,133474,3,7.9492993536642285
12717,133475,3,8.587328225296826
12718,133476,3,8.879222833308022
12719,133477,3,8.923628341536336
12720,133478,3,8.914575269293712
12721,133479,3,8.235569093507742
12722,133480,3,8.813798659027487
12723,133481,3,7.182366280141539
12724,133482,3,8.277914818143396
12725,133483,3,8.53816464511075
12726,133484,3,7.463309097908143
12727,133485,3,8.054331845274351
12728,133486,3,8.773314523849574
12729,133487,3,8.77054238591902
12730,133488,3,8.77054238591902
12731,133489,3,9.072157485838403
12732,133490,3,8.930498279194953
12733,133491,3,8.363407814218997
12734,133492,3,8.407113551616902
12735,133493,3,8.505266953511285
12736,133494,3,8.708254121725592
12737,133495,3,8.709376654095786
12738,133496,3,8.198845400436927
12739,133497,3,8.336993321494502
12740,133498,3,7.975305684551693
12741,133499,3,8.22958358746842
12742,133500,3,7.892016212870523
12743,133501,3,8.210348885107221
12744,133502,3,7.926194543478632
12745,133503,3,8.84004060360002
12746,133504,3,8.011457265026706
12747,133505,3,8.30409176488588
12748,133506,3,8.71571660046122
12749,133507,3,8.65211617640998
12750,133508,3,8.973372667254345
12751,133509,3,8.03829877751405
12752,133510,3,7.457604270798698
12753,133511,3,8.4595936553213
12754,133512,3,7.402820670522567
12755,133513,3,8.230042111482947
12756,133514,3,8.031675992012374
12757,133515,3,8.112348123381711
12758,133516,3,8.622043052715352
12759,133517,3,8.213886601805264
12760,133518,3,8.012419158892676
12761,133519,3,8.571737971643866
12762,133520,3,8.312050871863235
12763,133521,3,8.557799675539984
12764,133522,3,8.841187480726944
12765,133523,3,7.495406107992235
12766,133524,3,8.615428251530787
12767,133525,3,8.252901352312668
12768,133526,3,8.682976606738633
12769,133527,3,7.921628820641841
12770,133528,3,7.808648866456468
12771,133529,3,8.646315005441052
12772,133530,3,8.79188798492655
12773,133531,3,8.14884570762328
12774,133532,3,8.675285137711752
12775,133533,3,8.386058529137497
12776,133534,3,8.787207434008451
12777,133535,3,6.699008213451974
12778,133536,3,7.992219107211284
12779,133537,3,7.862818719636563
12780,133538,3,8.763223041542712
12781,133539,3,8.347626330570563
12782,133540,3,8.054395996184732
12783,133541,3,8.2388424840203
12784,133542,3,7.646263296824697
12785,133543,3,8.189057455539835
12786,133544,3,8.785820618710078
12787,133545,3,8.081481433123573
12788,133546,3,8.764630728757417
12789,133547,3,7.0950191032067895
12790,133548,3,8.529022984668597
12791,133549,3,6.498587532600492
12792,133550,3,8.221314927610464
12793,133551,3,6.7520561220408695
12794,133552,3,8.310585580081133
12795,133553,3,7.645089918109876
12796,133554,3,8.326070565516217
12797,133555,3,7.787880865367502
12798,133556,3,8.939005773884135
12799,133557,3,8.496165969407121
12800,133558,3,8.925661001245022
12801,133559,3,8.285966399208489
12802,133560,3,8.285966399208489
12803,133561,3,7.753232977118345
12804,133562,3,8.421819283453438
12805,133563,3,8.051665971523963
12806,133564,3,8.860857558067504
12807,133565,3,7.923572977776695
12808,133566,3,9.054588417933434
12809,133567,3,8.86267414089394
12810,133568,3,7.859778076478131
12811,133569,3,8.828544824108096
12812,133570,3,8.412055077672507
12813,133571,3,6.926610626888016
12814,133572,3,8.343524732802003
12815,133573,3,8.980505269709546
12816,133574,3,8.16992490888187
12817,133575,3,8.145938498910672
12818,133576,3,7.6703903104534055
12819,133577,3,8.339155428972086
12820,133578,3,8.83425702812832
12821,133579,3,8.673549818888521
12822,133580,3,7.660111074968249
12823,133581,3,7.274529446728241
12824,133582,3,8.472272543037995
12825,133583,3,8.628960194828942
12826,133584,3,8.125562617098238
12827,133585,3,8.74815350010886
12828,133586,3,7.753639758340472
12829,133587,3,8.16059045574588
12830,133588,3,7.6749907368404315
12831,133589,3,8.329908583162409
12832,133590,3,8.329908583162409
12833,133591,3,7.812306854021898
12834,133592,3,7.37050125835649
12835,133593,3,8.297898337472898
12836,133594,3,7.969087741868951
12837,133595,3,7.587245229825315
12838,133596,3,7.154621087415482
12839,133597,3,8.529171403123538
12840,133598,3,8.023766627899285
12841,133599,3,8.764487731453922
12842,133600,3,8.99891079911471
12843,133601,3,7.623446360459447
12844,133602,3,7.45992631203272
12845,133603,3,8.962843621139061
12846,133604,3,8.160779169253523
12847,133605,3,8.387918210347138
12848,133606,3,8.10300829021067
12849,133607,3,7.867090774878844
12850,133608,3,6.025953348003106
12851,133609,3,8.751249698673854
12852,133610,3,8.200823953596036
12853,133611,3,7.924105763894342
12854,133612,3,7.997919498787922
12855,133613,3,8.127776919348792
12856,133614,3,7.062169493878801
12857,133615,3,7.724289286387357
12858,133616,3,6.963224426372454
12859,133617,3,7.913509862224873
12860,133618,3,8.945436687475732
12861,133619,3,8.16555074915806
12862,133620,3,8.568088573749238
12863,133621,3,7.402257166675806
12864,133622,3,7.664728696916118
12865,133623,3,7.559382575335714
12866,133624,3,8.274092461434188
12867,133625,3,8.27826534874641
12868,133626,3,7.351447148644192
12869,133627,3,8.064480900751787
12870,133628,3,8.055306538749253
12871,133629,3,5.8646722845142545
12872,133630,3,7.6614791624992105
12873,133631,3,8.254420696030953
12874,133632,3,7.088769936937528
12875,133633,3,7.339324681714167
12876,133634,3,7.415286958041829
12877,133635,3,8.165325501754717
12878,133636,3,7.210898732268378
12879,133637,3,7.766807826898629
12880,133638,3,8.057365202880852
12881,133639,3,8.605177120031035
12882,133640,3,7.656658244970318
12883,133641,3,7.8851835738212905
12884,133642,3,8.543309843684527
12885,133643,3,7.38208464968066
12886,133644,3,7.5338713129024155
12887,133645,3,7.863046127678503
12888,133646,3,7.713017633603668
12889,133647,3,7.627843867415518
12890,133648,3,6.615545124809245
12891,133649,3,7.819699538103695
12892,133650,3,7.639429716799746
12893,133651,3,7.461254472326393
12894,133652,3,7.241856877603878
12895,133653,3,6.928031042361938
12896,133654,3,7.9821647890086975
12897,133655,3,7.234929369383415
12898,133656,3,8.472323370382155
12899,133657,3,7.426746437656463
12900,133658,3,6.8072422938739905
12901,133659,3,7.351468113848347
12902,133660,3,8.145765221473226
12903,133661,3,8.394726521330346
12904,133662,3,7.935519894039981
12905,133663,3,7.496645148704572
12906,133664,3,7.739070045544182
12907,133665,3,7.338378214377181
12908,133666,3,7.3796007592656645
12909,133667,3,7.545063902119312
12910,133668,3,7.759091874227511
12911,133669,3,6.745392996279225
12912,133670,3,8.570159802627778
12913,133671,3,7.097587168137316
12914,133672,3,7.270019014548406
12915,133673,3,6.598645975550189
12916,133674,3,7.585623325503526
12917,133675,3,8.215952712005471
12918,133676,3,6.537941431009928
12919,133677,3,6.7483300408020686
12920,133678,3,7.978307358118203
12921,133679,3,7.283108588202265
12922,133680,3,7.790344740348303
12923,133681,3,7.630879645798407
12924,133682,3,8.09305795586324
12925,133683,3,7.5302414448071
12926,133684,3,7.212423829730869
12927,133685,3,6.573273521733862
12928,133686,3,7.143517651478075
12929,133687,3,7.145978020554422
12930,133688,3,6.906805497399424
12931,133689,3,6.384255601351889
12932,133690,3,7.230704190821503
12933,133691,3,8.268031755013114
12934,133692,3,8.393802532312451
12935,133693,3,6.7057935653442575
12936,133694,3,6.80424541922174
12937,133695,3,7.987195412693044
12938,133696,3,6.972743002964053
12939,133697,3,7.680302120837143
12940,133698,3,6.9549450328099445
12941,133699,3,6.9392584176791345
12942,133700,3,7.059914753300172
12943,133701,3,8.001895613610113
12944,133702,3,7.794605553671796
12945,133703,3,8.713860596482363
12946,133704,3,7.2684943076795
12947,133705,3,7.429337779527971
12948,133706,3,6.80557303367436
12949,133707,3,7.334490898622603
12950,133708,3,5.891703255808773
12951,133709,3,8.013305579142841
12952,133710,3,6.005610696988502
12953,133711,3,7.134315093658059
12954,133712,3,7.088693522650298
12955,133713,3,6.872072797925012
12956,133714,3,6.908393960356655
12957,133715,3,6.9993431446395675
12958,133716,3,6.337869334977562
12959,133717,3,5.083539658136857
12960,133718,3,6.463111042879229
12961,133719,3,6.674121841972011
12962,133720,3,7.858799867367182
12963,133721,3,6.550113735415357
12964,133722,3,6.460160180330412
12965,133723,3,7.652087034401936
12966,133724,3,7.660927350559687
12967,133725,3,6.952522165072068
12968,133726,3,7.951856380153808
12969,133727,3,7.132644200368062
12970,133728,3,6.767719977104349
12971,133729,3,6.881315327573407
12972,133730,3,5.798764944195229
12973,133731,3,6.77889543353766
12974,133732,3,7.084510563537264
12975,133733,3,6.180006115837394
12976,133734,3,6.667443521345267
12977,133735,3,7.35076308423092
12978,133736,3,6.528427009086423
12979,133737,3,6.12582468723185
12980,133738,3,6.412964760206877
12981,133739,3,8.078826337875316
12982,133740,3,6.573628819086639
12983,133741,3,6.456912036026992
12984,133742,3,5.73954728977359
12985,133743,3,6.592372212090013
12986,133744,3,6.82563532339847
12987,133745,3,5.76992226305545
12988,133746,3,8.183908900186616
12989,133747,3,6.946345660505835
12990,133748,3,6.416498010064355
12991,133749,3,7.7359154829894825
12992,133750,3,7.927298534560611
12993,133751,3,5.580276929674095
12994,133752,3,5.921906090021561
12995,133753,3,6.457639700668777
12996,133754,3,7.00727637258196
12997,133755,3,6.816395636093221
12998,133756,3,8.462292742625856
12999,133757,3,6.447796988291168
13000,133758,3,6.404212063945645
13001,133759,3,5.7744347021668405
13002,133760,3,6.38854359332132
13003,133761,3,7.441959812292341
13004,133762,3,6.938625116101445
13005,133763,3,7.390585788316065
13006,133764,3,8.42954192934689
13007,133765,3,7.826516036423136
13008,133766,3,5.171914658741443
13009,133767,3,4.9877258177255746
13010,133768,3,4.962096581385797
13011,133769,3,4.4226005163161775
13012,133770,3,4.8850427057555725
13013,133771,3,3.085345368818887
13014,133772,3,5.34968407245578
13015,133773,3,2.9667047687832055
13016,133774,3,5.211067256304179
13017,133775,3,2.94071997463444
13018,133776,3,5.862058075263178
13019,120760,4,0
13020,120761,4,1
13021,120762,4,0
13022,120763,4,0
13023,120764,4,0
13024,120765,4,0
13025,120766,4,0
13026,120767,4,0
13027,120768,4,0
13028,120769,4,0
13029,120770,4,0
13030,120771,4,0
13031,120772,4,0
13032,120773,4,0
13033,120774,4,0
13034,120775,4,0
13035,120776,4,0
13036,120777,4,0
13037,120778,4,0
13038,120779,4,0
13039,120780,4,0
13040,120781,4,0
13041,120782,4,0
13042,120783,4,0
13043,120784,4,1
13044,120785,4,1
13045,120786,4,0
13046,120787,4,1
13047,120788,4,1
13048,120789,4,0
13049,120790,4,0
13050,120791,4,0
13051,120792,4,0
13052,120793,4,0
13053,120794,4,0
13054,120795,4,0
13055,120796,4,0
13056,120797,4,0
13057,120798,4,0
13058,120799,4,0
13059,120800,4,0
13060,120801,4,0
13061,120802,4,0
13062,120803,4,0
13063,120804,4,0
13064,120805,4,0
13065,120806,4,0
13066,120807,4,0
13067,120808,4,0
13068,120809,4,0
13069,120810,4,0
13070,120811,4,0
13071,120812,4,0
13072,120813,4,0
13073,120814,4,0
13074,120815,4,0
13075,120816,4,0
13076,120817,4,0
13077,120818,4,0
13078,120819,4,0
13079,120820,4,0
13080,120821,4,0
13081,120822,4,0
13082,120823,4,0
13083,120824,4,0
13084,120825,4,0
13085,120826,4,0
13086,120827,4,0
13087,120828,4,0
13088,120829,4,1
13089,120830,4,1
13090,120831,4,0
13091,120832,4,0
13092,120833,4,0
13093,120834,4,0
13094,120835,4,0
13095,120836,4,0
13096,120837,4,0
13097,120838,4,0
13098,120839,4,0
13099,120840,4,0
13100,120841,4,0
13101,120842,4,0
13102,120843,4,0
13103,120844,4,0
13104,120845,4,0
13105,120846,4,0
13106,120847,4,0
13107,120848,4,0
13108,120849,4,0
13109,120850,4,0
13110,120851,4,0
13111,120852,4,0
13112,120853,4,0
13113,120854,4,0
13114,120855,4,0
13115,120856,4,0
13116,120857,4,0
13117,120858,4,0
13118,120859,4,1
13119,120860,4,0
13120,120861,4,0
13121,120862,4,0
13122,120863,4,0
13123,120864,4,0
13124,120865,4,0
13125,120866,4,0
13126,120867,4,0
13127,120868,4,0
13128,120869,4,0
13129,120870,4,0
13130,120871,4,0
13131,120872,4,0
13132,120873,4,0
13133,120874,4,0
13134,120875,4,0
13135,120876,4,0
13136,120877,4,0
13137,120878,4,0
13138,120879,4,0
13139,120880,4,1
13140,120881,4,0
13141,120882,4,0
13142,120883,4,0
13143,120884,4,0
13144,120885,4,0
13145,120886,4,0
13146,120887,4,0
13147,120888,4,0
13148,120889,4,0
13149,120890,4,0
13150,120891,4,0
13151,120892,4,0
13152,120893,4,0
13153,120894,4,1
13154,120895,4,0
13155,120896,4,0
13156,120897,4,0
13157,120898,4,0
13158,120899,4,0
13159,120900,4,1
13160,120901,4,0
13161,120902,4,0
13162,120903,4,0
13163,120904,4,0
13164,120905,4,0
13165,120906,4,0
13166,120907,4,0
13167,120908,4,0
13168,120909,4,0
13169,120910,4,0
13170,120911,4,0
13171,120912,4,0
13172,120913,4,0
13173,120914,4,0
13174,120915,4,0
13175,120916,4,0
13176,120917,4,0
13177,120918,4,0
13178,120919,4,0
13179,120920,4,0
13180,120921,4,0
13181,120922,4,0
13182,120923,4,0
13183,120924,4,0
13184,120925,4,0
13185,120926,4,0
13186,120927,4,1
13187,120928,4,0
13188,120929,4,0
13189,120930,4,0
13190,120931,4,0
13191,120932,4,0
13192,120933,4,1
13193,120934,4,0
13194,120935,4,0
13195,120936,4,0
13196,120937,4,0
13197,120938,4,0
13198,120939,4,1
13199,120940,4,0
13200,120941,4,0
13201,120942,4,0
13202,120943,4,0
13203,120944,4,0
13204,120945,4,0
13205,120946,4,0
13206,120947,4,0
13207,120948,4,0
13208,120949,4,0
13209,120950,4,0
13210,120951,4,0
13211,120952,4,0
13212,120953,4,0
13213,120954,4,0
13214,120955,4,0
13215,120956,4,0
13216,120957,4,0
13217,120958,4,0
13218,120959,4,0
13219,120960,4,0
13220,120961,4,0
13221,120962,4,0
13222,120963,4,0
13223,120964,4,1
13224,120965,4,0
13225,120966,4,0
13226,120967,4,0
13227,120968,4,0
13228,120969,4,0
13229,120970,4,0
13230,120971,4,0
13231,120972,4,0
13232,120973,4,0
13233,120974,4,0
13234,120975,4,0
13235,120976,4,0
13236,120977,4,0
13237,120978,4,0
13238,120979,4,0
13239,120980,4,0
13240,120981,4,0
13241,120982,4,0
13242,120983,4,0
13243,120984,4,0
13244,120985,4,0
13245,120986,4,0
13246,120987,4,0
13247,120988,4,0
13248,120989,4,0
13249,120990,4,0
13250,120991,4,0
13251,120992,4,0
13252,120993,4,0
13253,120994,4,1
13254,120995,4,0
13255,120996,4,0
13256,120997,4,0
13257,120998,4,0
13258,120999,4,0
13259,121000,4,0
13260,121001,4,0
13261,121002,4,0
13262,121003,4,0
13263,121004,4,0
13264,121005,4,0
13265,121006,4,0
13266,121007,4,0
13267,121008,4,0
13268,121009,4,0
13269,121010,4,0
13270,121011,4,0
13271,121012,4,0
13272,121013,4,0
13273,121014,4,0
13274,121015,4,0
13275,121016,4,0
13276,121017,4,0
13277,121018,4,0
13278,121019,4,0
13279,121020,4,0
13280,121021,4,0
13281,121022,4,0
13282,121023,4,0
13283,121024,4,0
13284,121025,4,1
13285,121026,4,0
13286,121027,4,0
13287,121028,4,0
13288,121029,4,0
13289,121030,4,0
13290,121031,4,0
13291,121032,4,0
13292,121033,4,0
13293,121034,4,0
13294,121035,4,0
13295,121036,4,0
13296,121037,4,0
13297,121038,4,0
13298,121039,4,0
13299,121040,4,0
13300,121041,4,0
13301,121042,4,0
13302,121043,4,0
13303,121044,4,0
13304,121045,4,0
13305,121046,4,0
13306,121047,4,0
13307,121048,4,0
13308,121049,4,0
13309,121050,4,0
13310,121051,4,0
13311,121052,4,0
13312,121053,4,0
13313,121054,4,0
13314,121055,4,0
13315,121056,4,0
13316,121057,4,0
13317,121058,4,0
13318,121059,4,0
13319,121060,4,0
13320,121061,4,0
13321,121062,4,0
13322,121063,4,0
13323,121064,4,0
13324,121065,4,0
13325,121066,4,0
13326,121067,4,1
13327,121068,4,0
13328,121069,4,0
13329,121070,4,0
13330,121071,4,0
13331,121072,4,0
13332,121073,4,0
13333,121074,4,0
13334,121075,4,0
13335,121076,4,0
13336,121077,4,0
13337,121078,4,0
13338,121079,4,0
13339,121080,4,0
13340,121081,4,0
13341,121082,4,0
13342,121083,4,0
13343,121084,4,0
13344,121085,4,0
13345,121086,4,0
13346,121087,4,0
13347,121088,4,0
13348,121089,4,0
13349,121090,4,1
13350,121091,4,0
13351,121092,4,0
13352,121093,4,0
13353,121094,4,0
13354,121095,4,0
13355,121096,4,0
13356,121097,4,0
13357,121098,4,0
13358,121099,4,0
13359,121100,4,0
13360,121101,4,0
13361,121102,4,0
13362,121103,4,0
13363,121104,4,0
13364,121105,4,0
13365,121106,4,0
13366,121107,4,0
13367,121108,4,0
13368,121109,4,0
13369,121110,4,0
13370,121111,4,0
13371,121112,4,0
13372,121113,4,0
13373,121114,4,0
13374,121115,4,0
13375,121116,4,0
13376,121117,4,0
13377,121118,4,0
13378,121119,4,0
13379,121120,4,0
13380,121121,4,0
13381,121122,4,0
13382,121123,4,0
13383,121124,4,0
13384,121125,4,0
13385,121126,4,0
13386,121127,4,0
13387,121128,4,0
13388,121129,4,0
13389,121130,4,0
13390,121131,4,0
13391,121132,4,0
13392,121133,4,0
13393,121134,4,0
13394,121135,4,0
13395,121136,4,0
13396,121137,4,0
13397,121138,4,0
13398,121139,4,0
13399,121140,4,0
13400,121141,4,0
13401,121142,4,0
13402,121143,4,0
13403,121144,4,0
13404,121145,4,0
13405,121146,4,0
13406,121147,4,0
13407,121148,4,1
13408,121149,4,1
13409,121150,4,0
13410,121151,4,0
13411,121152,4,0
13412,121153,4,0
13413,121154,4,0
13414,121155,4,0
13415,121156,4,0
13416,121157,4,0
13417,121158,4,0
13418,121159,4,0
13419,121160,4,0
13420,121161,4,0
13421,121162,4,0
13422,121163,4,0
13423,121164,4,0
13424,121165,4,0
13425,121166,4,0
13426,121167,4,0
13427,121168,4,0
13428,121169,4,0
13429,121170,4,0
13430,121171,4,0
13431,121172,4,0
13432,121173,4,0
13433,121174,4,0
13434,121175,4,0
13435,121176,4,0
13436,121177,4,0
13437,121178,4,0
13438,121179,4,0
13439,121180,4,0
13440,121181,4,0
13441,121182,4,0
13442,121183,4,0
13443,121184,4,0
13444,121185,4,0
13445,121186,4,0
13446,121187,4,1
13447,121188,4,0
13448,121189,4,0
13449,121190,4,0
13450,121191,4,0
13451,121192,4,0
13452,121193,4,0
13453,121194,4,0
13454,121195,4,0
13455,121196,4,0
13456,121197,4,0
13457,121198,4,0
13458,121199,4,0
13459,121200,4,0
13460,121201,4,0
13461,121202,4,0
13462,121203,4,0
13463,121204,4,0
13464,121205,4,0
13465,121206,4,0
13466,121207,4,0
13467,121208,4,1
13468,121209,4,0
13469,121210,4,0
13470,121211,4,0
13471,121212,4,0
13472,121213,4,0
13473,121214,4,0
13474,121215,4,0
13475,121216,4,0
13476,121217,4,0
13477,121218,4,1
13478,121219,4,0
13479,121220,4,0
13480,121221,4,0
13481,121222,4,0
13482,121223,4,0
13483,121224,4,0
13484,121225,4,0
13485,121226,4,0
13486,121227,4,0
13487,121228,4,0
13488,121229,4,0
13489,121230,4,0
13490,121231,4,0
13491,121232,4,0
13492,121233,4,0
13493,121234,4,1
13494,121235,4,0
13495,121236,4,1
13496,121237,4,0
13497,121238,4,0
13498,121239,4,0
13499,121240,4,0
13500,121241,4,0
13501,121242,4,0
13502,121243,4,0
13503,121244,4,0
13504,121245,4,0
13505,121246,4,0
13506,121247,4,0
13507,121248,4,0
13508,121249,4,0
13509,121250,4,0
13510,121251,4,0
13511,121252,4,0
13512,121253,4,0
13513,121254,4,0
13514,121255,4,0
13515,121256,4,0
13516,121257,4,0
13517,121258,4,0
13518,121259,4,0
13519,121260,4,0
13520,121261,4,0
13521,121262,4,0
13522,121263,4,0
13523,121264,4,0
13524,121265,4,0
13525,121266,4,0
13526,121267,4,0
13527,121268,4,1
13528,121269,4,0
13529,121270,4,0
13530,121271,4,0
13531,121272,4,0
13532,121273,4,0
13533,121274,4,0
13534,121275,4,0
13535,121276,4,0
13536,121277,4,0
13537,121278,4,0
13538,121279,4,0
13539,121280,4,1
13540,121281,4,0
13541,121282,4,0
13542,121283,4,0
13543,121284,4,0
13544,121285,4,0
13545,121286,4,0
13546,121287,4,0
13547,121288,4,0
13548,121289,4,0
13549,121290,4,0
13550,121291,4,0
13551,121292,4,0
13552,121293,4,0
13553,121294,4,0
13554,121295,4,0
13555,121296,4,0
13556,121297,4,0
13557,121298,4,0
13558,121299,4,0
13559,121300,4,0
13560,121301,4,0
13561,121302,4,0
13562,121303,4,0
13563,121304,4,0
13564,121305,4,0
13565,121306,4,0
13566,121307,4,0
13567,121308,4,0
13568,121309,4,0
13569,121310,4,0
13570,121311,4,0
13571,121312,4,0
13572,121313,4,0
13573,121314,4,0
13574,121315,4,0
13575,121316,4,1
13576,121317,4,0
13577,121318,4,0
13578,121319,4,0
13579,121320,4,0
13580,121321,4,0
13581,121322,4,0
13582,121323,4,1
13583,121324,4,0
13584,121325,4,0
13585,121326,4,0
13586,121327,4,0
13587,121328,4,0
13588,121329,4,0
13589,121330,4,0
13590,121331,4,0
13591,121332,4,0
13592,121333,4,0
13593,121334,4,0
13594,121335,4,0
13595,121336,4,0
13596,121337,4,0
13597,121338,4,0
13598,121339,4,0
13599,121340,4,1
13600,121341,4,0
13601,121342,4,0
13602,121343,4,0
13603,121344,4,0
13604,121345,4,0
13605,121346,4,0
13606,121347,4,0
13607,121348,4,0
13608,121349,4,0
13609,121350,4,0
13610,121351,4,0
13611,121352,4,0
13612,121353,4,0
13613,121354,4,0
13614,121355,4,0
13615,121356,4,0
13616,121357,4,0
13617,121358,4,0
13618,121359,4,0
13619,121360,4,0
13620,121361,4,0
13621,121362,4,0
13622,121363,4,0
13623,121364,4,0
13624,121365,4,0
13625,121366,4,1
13626,121367,4,0
13627,121368,4,1
13628,121369,4,0
13629,121370,4,0
13630,121371,4,1
13631,121372,4,0
13632,121373,4,0
13633,121374,4,0
13634,121375,4,1
13635,121376,4,0
13636,121377,4,0
13637,121378,4,0
13638,121379,4,0
13639,121380,4,0
13640,121381,4,1
13641,121382,4,0
13642,121383,4,0
13643,121384,4,0
13644,121385,4,0
13645,121386,4,0
13646,121387,4,0
13647,121388,4,0
13648,121389,4,0
13649,121390,4,0
13650,121391,4,0
13651,121392,4,0
13652,121393,4,0
13653,121394,4,0
13654,121395,4,0
13655,121396,4,0
13656,121397,4,0
13657,121398,4,1
13658,121399,4,0
13659,121400,4,0
13660,121401,4,0
13661,121402,4,0
13662,121403,4,0
13663,121404,4,1
13664,121405,4,0
13665,121406,4,1
13666,121407,4,0
13667,121408,4,0
13668,121409,4,0
13669,121410,4,0
13670,121411,4,0
13671,121412,4,0
13672,121413,4,0
13673,121414,4,1
13674,121415,4,0
13675,121416,4,0
13676,121417,4,0
13677,121418,4,1
13678,121419,4,0
13679,121420,4,0
13680,121421,4,0
13681,121422,4,0
13682,121423,4,0
13683,121424,4,1
13684,121425,4,0
13685,121426,4,0
13686,121427,4,0
13687,121428,4,0
13688,121429,4,0
13689,121430,4,0
13690,121431,4,0
13691,121432,4,0
13692,121433,4,0
13693,121434,4,1
13694,121435,4,0
13695,121436,4,0
13696,121437,4,0
13697,121438,4,1
13698,121439,4,0
13699,121440,4,0
13700,121441,4,0
13701,121442,4,0
13702,121443,4,0
13703,121444,4,0
13704,121445,4,1
13705,121446,4,0
13706,121447,4,1
13707,121448,4,1
13708,121449,4,0
13709,121450,4,0
13710,121451,4,0
13711,121452,4,0
13712,121453,4,0
13713,121454,4,0
13714,121455,4,0
13715,121456,4,0
13716,121457,4,0
13717,121458,4,1
13718,121459,4,1
13719,121460,4,0
13720,121461,4,0
13721,121462,4,0
13722,121463,4,0
13723,121464,4,1
13724,121465,4,1
13725,121466,4,0
13726,121467,4,0
13727,121468,4,1
13728,121469,4,0
13729,121470,4,0
13730,121471,4,0
13731,121472,4,0
13732,121473,4,0
13733,121474,4,0
13734,121475,4,0
13735,121476,4,0
13736,121477,4,0
13737,121478,4,0
13738,121479,4,0
13739,121480,4,0
13740,121481,4,0
13741,121482,4,1
13742,121483,4,0
13743,121484,4,1
13744,121485,4,0
13745,121486,4,0
13746,121487,4,1
13747,121488,4,0
13748,121489,4,1
13749,121490,4,0
13750,121491,4,0
13751,121492,4,1
13752,121493,4,0
13753,121494,4,0
13754,121495,4,0
13755,121496,4,0
13756,121497,4,1
13757,121498,4,0
13758,121499,4,1
13759,121500,4,0
13760,121501,4,0
13761,121502,4,1
13762,121503,4,1
13763,121504,4,0
13764,121505,4,1
13765,121506,4,0
13766,121507,4,0
13767,121508,4,0
13768,121509,4,1
13769,121510,4,1
13770,121511,4,0
13771,121512,4,1
13772,121513,4,0
13773,121514,4,1
13774,121515,4,1
13775,121516,4,1
13776,121517,4,0
13777,121518,4,0
13778,121519,4,0
13779,121520,4,0
13780,121521,4,0
13781,121522,4,0
13782,121523,4,1
13783,121524,4,1
13784,121525,4,0
13785,121526,4,0
13786,121527,4,1
13787,121528,4,1
13788,121529,4,0
13789,121530,4,1
13790,121531,4,1
13791,121532,4,0
13792,121533,4,0
13793,121534,4,1
13794,121535,4,0
13795,121536,4,1
13796,121537,4,0
13797,121538,4,0
13798,121539,4,1
13799,121540,4,0
13800,121541,4,0
13801,121542,4,0
13802,121543,4,1
13803,121544,4,1
13804,121545,4,1
13805,121546,4,1
13806,121547,4,1
13807,121548,4,1
13808,121549,4,1
13809,121550,4,1
13810,121551,4,0
13811,121552,4,1
13812,121553,4,1
13813,121554,4,0
13814,121555,4,1
13815,121556,4,0
13816,121557,4,0
13817,121558,4,1
13818,121559,4,0
13819,121560,4,1
13820,121561,4,1
13821,121562,4,1
13822,121563,4,0
13823,121564,4,0
13824,121565,4,0
13825,121566,4,1
13826,121567,4,0
13827,121568,4,1
13828,121569,4,0
13829,121570,4,0
13830,121571,4,1
13831,121572,4,1
13832,121573,4,0
13833,121574,4,0
13834,121575,4,1
13835,121576,4,1
13836,121577,4,0
13837,121578,4,1
13838,121579,4,0
13839,121580,4,0
13840,121581,4,1
13841,121582,4,1
13842,121583,4,0
13843,121584,4,0
13844,121585,4,0
13845,121586,4,1
13846,121587,4,1
13847,121588,4,0
13848,121589,4,1
13849,121590,4,1
13850,121591,4,1
13851,121592,4,1
13852,121593,4,1
13853,121594,4,0
13854,121595,4,1
13855,121596,4,0
13856,121597,4,0
13857,121598,4,1
13858,121599,4,1
13859,121600,4,1
13860,121601,4,1
13861,121602,4,0
13862,121603,4,0
13863,121604,4,1
13864,121605,4,1
13865,121606,4,1
13866,121607,4,1
13867,121608,4,0
13868,121609,4,1
13869,121610,4,0
13870,121611,4,1
13871,121612,4,1
13872,121613,4,1
13873,121614,4,1
13874,121615,4,1
13875,121616,4,1
13876,121617,4,1
13877,121618,4,1
13878,121619,4,1
13879,121620,4,1
13880,121621,4,1
13881,121622,4,1
13882,121623,4,1
13883,121624,4,1
13884,121625,4,1
13885,121626,4,1
13886,121627,4,1
13887,121628,4,1
13888,121629,4,1
13889,121630,4,1
13890,121631,4,1
13891,121632,4,1
13892,121633,4,1
13893,121634,4,1
13894,121635,4,1
13895,121636,4,1
13896,121637,4,1
13897,121638,4,1
13898,121639,4,1
13899,121640,4,1
13900,121641,4,1
13901,121642,4,1
13902,121643,4,1
13903,121644,4,1
13904,121645,4,1
13905,121646,4,1
13906,121647,4,1
13907,121648,4,1
13908,121649,4,1
13909,121650,4,1
13910,121651,4,1
13911,121652,4,1
13912,121653,4,1
13913,121654,4,1
13914,121655,4,1
13915,121656,4,1
13916,121657,4,1
13917,121658,4,1
13918,121659,4,1
13919,121660,4,1
13920,121661,4,1
13921,121662,4,1
13922,121663,4,1
13923,121664,4,1
13924,121665,4,1
13925,121666,4,1
13926,121667,4,1
13927,121668,4,1
13928,121669,4,1
13929,121670,4,1
13930,121671,4,1
13931,121672,4,1
13932,121673,4,0
13933,121674,4,1
13934,121675,4,1
13935,121676,4,1
13936,121677,4,1
13937,121678,4,1
13938,121679,4,1
13939,121680,4,1
13940,121681,4,1
13941,121682,4,1
13942,121683,4,1
13943,121684,4,1
13944,121685,4,1
13945,121686,4,1
13946,121687,4,1
13947,121688,4,1
13948,121689,4,1
13949,121690,4,1
13950,121691,4,1
13951,121692,4,1
13952,121693,4,1
13953,121694,4,1
13954,121695,4,1
13955,121696,4,1
13956,121697,4,1
13957,121698,4,1
13958,121699,4,1
13959,121700,4,1
13960,121701,4,1
13961,121702,4,1
13962,121703,4,1
13963,121704,4,1
13964,121705,4,1
13965,121706,4,1
13966,121707,4,1
13967,121708,4,1
13968,121709,4,1
13969,121710,4,1
13970,121711,4,1
13971,121712,4,1
13972,121713,4,1
13973,121714,4,1
13974,121715,4,1
13975,121716,4,1
13976,121717,4,1
13977,121718,4,0
13978,121719,4,1
13979,121720,4,1
13980,121721,4,1
13981,121722,4,1
13982,121723,4,1
13983,121724,4,1
13984,121725,4,1
13985,121726,4,1
13986,121727,4,0
13987,121728,4,1
13988,121729,4,1
13989,121730,4,1
13990,121731,4,1
13991,121732,4,1
13992,121733,4,1
13993,121734,4,1
13994,121735,4,1
13995,121736,4,1
13996,121737,4,1
13997,121738,4,1
13998,121739,4,1
13999,121740,4,1
14000,121741,4,1
14001,121742,4,1
14002,121743,4,0
14003,121744,4,0
14004,121745,4,1
14005,121746,4,1
14006,121747,4,0
14007,121748,4,1
14008,121749,4,0
14009,121750,4,1
14010,121751,4,1
14011,121752,4,0
14012,121753,4,1
14013,121754,4,1
14014,121755,4,1
14015,121756,4,1
14016,121757,4,1
14017,121758,4,1
14018,121759,4,1
14019,121760,4,1
14020,121761,4,1
14021,121762,4,1
14022,121763,4,1
14023,121764,4,0
14024,121765,4,0
14025,121766,4,1
14026,121767,4,1
14027,121768,4,1
14028,121769,4,0
14029,121770,4,1
14030,121771,4,1
14031,121772,4,0
14032,121773,4,1
14033,121774,4,0
14034,121775,4,0
14035,121776,4,0
14036,121777,4,0
14037,121778,4,0
14038,121779,4,0
14039,121780,4,1
14040,121781,4,1
14041,121782,4,0
14042,121783,4,1
14043,121784,4,1
14044,121785,4,1
14045,121786,4,1
14046,121787,4,1
14047,121788,4,0
14048,121789,4,1
14049,121790,4,1
14050,121791,4,1
14051,121792,4,1
14052,121793,4,0
14053,121794,4,1
14054,121795,4,0
14055,121796,4,0
14056,121797,4,1
14057,121798,4,0
14058,121799,4,0
14059,121800,4,1
14060,121801,4,1
14061,121802,4,1
14062,121803,4,0
14063,121804,4,0
14064,121805,4,1
14065,121806,4,0
14066,121807,4,0
14067,121808,4,0
14068,121809,4,0
14069,121810,4,0
14070,121811,4,0
14071,121812,4,0
14072,121813,4,0
14073,121814,4,0
14074,121815,4,0
14075,121816,4,0
14076,121817,4,1
14077,121818,4,0
14078,121819,4,0
14079,121820,4,0
14080,121821,4,1
14081,121822,4,0
14082,121823,4,0
14083,121824,4,0
14084,121825,4,0
14085,121826,4,0
14086,121827,4,0
14087,121828,4,0
14088,121829,4,0
14089,121830,4,1
14090,121831,4,1
14091,121832,4,1
14092,121833,4,1
14093,121834,4,0
14094,121835,4,1
14095,121836,4,0
14096,121837,4,0
14097,121838,4,0
14098,121839,4,0
14099,121840,4,0
14100,121841,4,0
14101,121842,4,0
14102,121843,4,0
14103,121844,4,1
14104,121845,4,0
14105,121846,4,1
14106,121847,4,0
14107,121848,4,1
14108,121849,4,0
14109,121850,4,0
14110,121851,4,0
14111,121852,4,0
14112,121853,4,0
14113,121854,4,0
14114,121855,4,0
14115,121856,4,0
14116,121857,4,0
14117,121858,4,0
14118,121859,4,0
14119,121860,4,1
14120,121861,4,0
14121,121862,4,1
14122,121863,4,0
14123,121864,4,0
14124,121865,4,0
14125,121866,4,0
14126,121867,4,1
14127,121868,4,1
14128,121869,4,0
14129,121870,4,0
14130,121871,4,0
14131,121872,4,0
14132,121873,4,1
14133,121874,4,0
14134,121875,4,0
14135,121876,4,1
14136,121877,4,1
14137,121878,4,0
14138,121879,4,0
14139,121880,4,0
14140,121881,4,1
14141,121882,4,1
14142,121883,4,0
14143,121884,4,0
14144,121885,4,0
14145,121886,4,0
14146,121887,4,0
14147,121888,4,1
14148,121889,4,1
14149,121890,4,0
14150,121891,4,0
14151,121892,4,0
14152,121893,4,1
14153,121894,4,0
14154,121895,4,0
14155,121896,4,0
14156,121897,4,1
14157,121898,4,0
14158,121899,4,0
14159,121900,4,0
14160,121901,4,0
14161,121902,4,0
14162,121903,4,0
14163,121904,4,0
14164,121905,4,0
14165,121906,4,0
14166,121907,4,1
14167,121908,4,0
14168,121909,4,0
14169,121910,4,1
14170,121911,4,0
14171,121912,4,0
14172,121913,4,1
14173,121914,4,0
14174,121915,4,1
14175,121916,4,0
14176,121917,4,0
14177,121918,4,0
14178,121919,4,0
14179,121920,4,0
14180,121921,4,0
14181,121922,4,1
14182,121923,4,1
14183,121924,4,0
14184,121925,4,1
14185,121926,4,0
14186,121927,4,1
14187,121928,4,0
14188,121929,4,0
14189,121930,4,0
14190,121931,4,0
14191,121932,4,1
14192,121933,4,0
14193,121934,4,0
14194,121935,4,0
14195,121936,4,0
14196,121937,4,0
14197,121938,4,1
14198,121939,4,0
14199,121940,4,0
14200,121941,4,0
14201,121942,4,0
14202,121943,4,0
14203,121944,4,0
14204,121945,4,0
14205,121946,4,0
14206,121947,4,0
14207,121948,4,1
14208,121949,4,0
14209,121950,4,0
14210,121951,4,0
14211,121952,4,0
14212,121953,4,0
14213,121954,4,0
14214,121955,4,0
14215,121956,4,0
14216,121957,4,0
14217,121958,4,0
14218,121959,4,0
14219,121960,4,1
14220,121961,4,1
14221,121962,4,1
14222,121963,4,0
14223,121964,4,0
14224,121965,4,1
14225,121966,4,0
14226,121967,4,0
14227,121968,4,1
14228,121969,4,1
14229,121970,4,0
14230,121971,4,0
14231,121972,4,0
14232,121973,4,0
14233,121974,4,0
14234,121975,4,0
14235,121976,4,0
14236,121977,4,0
14237,121978,4,0
14238,121979,4,0
14239,121980,4,0
14240,121981,4,0
14241,121982,4,0
14242,121983,4,0
14243,121984,4,0
14244,121985,4,1
14245,121986,4,1
14246,121987,4,0
14247,121988,4,0
14248,121989,4,0
14249,121990,4,0
14250,121991,4,0
14251,121992,4,0
14252,121993,4,0
14253,121994,4,1
14254,121995,4,0
14255,121996,4,0
14256,121997,4,0
14257,121998,4,0
14258,121999,4,0
14259,122000,4,0
14260,122001,4,1
14261,122002,4,1
14262,122003,4,0
14263,122004,4,0
14264,122005,4,0
14265,122006,4,0
14266,122007,4,0
14267,122008,4,0
14268,122009,4,1
14269,122010,4,0
14270,122011,4,0
14271,122012,4,0
14272,122013,4,0
14273,122014,4,1
14274,122015,4,0
14275,122016,4,0
14276,122017,4,1
14277,122018,4,0
14278,122019,4,1
14279,122020,4,0
14280,122021,4,0
14281,122022,4,1
14282,122023,4,0
14283,122024,4,0
14284,122025,4,0
14285,122026,4,0
14286,122027,4,0
14287,122028,4,0
14288,122029,4,0
14289,122030,4,0
14290,122031,4,0
14291,122032,4,0
14292,122033,4,0
14293,122034,4,0
14294,122035,4,0
14295,122036,4,0
14296,122037,4,0
14297,122038,4,0
14298,122039,4,0
14299,122040,4,0
14300,122041,4,0
14301,122042,4,0
14302,122043,4,0
14303,122044,4,1
14304,122045,4,0
14305,122046,4,0
14306,122047,4,0
14307,122048,4,0
14308,122049,4,0
14309,122050,4,0
14310,122051,4,1
14311,122052,4,0
14312,122053,4,0
14313,122054,4,0
14314,122055,4,0
14315,122056,4,0
14316,122057,4,0
14317,122058,4,0
14318,122059,4,1
14319,122060,4,0
14320,122061,4,1
14321,122062,4,0
14322,122063,4,0
14323,122064,4,0
14324,122065,4,0
14325,122066,4,0
14326,122067,4,0
14327,122068,4,0
14328,122069,4,0
14329,122070,4,0
14330,122071,4,0
14331,122072,4,0
14332,122073,4,0
14333,122074,4,0
14334,122075,4,0
14335,122076,4,0
14336,122077,4,0
14337,122078,4,0
14338,122079,4,0
14339,122080,4,0
14340,122081,4,0
14341,122082,4,0
14342,122083,4,1
14343,122084,4,0
14344,122085,4,1
14345,122086,4,0
14346,122087,4,1
14347,122088,4,0
14348,122089,4,0
14349,122090,4,0
14350,122091,4,0
14351,122092,4,0
14352,122093,4,0
14353,122094,4,0
14354,122095,4,0
14355,122096,4,0
14356,122097,4,0
14357,122098,4,0
14358,122099,4,0
14359,122100,4,0
14360,122101,4,0
14361,122102,4,0
14362,122103,4,1
14363,122104,4,0
14364,122105,4,0
14365,122106,4,0
14366,122107,4,0
14367,122108,4,0
14368,122109,4,0
14369,122110,4,0
14370,122111,4,0
14371,122112,4,0
14372,122113,4,0
14373,122114,4,0
14374,122115,4,1
14375,122116,4,0
14376,122117,4,0
14377,122118,4,0
14378,122119,4,0
14379,122120,4,0
14380,122121,4,0
14381,122122,4,0
14382,122123,4,0
14383,122124,4,0
14384,122125,4,0
14385,122126,4,0
14386,122127,4,0
14387,122128,4,1
14388,122129,4,0
14389,122130,4,0
14390,122131,4,0
14391,122132,4,0
14392,122133,4,0
14393,122134,4,1
14394,122135,4,0
14395,122136,4,0
14396,122137,4,0
14397,122138,4,0
14398,122139,4,0
14399,122140,4,0
14400,122141,4,0
14401,122142,4,0
14402,122143,4,1
14403,122144,4,0
14404,122145,4,0
14405,122146,4,0
14406,122147,4,0
14407,122148,4,0
14408,122149,4,0
14409,122150,4,0
14410,122151,4,1
14411,122152,4,0
14412,122153,4,0
14413,122154,4,0
14414,122155,4,0
14415,122156,4,0
14416,122157,4,0
14417,122158,4,1
14418,122159,4,0
14419,122160,4,1
14420,122161,4,0
14421,122162,4,0
14422,122163,4,1
14423,122164,4,1
14424,122165,4,0
14425,122166,4,0
14426,122167,4,0
14427,122168,4,1
14428,122169,4,0
14429,122170,4,0
14430,122171,4,0
14431,122172,4,0
14432,122173,4,0
14433,122174,4,0
14434,122175,4,0
14435,122176,4,0
14436,122177,4,0
14437,122178,4,0
14438,122179,4,0
14439,122180,4,1
14440,122181,4,0
14441,122182,4,0
14442,122183,4,0
14443,122184,4,0
14444,122185,4,0
14445,122186,4,0
14446,122187,4,1
14447,122188,4,0
14448,122189,4,0
14449,122190,4,0
14450,122191,4,0
14451,122192,4,0
14452,122193,4,0
14453,122194,4,0
14454,122195,4,0
14455,122196,4,0
14456,122197,4,0
14457,122198,4,1
14458,122199,4,1
14459,122200,4,1
14460,122201,4,1
14461,122202,4,0
14462,122203,4,0
14463,122204,4,0
14464,122205,4,0
14465,122206,4,0
14466,122207,4,0
14467,122208,4,0
14468,122209,4,0
14469,122210,4,1
14470,122211,4,0
14471,122212,4,0
14472,122213,4,1
14473,122214,4,0
14474,122215,4,0
14475,122216,4,0
14476,122217,4,0
14477,122218,4,0
14478,122219,4,0
14479,122220,4,1
14480,122221,4,0
14481,122222,4,0
14482,122223,4,1
14483,122224,4,0
14484,122225,4,0
14485,122226,4,0
14486,122227,4,0
14487,122228,4,0
14488,122229,4,0
14489,122230,4,0
14490,122231,4,0
14491,122232,4,0
14492,122233,4,0
14493,122234,4,0
14494,122235,4,0
14495,122236,4,0
14496,122237,4,0
14497,122238,4,1
14498,122239,4,1
14499,122240,4,0
14500,122241,4,0
14501,122242,4,0
14502,122243,4,0
14503,122244,4,0
14504,122245,4,0
14505,122246,4,0
14506,122247,4,0
14507,122248,4,1
14508,122249,4,0
14509,122250,4,0
14510,122251,4,0
14511,122252,4,0
14512,122253,4,0
14513,122254,4,1
14514,122255,4,0
14515,122256,4,0
14516,122257,4,1
14517,122258,4,0
14518,122259,4,0
14519,122260,4,0
14520,122261,4,1
14521,122262,4,0
14522,122263,4,1
14523,122264,4,0
14524,122265,4,0
14525,122266,4,1
14526,122267,4,1
14527,122268,4,0
14528,122269,4,0
14529,122270,4,0
14530,122271,4,1
14531,122272,4,0
14532,122273,4,0
14533,122274,4,0
14534,122275,4,0
14535,122276,4,0
14536,122277,4,0
14537,122278,4,0
14538,122279,4,0
14539,122280,4,0
14540,122281,4,1
14541,122282,4,0
14542,122283,4,0
14543,122284,4,0
14544,122285,4,0
14545,122286,4,0
14546,122287,4,1
14547,122288,4,1
14548,122289,4,1
14549,122290,4,1
14550,122291,4,0
14551,122292,4,0
14552,122293,4,0
14553,122294,4,1
14554,122295,4,1
14555,122296,4,0
14556,122297,4,0
14557,122298,4,0
14558,122299,4,0
14559,122300,4,0
14560,122301,4,0
14561,122302,4,0
14562,122303,4,0
14563,122304,4,1
14564,122305,4,0
14565,122306,4,0
14566,122307,4,0
14567,122308,4,0
14568,122309,4,1
14569,122310,4,0
14570,122311,4,1
14571,122312,4,0
14572,122313,4,0
14573,122314,4,0
14574,122315,4,0
14575,122316,4,1
14576,122317,4,1
14577,122318,4,1
14578,122319,4,0
14579,122320,4,0
14580,122321,4,0
14581,122322,4,0
14582,122323,4,1
14583,122324,4,0
14584,122325,4,0
14585,122326,4,0
14586,122327,4,0
14587,122328,4,0
14588,122329,4,0
14589,122330,4,0
14590,122331,4,0
14591,122332,4,0
14592,122333,4,0
14593,122334,4,1
14594,122335,4,1
14595,122336,4,1
14596,122337,4,1
14597,122338,4,0
14598,122339,4,0
14599,122340,4,0
14600,122341,4,0
14601,122342,4,1
14602,122343,4,1
14603,122344,4,0
14604,122345,4,0
14605,122346,4,0
14606,122347,4,0
14607,122348,4,0
14608,122349,4,1
14609,122350,4,0
14610,122351,4,0
14611,122352,4,0
14612,122353,4,1
14613,122354,4,0
14614,122355,4,0
14615,122356,4,0
14616,122357,4,0
14617,122358,4,0
14618,122359,4,0
14619,122360,4,0
14620,122361,4,1
14621,122362,4,0
14622,122363,4,1
14623,122364,4,1
14624,122365,4,0
14625,122366,4,0
14626,122367,4,1
14627,122368,4,1
14628,122369,4,0
14629,122370,4,1
14630,122371,4,1
14631,122372,4,1
14632,122373,4,0
14633,122374,4,1
14634,122375,4,0
14635,122376,4,0
14636,122377,4,1
14637,122378,4,1
14638,122379,4,1
14639,122380,4,0
14640,122381,4,1
14641,122382,4,1
14642,122383,4,0
14643,122384,4,0
14644,122385,4,0
14645,122386,4,0
14646,122387,4,0
14647,122388,4,0
14648,122389,4,0
14649,122390,4,0
14650,122391,4,0
14651,122392,4,1
14652,122393,4,0
14653,122394,4,1
14654,122395,4,0
14655,122396,4,1
14656,122397,4,0
14657,122398,4,0
14658,122399,4,0
14659,122400,4,0
14660,122401,4,1
14661,122402,4,1
14662,122403,4,1
14663,122404,4,1
14664,122405,4,1
14665,122406,4,0
14666,122407,4,1
14667,122408,4,0
14668,122409,4,0
14669,122410,4,1
14670,122411,4,0
14671,122412,4,0
14672,122413,4,1
14673,122414,4,0
14674,122415,4,0
14675,122416,4,1
14676,122417,4,1
14677,122418,4,1
14678,122419,4,1
14679,122420,4,0
14680,122421,4,1
14681,122422,4,1
14682,122423,4,1
14683,122424,4,1
14684,122425,4,0
14685,122426,4,1
14686,122427,4,1
14687,122428,4,0
14688,122429,4,0
14689,122430,4,1
14690,122431,4,1
14691,122432,4,1
14692,122433,4,1
14693,122434,4,1
14694,122435,4,1
14695,122436,4,0
14696,122437,4,1
14697,122438,4,1
14698,122439,4,0
14699,122440,4,1
14700,122441,4,1
14701,122442,4,1
14702,122443,4,1
14703,122444,4,1
14704,122445,4,1
14705,122446,4,0
14706,122447,4,1
14707,122448,4,0
14708,122449,4,1
14709,122450,4,1
14710,122451,4,1
14711,122452,4,1
14712,122453,4,0
14713,122454,4,1
14714,122455,4,1
14715,122456,4,1
14716,122457,4,1
14717,122458,4,1
14718,122459,4,1
14719,122460,4,1
14720,122461,4,1
14721,122462,4,1
14722,122463,4,1
14723,122464,4,1
14724,122465,4,1
14725,122466,4,1
14726,122467,4,1
14727,122468,4,1
14728,122469,4,1
14729,122470,4,1
14730,122471,4,1
14731,122472,4,1
14732,122473,4,1
14733,122474,4,1
14734,122475,4,0
14735,122476,4,1
14736,122477,4,1
14737,122478,4,1
14738,122479,4,1
14739,122480,4,1
14740,122481,4,1
14741,122482,4,1
14742,122483,4,1
14743,122484,4,1
14744,122485,4,1
14745,122486,4,1
14746,122487,4,0
14747,122488,4,1
14748,122489,4,1
14749,122490,4,1
14750,122491,4,1
14751,122492,4,1
14752,122493,4,1
14753,122494,4,1
14754,122495,4,1
14755,122496,4,1
14756,122497,4,1
14757,122498,4,1
14758,122499,4,0
14759,122500,4,1
14760,122501,4,1
14761,122502,4,1
14762,122503,4,1
14763,122504,4,0
14764,122505,4,0
14765,122506,4,0
14766,122507,4,1
14767,122508,4,1
14768,122509,4,1
14769,122510,4,0
14770,122511,4,1
14771,122512,4,1
14772,122513,4,1
14773,122514,4,0
14774,122515,4,0
14775,122516,4,0
14776,122517,4,0
14777,122518,4,0
14778,122519,4,0
14779,122520,4,1
14780,122521,4,0
14781,122522,4,0
14782,122523,4,1
14783,122524,4,0
14784,122525,4,0
14785,122526,4,0
14786,122527,4,1
14787,122528,4,1
14788,122529,4,1
14789,122530,4,1
14790,122531,4,0
14791,122532,4,1
14792,122533,4,1
14793,122534,4,0
14794,122535,4,1
14795,122536,4,1
14796,122537,4,1
14797,122538,4,0
14798,122539,4,0
14799,122540,4,0
14800,122541,4,0
14801,122542,4,0
14802,122543,4,1
14803,122544,4,0
14804,122545,4,0
14805,122546,4,1
14806,122547,4,1
14807,122548,4,0
14808,122549,4,0
14809,122550,4,1
14810,122551,4,0
14811,122552,4,1
14812,122553,4,1
14813,122554,4,0
14814,122555,4,1
14815,122556,4,0
14816,122557,4,0
14817,122558,4,0
14818,122559,4,1
14819,122560,4,0
14820,122561,4,0
14821,122562,4,1
14822,122563,4,0
14823,122564,4,0
14824,122565,4,0
14825,122566,4,0
14826,122567,4,0
14827,122568,4,0
14828,122569,4,1
14829,122570,4,0
14830,122571,4,1
14831,122572,4,0
14832,122573,4,0
14833,122574,4,0
14834,122575,4,0
14835,122576,4,0
14836,122577,4,0
14837,122578,4,0
14838,122579,4,1
14839,122580,4,0
14840,122581,4,0
14841,122582,4,1
14842,122583,4,1
14843,122584,4,0
14844,122585,4,0
14845,122586,4,0
14846,122587,4,0
14847,122588,4,0
14848,122589,4,0
14849,122590,4,1
14850,122591,4,1
14851,122592,4,0
14852,122593,4,0
14853,122594,4,1
14854,122595,4,0
14855,122596,4,1
14856,122597,4,1
14857,122598,4,0
14858,122599,4,0
14859,122600,4,1
14860,122601,4,0
14861,122602,4,0
14862,122603,4,1
14863,122604,4,1
14864,122605,4,1
14865,122606,4,1
14866,122607,4,0
14867,122608,4,0
14868,122609,4,1
14869,122610,4,1
14870,122611,4,0
14871,122612,4,0
14872,122613,4,0
14873,122614,4,1
14874,122615,4,1
14875,122616,4,1
14876,122617,4,1
14877,122618,4,1
14878,122619,4,0
14879,122620,4,0
14880,122621,4,1
14881,122622,4,1
14882,122623,4,1
14883,122624,4,1
14884,122625,4,0
14885,122626,4,1
14886,122627,4,1
14887,122628,4,1
14888,122629,4,1
14889,122630,4,1
14890,122631,4,1
14891,122632,4,1
14892,122633,4,1
14893,122634,4,1
14894,122635,4,1
14895,122636,4,1
14896,122637,4,1
14897,122638,4,1
14898,122639,4,1
14899,122640,4,1
14900,122641,4,1
14901,122642,4,1
14902,122643,4,1
14903,122644,4,1
14904,122645,4,0
14905,122646,4,0
14906,122647,4,0
14907,122648,4,0
14908,122649,4,0
14909,122650,4,0
14910,122651,4,1
14911,122652,4,1
14912,122653,4,0
14913,122654,4,0
14914,122655,4,1
14915,122656,4,0
14916,122657,4,1
14917,122658,4,1
14918,122659,4,0
14919,122660,4,0
14920,122661,4,0
14921,122662,4,1
14922,122663,4,0
14923,122664,4,1
14924,122665,4,1
14925,122666,4,0
14926,122667,4,1
14927,122668,4,0
14928,122669,4,0
14929,122670,4,1
14930,122671,4,0
14931,122672,4,1
14932,122673,4,0
14933,122674,4,1
14934,122675,4,0
14935,122676,4,0
14936,122677,4,0
14937,122678,4,1
14938,122679,4,0
14939,122680,4,0
14940,122681,4,0
14941,122682,4,0
14942,122683,4,0
14943,122684,4,0
14944,122685,4,0
14945,122686,4,0
14946,122687,4,0
14947,122688,4,1
14948,122689,4,0
14949,122690,4,0
14950,122691,4,0
14951,122692,4,0
14952,122693,4,0
14953,122694,4,0
14954,122695,4,0
14955,122696,4,0
14956,122697,4,1
14957,122698,4,0
14958,122699,4,0
14959,122700,4,1
14960,122701,4,0
14961,122702,4,0
14962,122703,4,0
14963,122704,4,0
14964,122705,4,0
14965,122706,4,0
14966,122707,4,1
14967,122708,4,0
14968,122709,4,0
14969,122710,4,0
14970,122711,4,0
14971,122712,4,0
14972,122713,4,0
14973,122714,4,1
14974,122715,4,0
14975,122716,4,0
14976,122717,4,0
14977,122718,4,0
14978,122719,4,0
14979,122720,4,0
14980,122721,4,0
14981,122722,4,0
14982,122723,4,0
14983,122724,4,0
14984,122725,4,0
14985,122726,4,0
14986,122727,4,0
14987,122728,4,0
14988,122729,4,0
14989,122730,4,0
14990,122731,4,0
14991,122732,4,1
14992,122733,4,0
14993,122734,4,0
14994,122735,4,0
14995,122736,4,0
14996,122737,4,0
14997,122738,4,0
14998,122739,4,0
14999,122740,4,0
15000,122741,4,0
15001,122742,4,0
15002,122743,4,0
15003,122744,4,0
15004,122745,4,0
15005,122746,4,0
15006,122747,4,0
15007,122748,4,1
15008,122749,4,0
15009,122750,4,0
15010,122751,4,0
15011,122752,4,0
15012,122753,4,1
15013,122754,4,0
15014,122755,4,0
15015,122756,4,0
15016,122757,4,0
15017,122758,4,0
15018,122759,4,0
15019,122760,4,0
15020,122761,4,0
15021,122762,4,0
15022,122763,4,0
15023,122764,4,1
15024,122765,4,0
15025,122766,4,0
15026,122767,4,0
15027,122768,4,0
15028,122769,4,0
15029,122770,4,0
15030,122771,4,1
15031,122772,4,0
15032,122773,4,0
15033,122774,4,0
15034,122775,4,0
15035,122776,4,0
15036,122777,4,0
15037,122778,4,0
15038,122779,4,0
15039,122780,4,0
15040,122781,4,0
15041,122782,4,1
15042,122783,4,1
15043,122784,4,0
15044,122785,4,1
15045,122786,4,0
15046,122787,4,0
15047,122788,4,1
15048,122789,4,0
15049,122790,4,1
15050,122791,4,0
15051,122792,4,0
15052,122793,4,1
15053,122794,4,0
15054,122795,4,0
15055,122796,4,0
15056,122797,4,0
15057,122798,4,0
15058,122799,4,0
15059,122800,4,0
15060,122801,4,1
15061,122802,4,0
15062,122803,4,0
15063,122804,4,0
15064,122805,4,0
15065,122806,4,1
15066,122807,4,1
15067,122808,4,0
15068,122809,4,0
15069,122810,4,1
15070,122811,4,0
15071,122812,4,0
15072,122813,4,1
15073,122814,4,1
15074,122815,4,1
15075,122816,4,1
15076,122817,4,0
15077,122818,4,0
15078,122819,4,1
15079,122820,4,1
15080,122821,4,0
15081,122822,4,1
15082,122823,4,1
15083,122824,4,1
15084,122825,4,1
15085,122826,4,0
15086,122827,4,0
15087,122828,4,0
15088,122829,4,1
15089,122830,4,1
15090,122831,4,1
15091,122832,4,1
15092,122833,4,1
15093,122834,4,1
15094,122835,4,1
15095,122836,4,1
15096,122837,4,0
15097,122838,4,0
15098,122839,4,1
15099,122840,4,0
15100,122841,4,1
15101,122842,4,1
15102,122843,4,1
15103,122844,4,1
15104,122845,4,1
15105,122846,4,0
15106,122847,4,0
15107,122848,4,0
15108,122849,4,1
15109,122850,4,1
15110,122851,4,1
15111,122852,4,1
15112,122853,4,0
15113,122854,4,0
15114,122855,4,0
15115,122856,4,1
15116,122857,4,1
15117,122858,4,0
15118,122859,4,1
15119,122860,4,0
15120,122861,4,0
15121,122862,4,1
15122,122863,4,0
15123,122864,4,1
15124,122865,4,1
15125,122866,4,1
15126,122867,4,0
15127,122868,4,1
15128,122869,4,1
15129,122870,4,1
15130,122871,4,1
15131,122872,4,1
15132,122873,4,1
15133,122874,4,1
15134,122875,4,1
15135,122876,4,1
15136,122877,4,1
15137,122878,4,1
15138,122879,4,1
15139,122880,4,1
15140,122881,4,0
15141,122882,4,1
15142,122883,4,0
15143,122884,4,1
15144,122885,4,0
15145,122886,4,1
15146,122887,4,1
15147,122888,4,1
15148,122889,4,1
15149,122890,4,1
15150,122891,4,1
15151,122892,4,1
15152,122893,4,1
15153,122894,4,1
15154,122895,4,1
15155,122896,4,1
15156,122897,4,1
15157,122898,4,1
15158,122899,4,1
15159,122900,4,1
15160,122901,4,0
15161,122902,4,0
15162,122903,4,1
15163,122904,4,0
15164,122905,4,0
15165,122906,4,0
15166,122907,4,0
15167,122908,4,0
15168,122909,4,0
15169,122910,4,0
15170,122911,4,0
15171,122912,4,0
15172,122913,4,0
15173,122914,4,0
15174,122915,4,0
15175,122916,4,0
15176,122917,4,0
15177,122918,4,0
15178,122919,4,0
15179,122920,4,0
15180,122921,4,0
15181,122922,4,0
15182,122923,4,1
15183,122924,4,0
15184,122925,4,0
15185,122926,4,0
15186,122927,4,0
15187,122928,4,0
15188,122929,4,0
15189,122930,4,0
15190,122931,4,0
15191,122932,4,0
15192,122933,4,0
15193,122934,4,0
15194,122935,4,0
15195,122936,4,0
15196,122937,4,1
15197,122938,4,0
15198,122939,4,0
15199,122940,4,0
15200,122941,4,0
15201,122942,4,0
15202,122943,4,0
15203,122944,4,0
15204,122945,4,0
15205,122946,4,0
15206,122947,4,0
15207,122948,4,0
15208,122949,4,0
15209,122950,4,0
15210,122951,4,0
15211,122952,4,0
15212,122953,4,0
15213,122954,4,0
15214,122955,4,0
15215,122956,4,0
15216,122957,4,0
15217,122958,4,0
15218,122959,4,0
15219,122960,4,0
15220,122961,4,0
15221,122962,4,0
15222,122963,4,0
15223,122964,4,0
15224,122965,4,0
15225,122966,4,0
15226,122967,4,0
15227,122968,4,0
15228,122969,4,0
15229,122970,4,0
15230,122971,4,0
15231,122972,4,0
15232,122973,4,0
15233,122974,4,0
15234,122975,4,0
15235,122976,4,0
15236,122977,4,0
15237,122978,4,0
15238,122979,4,0
15239,122980,4,0
15240,122981,4,0
15241,122982,4,0
15242,122983,4,0
15243,122984,4,1
15244,122985,4,0
15245,122986,4,0
15246,122987,4,0
15247,122988,4,0
15248,122989,4,0
15249,122990,4,0
15250,122991,4,0
15251,122992,4,0
15252,122993,4,0
15253,122994,4,0
15254,122995,4,0
15255,122996,4,0
15256,122997,4,0
15257,122998,4,0
15258,122999,4,0
15259,123000,4,0
15260,123001,4,1
15261,123002,4,1
15262,123003,4,0
15263,123004,4,0
15264,123005,4,0
15265,123006,4,0
15266,123007,4,0
15267,123008,4,0
15268,123009,4,0
15269,123010,4,0
15270,123011,4,0
15271,123012,4,0
15272,123013,4,0
15273,123014,4,0
15274,123015,4,0
15275,123016,4,0
15276,123017,4,0
15277,123018,4,0
15278,123019,4,0
15279,123020,4,0
15280,123021,4,0
15281,123022,4,0
15282,123023,4,0
15283,123024,4,0
15284,123025,4,0
15285,123026,4,0
15286,123027,4,0
15287,123028,4,0
15288,123029,4,0
15289,123030,4,0
15290,123031,4,0
15291,123032,4,0
15292,123033,4,0
15293,123034,4,0
15294,123035,4,0
15295,123036,4,0
15296,123037,4,0
15297,123038,4,0
15298,123039,4,0
15299,123040,4,0
15300,123041,4,0
15301,123042,4,0
15302,123043,4,0
15303,123044,4,0
15304,123045,4,1
15305,123046,4,0
15306,123047,4,0
15307,123048,4,0
15308,123049,4,0
15309,123050,4,0
15310,123051,4,0
15311,123052,4,0
15312,123053,4,0
15313,123054,4,0
15314,123055,4,0
15315,123056,4,0
15316,123057,4,0
15317,123058,4,0
15318,123059,4,0
15319,123060,4,0
15320,123061,4,0
15321,123062,4,0
15322,123063,4,0
15323,123064,4,0
15324,123065,4,0
15325,123066,4,0
15326,123067,4,0
15327,123068,4,0
15328,123069,4,0
15329,123070,4,0
15330,123071,4,0
15331,123072,4,0
15332,123073,4,0
15333,123074,4,0
15334,123075,4,0
15335,123076,4,0
15336,123077,4,0
15337,123078,4,0
15338,123079,4,0
15339,123080,4,0
15340,123081,4,0
15341,123082,4,0
15342,123083,4,0
15343,123084,4,0
15344,123085,4,0
15345,123086,4,0
15346,123087,4,0
15347,123088,4,0
15348,123089,4,0
15349,123090,4,0
15350,123091,4,0
15351,123092,4,0
15352,123093,4,0
15353,123094,4,0
15354,123095,4,0
15355,123096,4,0
15356,123097,4,0
15357,123098,4,0
15358,123099,4,0
15359,123100,4,0
15360,123101,4,0
15361,123102,4,0
15362,123103,4,0
15363,123104,4,0
15364,123105,4,0
15365,123106,4,0
15366,123107,4,0
15367,123108,4,0
15368,123109,4,0
15369,123110,4,0
15370,123111,4,0
15371,123112,4,0
15372,123113,4,0
15373,123114,4,0
15374,123115,4,0
15375,123116,4,0
15376,123117,4,0
15377,123118,4,0
15378,123119,4,0
15379,123120,4,0
15380,123121,4,0
15381,123122,4,0
15382,123123,4,0
15383,123124,4,0
15384,123125,4,0
15385,123126,4,0
15386,123127,4,0
15387,123128,4,0
15388,123129,4,0
15389,123130,4,0
15390,123131,4,1
15391,123132,4,0
15392,123133,4,0
15393,123134,4,0
15394,123135,4,0
15395,123136,4,0
15396,123137,4,0
15397,123138,4,0
15398,123139,4,0
15399,123140,4,1
15400,123141,4,0
15401,123142,4,0
15402,123143,4,0
15403,123144,4,0
15404,123145,4,0
15405,123146,4,0
15406,123147,4,0
15407,123148,4,0
15408,123149,4,0
15409,123150,4,0
15410,123151,4,0
15411,123152,4,0
15412,123153,4,0
15413,123154,4,0
15414,123155,4,1
15415,123156,4,0
15416,123157,4,0
15417,123158,4,0
15418,123159,4,0
15419,123160,4,0
15420,123161,4,0
15421,123162,4,0
15422,123163,4,0
15423,123164,4,0
15424,123165,4,0
15425,123166,4,1
15426,123167,4,0
15427,123168,4,0
15428,123169,4,0
15429,123170,4,0
15430,123171,4,0
15431,123172,4,0
15432,123173,4,0
15433,123174,4,0
15434,123175,4,0
15435,123176,4,0
15436,123177,4,0
15437,123178,4,0
15438,123179,4,0
15439,123180,4,1
15440,123181,4,0
15441,123182,4,0
15442,123183,4,0
15443,123184,4,0
15444,123185,4,0
15445,123186,4,0
15446,123187,4,0
15447,123188,4,0
15448,123189,4,0
15449,123190,4,0
15450,123191,4,0
15451,123192,4,0
15452,123193,4,0
15453,123194,4,0
15454,123195,4,0
15455,123196,4,0
15456,123197,4,0
15457,123198,4,0
15458,123199,4,0
15459,123200,4,0
15460,123201,4,1
15461,123202,4,0
15462,123203,4,0
15463,123204,4,0
15464,123205,4,0
15465,123206,4,0
15466,123207,4,0
15467,123208,4,0
15468,123209,4,0
15469,123210,4,0
15470,123211,4,0
15471,123212,4,0
15472,123213,4,0
15473,123214,4,0
15474,123215,4,0
15475,123216,4,0
15476,123217,4,0
15477,123218,4,0
15478,123219,4,0
15479,123220,4,1
15480,123221,4,0
15481,123222,4,1
15482,123223,4,0
15483,123224,4,0
15484,123225,4,0
15485,123226,4,1
15486,123227,4,1
15487,123228,4,0
15488,123229,4,1
15489,123230,4,1
15490,123231,4,0
15491,123232,4,0
15492,123233,4,0
15493,123234,4,0
15494,123235,4,0
15495,123236,4,0
15496,123237,4,1
15497,123238,4,1
15498,123239,4,0
15499,123240,4,1
15500,123241,4,0
15501,123242,4,0
15502,123243,4,0
15503,123244,4,1
15504,123245,4,0
15505,123246,4,1
15506,123247,4,0
15507,123248,4,0
15508,123249,4,0
15509,123250,4,1
15510,123251,4,1
15511,123252,4,1
15512,123253,4,0
15513,123254,4,0
15514,123255,4,1
15515,123256,4,1
15516,123257,4,1
15517,123258,4,1
15518,123259,4,1
15519,123260,4,1
15520,123261,4,1
15521,123262,4,0
15522,123263,4,1
15523,123264,4,0
15524,123265,4,0
15525,123266,4,0
15526,123267,4,0
15527,123268,4,0
15528,123269,4,1
15529,123270,4,0
15530,123271,4,1
15531,123272,4,1
15532,123273,4,0
15533,123274,4,0
15534,123275,4,0
15535,123276,4,0
15536,123277,4,0
15537,123278,4,0
15538,123279,4,0
15539,123280,4,1
15540,123281,4,0
15541,123282,4,0
15542,123283,4,0
15543,123284,4,0
15544,123285,4,0
15545,123286,4,1
15546,123287,4,1
15547,123288,4,0
15548,123289,4,0
15549,123290,4,0
15550,123291,4,0
15551,123292,4,1
15552,123293,4,0
15553,123294,4,0
15554,123295,4,0
15555,123296,4,1
15556,123297,4,1
15557,123298,4,1
15558,123299,4,0
15559,123300,4,0
15560,123301,4,0
15561,123302,4,0
15562,123303,4,1
15563,123304,4,1
15564,123305,4,0
15565,123306,4,0
15566,123307,4,0
15567,123308,4,0
15568,123309,4,0
15569,123310,4,1
15570,123311,4,1
15571,123312,4,1
15572,123313,4,0
15573,123314,4,0
15574,123315,4,1
15575,123316,4,0
15576,123317,4,0
15577,123318,4,1
15578,123319,4,0
15579,123320,4,0
15580,123321,4,0
15581,123322,4,0
15582,123323,4,0
15583,123324,4,0
15584,123325,4,0
15585,123326,4,0
15586,123327,4,0
15587,123328,4,1
15588,123329,4,1
15589,123330,4,0
15590,123331,4,1
15591,123332,4,0
15592,123333,4,0
15593,123334,4,0
15594,123335,4,0
15595,123336,4,0
15596,123337,4,1
15597,123338,4,0
15598,123339,4,0
15599,123340,4,0
15600,123341,4,1
15601,123342,4,0
15602,123343,4,0
15603,123344,4,0
15604,123345,4,0
15605,123346,4,0
15606,123347,4,0
15607,123348,4,0
15608,123349,4,0
15609,123350,4,0
15610,123351,4,0
15611,123352,4,1
15612,123353,4,0
15613,123354,4,0
15614,123355,4,0
15615,123356,4,0
15616,123357,4,0
15617,123358,4,1
15618,123359,4,1
15619,123360,4,0
15620,123361,4,0
15621,123362,4,0
15622,123363,4,0
15623,123364,4,0
15624,123365,4,0
15625,123366,4,0
15626,123367,4,0
15627,123368,4,0
15628,123369,4,0
15629,123370,4,0
15630,123371,4,0
15631,123372,4,0
15632,123373,4,0
15633,123374,4,1
15634,123375,4,0
15635,123376,4,0
15636,123377,4,0
15637,123378,4,0
15638,123379,4,1
15639,123380,4,1
15640,123381,4,0
15641,123382,4,0
15642,123383,4,1
15643,123384,4,0
15644,123385,4,0
15645,123386,4,0
15646,123387,4,1
15647,123388,4,1
15648,123389,4,0
15649,123390,4,1
15650,123391,4,1
15651,123392,4,0
15652,123393,4,1
15653,123394,4,1
15654,123395,4,0
15655,123396,4,0
15656,123397,4,1
15657,123398,4,0
15658,123399,4,0
15659,123400,4,1
15660,123401,4,1
15661,123402,4,1
15662,123403,4,1
15663,123404,4,1
15664,123405,4,1
15665,123406,4,0
15666,123407,4,0
15667,123408,4,0
15668,123409,4,0
15669,123410,4,1
15670,123411,4,1
15671,123412,4,1
15672,123413,4,1
15673,123414,4,0
15674,123415,4,0
15675,123416,4,1
15676,123417,4,1
15677,123418,4,1
15678,123419,4,1
15679,123420,4,0
15680,123421,4,0
15681,123422,4,1
15682,123423,4,1
15683,123424,4,1
15684,123425,4,1
15685,123426,4,0
15686,123427,4,1
15687,123428,4,0
15688,123429,4,1
15689,123430,4,1
15690,123431,4,1
15691,123432,4,1
15692,123433,4,1
15693,123434,4,1
15694,123435,4,1
15695,123436,4,1
15696,123437,4,1
15697,123438,4,1
15698,123439,4,1
15699,123440,4,0
15700,123441,4,1
15701,123442,4,0
15702,123443,4,0
15703,123444,4,1
15704,123445,4,0
15705,123446,4,1
15706,123447,4,0
15707,123448,4,1
15708,123449,4,0
15709,123450,4,0
15710,123451,4,0
15711,123452,4,0
15712,123453,4,0
15713,123454,4,0
15714,123455,4,0
15715,123456,4,0
15716,123457,4,0
15717,123458,4,0
15718,123459,4,0
15719,123460,4,0
15720,123461,4,0
15721,123462,4,1
15722,123463,4,0
15723,123464,4,0
15724,123465,4,1
15725,123466,4,0
15726,123467,4,0
15727,123468,4,0
15728,123469,4,0
15729,123470,4,0
15730,123471,4,0
15731,123472,4,1
15732,123473,4,0
15733,123474,4,0
15734,123475,4,0
15735,123476,4,1
15736,123477,4,0
15737,123478,4,0
15738,123479,4,0
15739,123480,4,1
15740,123481,4,0
15741,123482,4,0
15742,123483,4,0
15743,123484,4,0
15744,123485,4,0
15745,123486,4,0
15746,123487,4,0
15747,123488,4,0
15748,123489,4,0
15749,123490,4,0
15750,123491,4,0
15751,123492,4,1
15752,123493,4,1
15753,123494,4,0
15754,123495,4,0
15755,123496,4,0
15756,123497,4,1
15757,123498,4,1
15758,123499,4,1
15759,123500,4,0
15760,123501,4,0
15761,123502,4,0
15762,123503,4,1
15763,123504,4,0
15764,123505,4,0
15765,123506,4,0
15766,123507,4,0
15767,123508,4,0
15768,123509,4,0
15769,123510,4,0
15770,123511,4,1
15771,123512,4,0
15772,123513,4,0
15773,123514,4,0
15774,123515,4,0
15775,123516,4,0
15776,123517,4,0
15777,123518,4,1
15778,123519,4,0
15779,123520,4,0
15780,123521,4,0
15781,123522,4,1
15782,123523,4,0
15783,123524,4,0
15784,123525,4,0
15785,123526,4,1
15786,123527,4,0
15787,123528,4,0
15788,123529,4,0
15789,123530,4,0
15790,123531,4,0
15791,123532,4,0
15792,123533,4,0
15793,123534,4,0
15794,123535,4,0
15795,123536,4,0
15796,123537,4,0
15797,123538,4,0
15798,123539,4,1
15799,123540,4,0
15800,123541,4,0
15801,123542,4,1
15802,123543,4,0
15803,123544,4,0
15804,123545,4,0
15805,123546,4,0
15806,123547,4,0
15807,123548,4,0
15808,123549,4,0
15809,123550,4,0
15810,123551,4,0
15811,123552,4,1
15812,123553,4,1
15813,123554,4,1
15814,123555,4,1
15815,123556,4,0
15816,123557,4,0
15817,123558,4,1
15818,123559,4,0
15819,123560,4,0
15820,123561,4,1
15821,123562,4,1
15822,123563,4,0
15823,123564,4,0
15824,123565,4,0
15825,123566,4,1
15826,123567,4,1
15827,123568,4,1
15828,123569,4,0
15829,123570,4,0
15830,123571,4,0
15831,123572,4,1
15832,123573,4,0
15833,123574,4,0
15834,123575,4,0
15835,123576,4,1
15836,123577,4,0
15837,123578,4,0
15838,123579,4,0
15839,123580,4,1
15840,123581,4,0
15841,123582,4,1
15842,123583,4,1
15843,123584,4,0
15844,123585,4,1
15845,123586,4,0
15846,123587,4,0
15847,123588,4,1
15848,123589,4,0
15849,123590,4,0
15850,123591,4,0
15851,123592,4,1
15852,123593,4,0
15853,123594,4,1
15854,123595,4,1
15855,123596,4,1
15856,123597,4,0
15857,123598,4,1
15858,123599,4,1
15859,123600,4,1
15860,123601,4,1
15861,123602,4,1
15862,123603,4,0
15863,123604,4,1
15864,123605,4,1
15865,123606,4,1
15866,123607,4,1
15867,123608,4,1
15868,123609,4,1
15869,123610,4,1
15870,123611,4,1
15871,123612,4,1
15872,123613,4,1
15873,123614,4,1
15874,123615,4,1
15875,123616,4,1
15876,123617,4,1
15877,123618,4,1
15878,123619,4,1
15879,123620,4,1
15880,123621,4,0
15881,123622,4,1
15882,123623,4,0
15883,123624,4,1
15884,123625,4,1
15885,123626,4,1
15886,123627,4,0
15887,123628,4,1
15888,123629,4,1
15889,123630,4,1
15890,123631,4,1
15891,123632,4,1
15892,123633,4,1
15893,123634,4,1
15894,123635,4,0
15895,123636,4,1
15896,123637,4,0
15897,123638,4,1
15898,123639,4,1
15899,123640,4,1
15900,123641,4,1
15901,123642,4,1
15902,123643,4,1
15903,123644,4,1
15904,123645,4,1
15905,123646,4,1
15906,123647,4,1
15907,123648,4,1
15908,123649,4,0
15909,123650,4,1
15910,123651,4,1
15911,123652,4,1
15912,123653,4,0
15913,123654,4,1
15914,123655,4,1
15915,123656,4,1
15916,123657,4,1
15917,123658,4,1
15918,123659,4,1
15919,123660,4,1
15920,123661,4,1
15921,123662,4,0
15922,123663,4,1
15923,123664,4,0
15924,123665,4,1
15925,123666,4,1
15926,123667,4,0
15927,123668,4,1
15928,123669,4,1
15929,123670,4,1
15930,123671,4,1
15931,123672,4,1
15932,123673,4,1
15933,123674,4,0
15934,123675,4,1
15935,123676,4,0
15936,123677,4,0
15937,123678,4,1
15938,123679,4,0
15939,123680,4,1
15940,123681,4,1
15941,123682,4,0
15942,123683,4,1
15943,123684,4,1
15944,123685,4,1
15945,123686,4,1
15946,123687,4,1
15947,123688,4,1
15948,123689,4,1
15949,123690,4,1
15950,123691,4,0
15951,123692,4,1
15952,123693,4,0
15953,123694,4,1
15954,123695,4,1
15955,123696,4,1
15956,123697,4,1
15957,123698,4,1
15958,123699,4,0
15959,123700,4,1
15960,123701,4,0
15961,123702,4,1
15962,123703,4,1
15963,123704,4,0
15964,123705,4,1
15965,123706,4,0
15966,123707,4,1
15967,123708,4,1
15968,123709,4,0
15969,123710,4,1
15970,123711,4,1
15971,123712,4,0
15972,123713,4,1
15973,123714,4,1
15974,123715,4,1
15975,123716,4,1
15976,123717,4,0
15977,123718,4,1
15978,123719,4,1
15979,123720,4,1
15980,123721,4,0
15981,123722,4,0
15982,123723,4,1
15983,123724,4,0
15984,123725,4,1
15985,123726,4,0
15986,123727,4,0
15987,123728,4,0
15988,123729,4,1
15989,123730,4,0
15990,123731,4,1
15991,123732,4,0
15992,123733,4,0
15993,123734,4,1
15994,123735,4,0
15995,123736,4,1
15996,123737,4,1
15997,123738,4,1
15998,123739,4,0
15999,123740,4,0
16000,123741,4,0
16001,123742,4,0
16002,123743,4,1
16003,123744,4,0
16004,123745,4,0
16005,123746,4,1
16006,123747,4,1
16007,123748,4,1
16008,123749,4,0
16009,123750,4,0
16010,123751,4,1
16011,123752,4,1
16012,123753,4,0
16013,123754,4,0
16014,123755,4,0
16015,123756,4,1
16016,123757,4,0
16017,123758,4,0
16018,123759,4,1
16019,123760,4,0
16020,123761,4,0
16021,123762,4,0
16022,123763,4,0
16023,123764,4,1
16024,123765,4,0
16025,123766,4,1
16026,123767,4,1
16027,123768,4,0
16028,123769,4,0
16029,123770,4,1
16030,123771,4,1
16031,123772,4,1
16032,123773,4,0
16033,123774,4,1
16034,123775,4,1
16035,123776,4,0
16036,123777,4,1
16037,123778,4,1
16038,123779,4,1
16039,123780,4,1
16040,123781,4,1
16041,123782,4,1
16042,123783,4,1
16043,123784,4,1
16044,123785,4,1
16045,123786,4,1
16046,123787,4,1
16047,123788,4,1
16048,123789,4,0
16049,123790,4,1
16050,123791,4,1
16051,123792,4,1
16052,123793,4,0
16053,123794,4,0
16054,123795,4,0
16055,123796,4,1
16056,123797,4,1
16057,123798,4,1
16058,123799,4,0
16059,123800,4,1
16060,123801,4,1
16061,123802,4,1
16062,123803,4,1
16063,123804,4,1
16064,123805,4,1
16065,123806,4,1
16066,123807,4,0
16067,123808,4,1
16068,123809,4,0
16069,123810,4,1
16070,123811,4,1
16071,123812,4,1
16072,123813,4,0
16073,123814,4,0
16074,123815,4,1
16075,123816,4,1
16076,123817,4,0
16077,123818,4,1
16078,123819,4,1
16079,123820,4,1
16080,123821,4,1
16081,123822,4,1
16082,123823,4,1
16083,123824,4,1
16084,123825,4,1
16085,123826,4,1
16086,123827,4,1
16087,123828,4,1
16088,123829,4,1
16089,123830,4,1
16090,123831,4,0
16091,123832,4,1
16092,123833,4,1
16093,123834,4,0
16094,123835,4,1
16095,123836,4,1
16096,123837,4,1
16097,123838,4,0
16098,123839,4,1
16099,123840,4,1
16100,123841,4,1
16101,123842,4,1
16102,123843,4,0
16103,123844,4,1
16104,123845,4,1
16105,123846,4,1
16106,123847,4,1
16107,123848,4,1
16108,123849,4,1
16109,123850,4,1
16110,123851,4,1
16111,123852,4,1
16112,123853,4,1
16113,123854,4,1
16114,123855,4,1
16115,123856,4,1
16116,123857,4,1
16117,123858,4,1
16118,123859,4,1
16119,123860,4,1
16120,123861,4,1
16121,123862,4,1
16122,123863,4,1
16123,123864,4,1
16124,123865,4,1
16125,123866,4,1
16126,123867,4,0
16127,123868,4,0
16128,123869,4,1
16129,123870,4,0
16130,123871,4,0
16131,123872,4,0
16132,123873,4,1
16133,123874,4,0
16134,123875,4,0
16135,123876,4,0
16136,123877,4,0
16137,123878,4,1
16138,123879,4,0
16139,123880,4,0
16140,123881,4,0
16141,123882,4,0
16142,123883,4,0
16143,123884,4,0
16144,123885,4,0
16145,123886,4,0
16146,123887,4,0
16147,123888,4,0
16148,123889,4,0
16149,123890,4,1
16150,123891,4,0
16151,123892,4,0
16152,123893,4,0
16153,123894,4,0
16154,123895,4,0
16155,123896,4,0
16156,123897,4,0
16157,123898,4,0
16158,123899,4,0
16159,123900,4,0
16160,123901,4,0
16161,123902,4,1
16162,123903,4,0
16163,123904,4,0
16164,123905,4,0
16165,123906,4,0
16166,123907,4,0
16167,123908,4,0
16168,123909,4,0
16169,123910,4,0
16170,123911,4,0
16171,123912,4,0
16172,123913,4,0
16173,123914,4,0
16174,123915,4,0
16175,123916,4,0
16176,123917,4,0
16177,123918,4,0
16178,123919,4,0
16179,123920,4,0
16180,123921,4,0
16181,123922,4,0
16182,123923,4,0
16183,123924,4,0
16184,123925,4,0
16185,123926,4,0
16186,123927,4,0
16187,123928,4,0
16188,123929,4,0
16189,123930,4,0
16190,123931,4,0
16191,123932,4,0
16192,123933,4,0
16193,123934,4,0
16194,123935,4,0
16195,123936,4,0
16196,123937,4,0
16197,123938,4,0
16198,123939,4,1
16199,123940,4,1
16200,123941,4,0
16201,123942,4,0
16202,123943,4,0
16203,123944,4,0
16204,123945,4,0
16205,123946,4,0
16206,123947,4,0
16207,123948,4,0
16208,123949,4,1
16209,123950,4,0
16210,123951,4,0
16211,123952,4,0
16212,123953,4,0
16213,123954,4,0
16214,123955,4,0
16215,123956,4,0
16216,123957,4,1
16217,123958,4,0
16218,123959,4,0
16219,123960,4,0
16220,123961,4,0
16221,123962,4,0
16222,123963,4,0
16223,123964,4,0
16224,123965,4,0
16225,123966,4,0
16226,123967,4,0
16227,123968,4,0
16228,123969,4,0
16229,123970,4,0
16230,123971,4,0
16231,123972,4,0
16232,123973,4,0
16233,123974,4,0
16234,123975,4,0
16235,123976,4,0
16236,123977,4,0
16237,123978,4,0
16238,123979,4,0
16239,123980,4,0
16240,123981,4,1
16241,123982,4,0
16242,123983,4,0
16243,123984,4,0
16244,123985,4,0
16245,123986,4,0
16246,123987,4,0
16247,123988,4,1
16248,123989,4,0
16249,123990,4,0
16250,123991,4,0
16251,123992,4,0
16252,123993,4,0
16253,123994,4,0
16254,123995,4,0
16255,123996,4,0
16256,123997,4,0
16257,123998,4,0
16258,123999,4,0
16259,124000,4,0
16260,124001,4,0
16261,124002,4,0
16262,124003,4,0
16263,124004,4,0
16264,124005,4,0
16265,124006,4,0
16266,124007,4,0
16267,124008,4,1
16268,124009,4,0
16269,124010,4,0
16270,124011,4,0
16271,124012,4,0
16272,124013,4,1
16273,124014,4,0
16274,124015,4,0
16275,124016,4,0
16276,124017,4,1
16277,124018,4,0
16278,124019,4,0
16279,124020,4,0
16280,124021,4,0
16281,124022,4,1
16282,124023,4,0
16283,124024,4,0
16284,124025,4,0
16285,124026,4,0
16286,124027,4,0
16287,124028,4,0
16288,124029,4,0
16289,124030,4,0
16290,124031,4,0
16291,124032,4,0
16292,124033,4,0
16293,124034,4,0
16294,124035,4,0
16295,124036,4,0
16296,124037,4,0
16297,124038,4,0
16298,124039,4,0
16299,124040,4,0
16300,124041,4,0
16301,124042,4,0
16302,124043,4,0
16303,124044,4,0
16304,124045,4,0
16305,124046,4,0
16306,124047,4,0
16307,124048,4,0
16308,124049,4,0
16309,124050,4,0
16310,124051,4,0
16311,124052,4,0
16312,124053,4,0
16313,124054,4,0
16314,124055,4,0
16315,124056,4,0
16316,124057,4,0
16317,124058,4,0
16318,124059,4,1
16319,124060,4,0
16320,124061,4,0
16321,124062,4,0
16322,124063,4,0
16323,124064,4,1
16324,124065,4,0
16325,124066,4,0
16326,124067,4,0
16327,124068,4,0
16328,124069,4,0
16329,124070,4,0
16330,124071,4,0
16331,124072,4,0
16332,124073,4,0
16333,124074,4,0
16334,124075,4,0
16335,124076,4,0
16336,124077,4,0
16337,124078,4,0
16338,124079,4,0
16339,124080,4,0
16340,124081,4,0
16341,124082,4,0
16342,124083,4,0
16343,124084,4,0
16344,124085,4,0
16345,124086,4,0
16346,124087,4,0
16347,124088,4,0
16348,124089,4,0
16349,124090,4,0
16350,124091,4,0
16351,124092,4,0
16352,124093,4,0
16353,124094,4,0
16354,124095,4,0
16355,124096,4,0
16356,124097,4,0
16357,124098,4,0
16358,124099,4,0
16359,124100,4,0
16360,124101,4,0
16361,124102,4,0
16362,124103,4,0
16363,124104,4,0
16364,124105,4,0
16365,124106,4,0
16366,124107,4,0
16367,124108,4,0
16368,124109,4,0
16369,124110,4,1
16370,124111,4,0
16371,124112,4,0
16372,124113,4,0
16373,124114,4,1
16374,124115,4,0
16375,124116,4,0
16376,124117,4,0
16377,124118,4,0
16378,124119,4,0
16379,124120,4,0
16380,124121,4,0
16381,124122,4,0
16382,124123,4,0
16383,124124,4,0
16384,124125,4,0
16385,124126,4,0
16386,124127,4,0
16387,124128,4,0
16388,124129,4,0
16389,124130,4,0
16390,124131,4,0
16391,124132,4,0
16392,124133,4,0
16393,124134,4,0
16394,124135,4,0
16395,124136,4,0
16396,124137,4,0
16397,124138,4,0
16398,124139,4,0
16399,124140,4,0
16400,124141,4,0
16401,124142,4,0
16402,124143,4,0
16403,124144,4,0
16404,124145,4,0
16405,124146,4,0
16406,124147,4,1
16407,124148,4,0
16408,124149,4,0
16409,124150,4,0
16410,124151,4,0
16411,124152,4,1
16412,124153,4,0
16413,124154,4,0
16414,124155,4,0
16415,124156,4,0
16416,124157,4,0
16417,124158,4,0
16418,124159,4,0
16419,124160,4,0
16420,124161,4,0
16421,124162,4,0
16422,124163,4,0
16423,124164,4,0
16424,124165,4,0
16425,124166,4,0
16426,124167,4,0
16427,124168,4,0
16428,124169,4,0
16429,124170,4,0
16430,124171,4,1
16431,124172,4,0
16432,124173,4,0
16433,124174,4,0
16434,124175,4,1
16435,124176,4,0
16436,124177,4,0
16437,124178,4,0
16438,124179,4,0
16439,124180,4,0
16440,124181,4,0
16441,124182,4,0
16442,124183,4,0
16443,124184,4,1
16444,124185,4,0
16445,124186,4,1
16446,124187,4,0
16447,124188,4,1
16448,124189,4,0
16449,124190,4,0
16450,124191,4,0
16451,124192,4,0
16452,124193,4,0
16453,124194,4,1
16454,124195,4,0
16455,124196,4,0
16456,124197,4,0
16457,124198,4,0
16458,124199,4,0
16459,124200,4,1
16460,124201,4,0
16461,124202,4,0
16462,124203,4,0
16463,124204,4,0
16464,124205,4,0
16465,124206,4,1
16466,124207,4,0
16467,124208,4,0
16468,124209,4,0
16469,124210,4,0
16470,124211,4,0
16471,124212,4,0
16472,124213,4,0
16473,124214,4,0
16474,124215,4,0
16475,124216,4,0
16476,124217,4,0
16477,124218,4,0
16478,124219,4,0
16479,124220,4,0
16480,124221,4,0
16481,124222,4,0
16482,124223,4,0
16483,124224,4,0
16484,124225,4,1
16485,124226,4,0
16486,124227,4,1
16487,124228,4,0
16488,124229,4,0
16489,124230,4,0
16490,124231,4,0
16491,124232,4,0
16492,124233,4,0
16493,124234,4,1
16494,124235,4,0
16495,124236,4,0
16496,124237,4,1
16497,124238,4,1
16498,124239,4,0
16499,124240,4,0
16500,124241,4,1
16501,124242,4,0
16502,124243,4,0
16503,124244,4,0
16504,124245,4,1
16505,124246,4,0
16506,124247,4,0
16507,124248,4,1
16508,124249,4,0
16509,124250,4,0
16510,124251,4,1
16511,124252,4,0
16512,124253,4,1
16513,124254,4,1
16514,124255,4,0
16515,124256,4,1
16516,124257,4,0
16517,124258,4,1
16518,124259,4,0
16519,124260,4,0
16520,124261,4,1
16521,124262,4,1
16522,124263,4,1
16523,124264,4,1
16524,124265,4,0
16525,124266,4,1
16526,124267,4,0
16527,124268,4,1
16528,124269,4,1
16529,124270,4,1
16530,124271,4,0
16531,124272,4,1
16532,124273,4,0
16533,124274,4,1
16534,124275,4,1
16535,124276,4,0
16536,124277,4,1
16537,124278,4,0
16538,124279,4,1
16539,124280,4,0
16540,124281,4,0
16541,124282,4,0
16542,124283,4,0
16543,124284,4,0
16544,124285,4,1
16545,124286,4,1
16546,124287,4,1
16547,124288,4,1
16548,124289,4,1
16549,124290,4,1
16550,124291,4,0
16551,124292,4,0
16552,124293,4,1
16553,124294,4,1
16554,124295,4,0
16555,124296,4,1
16556,124297,4,1
16557,124298,4,1
16558,124299,4,1
16559,124300,4,1
16560,124301,4,1
16561,124302,4,1
16562,124303,4,1
16563,124304,4,1
16564,124305,4,1
16565,124306,4,1
16566,124307,4,1
16567,124308,4,1
16568,124309,4,1
16569,124310,4,1
16570,124311,4,1
16571,124312,4,1
16572,124313,4,1
16573,124314,4,1
16574,124315,4,1
16575,124316,4,1
16576,124317,4,1
16577,124318,4,1
16578,124319,4,1
16579,124320,4,1
16580,124321,4,1
16581,124322,4,1
16582,124323,4,1
16583,124324,4,1
16584,124325,4,1
16585,124326,4,1
16586,124327,4,1
16587,124328,4,1
16588,124329,4,1
16589,124330,4,1
16590,124331,4,1
16591,124332,4,1
16592,124333,4,1
16593,124334,4,1
16594,124335,4,1
16595,124336,4,1
16596,124337,4,1
16597,124338,4,1
16598,124339,4,1
16599,124340,4,1
16600,124341,4,1
16601,124342,4,1
16602,124343,4,1
16603,124344,4,1
16604,124345,4,1
16605,124346,4,0
16606,124347,4,1
16607,124348,4,1
16608,124349,4,1
16609,124350,4,1
16610,124351,4,0
16611,124352,4,1
16612,124353,4,0
16613,124354,4,1
16614,124355,4,1
16615,124356,4,0
16616,124357,4,0
16617,124358,4,0
16618,124359,4,1
16619,124360,4,0
16620,124361,4,1
16621,124362,4,0
16622,124363,4,0
16623,124364,4,0
16624,124365,4,1
16625,124366,4,0
16626,124367,4,0
16627,124368,4,0
16628,124369,4,0
16629,124370,4,1
16630,124371,4,0
16631,124372,4,1
16632,124373,4,0
16633,124374,4,1
16634,124375,4,0
16635,124376,4,0
16636,124377,4,1
16637,124378,4,0
16638,124379,4,1
16639,124380,4,0
16640,124381,4,0
16641,124382,4,0
16642,124383,4,0
16643,124384,4,0
16644,124385,4,1
16645,124386,4,1
16646,124387,4,0
16647,124388,4,0
16648,124389,4,0
16649,124390,4,0
16650,124391,4,0
16651,124392,4,0
16652,124393,4,0
16653,124394,4,0
16654,124395,4,1
16655,124396,4,1
16656,124397,4,0
16657,124398,4,0
16658,124399,4,0
16659,124400,4,0
16660,124401,4,0
16661,124402,4,0
16662,124403,4,0
16663,124404,4,0
16664,124405,4,0
16665,124406,4,0
16666,124407,4,1
16667,124408,4,0
16668,124409,4,0
16669,124410,4,0
16670,124411,4,0
16671,124412,4,0
16672,124413,4,0
16673,124414,4,1
16674,124415,4,0
16675,124416,4,0
16676,124417,4,1
16677,124418,4,1
16678,124419,4,0
16679,124420,4,0
16680,124421,4,0
16681,124422,4,0
16682,124423,4,0
16683,124424,4,0
16684,124425,4,0
16685,124426,4,0
16686,124427,4,0
16687,124428,4,0
16688,124429,4,0
16689,124430,4,0
16690,124431,4,0
16691,124432,4,0
16692,124433,4,0
16693,124434,4,0
16694,124435,4,0
16695,124436,4,0
16696,124437,4,0
16697,124438,4,0
16698,124439,4,0
16699,124440,4,0
16700,124441,4,0
16701,124442,4,0
16702,124443,4,0
16703,124444,4,0
16704,124445,4,0
16705,124446,4,0
16706,124447,4,0
16707,124448,4,0
16708,124449,4,1
16709,124450,4,0
16710,124451,4,0
16711,124452,4,0
16712,124453,4,0
16713,124454,4,0
16714,124455,4,0
16715,124456,4,0
16716,124457,4,0
16717,124458,4,1
16718,124459,4,0
16719,124460,4,0
16720,124461,4,0
16721,124462,4,0
16722,124463,4,0
16723,124464,4,0
16724,124465,4,0
16725,124466,4,0
16726,124467,4,0
16727,124468,4,0
16728,124469,4,0
16729,124470,4,0
16730,124471,4,0
16731,124472,4,0
16732,124473,4,0
16733,124474,4,0
16734,124475,4,0
16735,124476,4,0
16736,124477,4,0
16737,124478,4,0
16738,124479,4,0
16739,124480,4,0
16740,124481,4,0
16741,124482,4,0
16742,124483,4,0
16743,124484,4,0
16744,124485,4,0
16745,124486,4,0
16746,124487,4,0
16747,124488,4,0
16748,124489,4,0
16749,124490,4,0
16750,124491,4,0
16751,124492,4,0
16752,124493,4,0
16753,124494,4,0
16754,124495,4,0
16755,124496,4,0
16756,124497,4,0
16757,124498,4,0
16758,124499,4,0
16759,124500,4,0
16760,124501,4,0
16761,124502,4,0
16762,124503,4,0
16763,124504,4,0
16764,124505,4,0
16765,124506,4,0
16766,124507,4,0
16767,124508,4,0
16768,124509,4,0
16769,124510,4,0
16770,124511,4,0
16771,124512,4,0
16772,124513,4,0
16773,124514,4,0
16774,124515,4,0
16775,124516,4,0
16776,124517,4,0
16777,124518,4,0
16778,124519,4,0
16779,124520,4,0
16780,124521,4,0
16781,124522,4,0
16782,124523,4,0
16783,124524,4,0
16784,124525,4,0
16785,124526,4,0
16786,124527,4,0
16787,124528,4,0
16788,124529,4,0
16789,124530,4,0
16790,124531,4,0
16791,124532,4,0
16792,124533,4,0
16793,124534,4,0
16794,124535,4,0
16795,124536,4,0
16796,124537,4,0
16797,124538,4,0
16798,124539,4,0
16799,124540,4,0
16800,124541,4,0
16801,124542,4,0
16802,124543,4,0
16803,124544,4,0
16804,124545,4,0
16805,124546,4,0
16806,124547,4,0
16807,124548,4,0
16808,124549,4,0
16809,124550,4,0
16810,124551,4,0
16811,124552,4,0
16812,124553,4,0
16813,124554,4,0
16814,124555,4,0
16815,124556,4,0
16816,124557,4,0
16817,124558,4,0
16818,124559,4,0
16819,124560,4,0
16820,124561,4,0
16821,124562,4,0
16822,124563,4,0
16823,124564,4,0
16824,124565,4,0
16825,124566,4,0
16826,124567,4,0
16827,124568,4,0
16828,124569,4,0
16829,124570,4,0
16830,124571,4,0
16831,124572,4,0
16832,124573,4,0
16833,124574,4,0
16834,124575,4,0
16835,124576,4,0
16836,124577,4,0
16837,124578,4,0
16838,124579,4,0
16839,124580,4,0
16840,124581,4,0
16841,124582,4,0
16842,124583,4,0
16843,124584,4,0
16844,124585,4,0
16845,124586,4,0
16846,124587,4,0
16847,124588,4,0
16848,124589,4,0
16849,124590,4,0
16850,124591,4,0
16851,124592,4,0
16852,124593,4,0
16853,124594,4,0
16854,124595,4,0
16855,124596,4,0
16856,124597,4,0
16857,124598,4,0
16858,124599,4,0
16859,124600,4,0
16860,124601,4,0
16861,124602,4,0
16862,124603,4,0
16863,124604,4,0
16864,124605,4,0
16865,124606,4,0
16866,124607,4,0
16867,124608,4,0
16868,124609,4,0
16869,124610,4,0
16870,124611,4,0
16871,124612,4,0
16872,124613,4,0
16873,124614,4,0
16874,124615,4,0
16875,124616,4,0
16876,124617,4,0
16877,124618,4,0
16878,124619,4,0
16879,124620,4,0
16880,124621,4,0
16881,124622,4,0
16882,124623,4,0
16883,124624,4,0
16884,124625,4,0
16885,124626,4,0
16886,124627,4,0
16887,124628,4,0
16888,124629,4,1
16889,124630,4,0
16890,124631,4,0
16891,124632,4,0
16892,124633,4,0
16893,124634,4,0
16894,124635,4,0
16895,124636,4,0
16896,124637,4,0
16897,124638,4,0
16898,124639,4,0
16899,124640,4,0
16900,124641,4,0
16901,124642,4,0
16902,124643,4,0
16903,124644,4,0
16904,124645,4,0
16905,124646,4,0
16906,124647,4,0
16907,124648,4,0
16908,124649,4,0
16909,124650,4,0
16910,124651,4,0
16911,124652,4,0
16912,124653,4,0
16913,124654,4,0
16914,124655,4,0
16915,124656,4,0
16916,124657,4,0
16917,124658,4,0
16918,124659,4,0
16919,124660,4,0
16920,124661,4,0
16921,124662,4,0
16922,124663,4,0
16923,124664,4,0
16924,124665,4,0
16925,124666,4,0
16926,124667,4,0
16927,124668,4,0
16928,124669,4,0
16929,124670,4,0
16930,124671,4,0
16931,124672,4,0
16932,124673,4,0
16933,124674,4,0
16934,124675,4,0
16935,124676,4,0
16936,124677,4,0
16937,124678,4,0
16938,124679,4,0
16939,124680,4,0
16940,124681,4,0
16941,124682,4,0
16942,124683,4,0
16943,124684,4,0
16944,124685,4,0
16945,124686,4,0
16946,124687,4,0
16947,124688,4,0
16948,124689,4,0
16949,124690,4,0
16950,124691,4,0
16951,124692,4,0
16952,124693,4,0
16953,124694,4,0
16954,124695,4,0
16955,124696,4,0
16956,124697,4,0
16957,124698,4,0
16958,124699,4,0
16959,124700,4,0
16960,124701,4,0
16961,124702,4,0
16962,124703,4,0
16963,124704,4,0
16964,124705,4,0
16965,124706,4,0
16966,124707,4,0
16967,124708,4,0
16968,124709,4,0
16969,124710,4,0
16970,124711,4,0
16971,124712,4,0
16972,124713,4,0
16973,124714,4,0
16974,124715,4,0
16975,124716,4,0
16976,124717,4,0
16977,124718,4,0
16978,124719,4,0
16979,124720,4,0
16980,124721,4,0
16981,124722,4,0
16982,124723,4,0
16983,124724,4,0
16984,124725,4,0
16985,124726,4,0
16986,124727,4,0
16987,124728,4,0
16988,124729,4,0
16989,124730,4,0
16990,124731,4,0
16991,124732,4,0
16992,124733,4,0
16993,124734,4,0
16994,124735,4,0
16995,124736,4,0
16996,124737,4,0
16997,124738,4,0
16998,124739,4,0
16999,124740,4,0
17000,124741,4,0
17001,124742,4,0
17002,124743,4,0
17003,124744,4,0
17004,124745,4,0
17005,124746,4,0
17006,124747,4,0
17007,124748,4,0
17008,124749,4,0
17009,124750,4,0
17010,124751,4,0
17011,124752,4,0
17012,124753,4,0
17013,124754,4,0
17014,124755,4,0
17015,124756,4,0
17016,124757,4,0
17017,124758,4,0
17018,124759,4,0
17019,124760,4,0
17020,124761,4,0
17021,124762,4,0
17022,124763,4,0
17023,124764,4,0
17024,124765,4,0
17025,124766,4,0
17026,124767,4,0
17027,124768,4,0
17028,124769,4,0
17029,124770,4,0
17030,124771,4,0
17031,124772,4,0
17032,124773,4,0
17033,124774,4,0
17034,124775,4,0
17035,124776,4,0
17036,124777,4,0
17037,124778,4,0
17038,124779,4,0
17039,124780,4,0
17040,124781,4,0
17041,124782,4,0
17042,124783,4,0
17043,124784,4,0
17044,124785,4,0
17045,124786,4,0
17046,124787,4,0
17047,124788,4,0
17048,124789,4,0
17049,124790,4,0
17050,124791,4,0
17051,124792,4,0
17052,124793,4,0
17053,124794,4,0
17054,124795,4,0
17055,124796,4,0
17056,124797,4,0
17057,124798,4,0
17058,124799,4,0
17059,124800,4,0
17060,124801,4,0
17061,124802,4,0
17062,124803,4,0
17063,124804,4,0
17064,124805,4,0
17065,124806,4,0
17066,124807,4,0
17067,124808,4,0
17068,124809,4,0
17069,124810,4,0
17070,124811,4,0
17071,124812,4,0
17072,124813,4,0
17073,124814,4,0
17074,124815,4,0
17075,124816,4,0
17076,124817,4,0
17077,124818,4,0
17078,124819,4,0
17079,124820,4,0
17080,124821,4,0
17081,124822,4,0
17082,124823,4,0
17083,124824,4,0
17084,124825,4,0
17085,124826,4,0
17086,124827,4,0
17087,124828,4,0
17088,124829,4,0
17089,124830,4,0
17090,124831,4,1
17091,124832,4,0
17092,124833,4,0
17093,124834,4,0
17094,124835,4,0
17095,124836,4,0
17096,124837,4,0
17097,124838,4,0
17098,124839,4,0
17099,124840,4,0
17100,124841,4,0
17101,124842,4,0
17102,124843,4,0
17103,124844,4,0
17104,124845,4,0
17105,124846,4,0
17106,124847,4,0
17107,124848,4,0
17108,124849,4,0
17109,124850,4,0
17110,124851,4,0
17111,124852,4,0
17112,124853,4,0
17113,124854,4,0
17114,124855,4,0
17115,124856,4,0
17116,124857,4,0
17117,124858,4,0
17118,124859,4,0
17119,124860,4,0
17120,124861,4,0
17121,124862,4,0
17122,124863,4,0
17123,124864,4,0
17124,124865,4,0
17125,124866,4,0
17126,124867,4,0
17127,124868,4,0
17128,124869,4,0
17129,124870,4,0
17130,124871,4,0
17131,124872,4,0
17132,124873,4,0
17133,124874,4,0
17134,124875,4,0
17135,124876,4,0
17136,124877,4,0
17137,124878,4,0
17138,124879,4,0
17139,124880,4,0
17140,124881,4,0
17141,124882,4,0
17142,124883,4,0
17143,124884,4,0
17144,124885,4,0
17145,124886,4,0
17146,124887,4,0
17147,124888,4,0
17148,124889,4,0
17149,124890,4,0
17150,124891,4,0
17151,124892,4,0
17152,124893,4,0
17153,124894,4,0
17154,124895,4,0
17155,124896,4,0
17156,124897,4,0
17157,124898,4,0
17158,124899,4,0
17159,124900,4,0
17160,124901,4,0
17161,124902,4,0
17162,124903,4,0
17163,124904,4,0
17164,124905,4,0
17165,124906,4,0
17166,124907,4,0
17167,124908,4,0
17168,124909,4,0
17169,124910,4,0
17170,124911,4,0
17171,124912,4,0
17172,124913,4,0
17173,124914,4,0
17174,124915,4,0
17175,124916,4,0
17176,124917,4,0
17177,124918,4,0
17178,124919,4,0
17179,124920,4,0
17180,124921,4,0
17181,124922,4,0
17182,124923,4,0
17183,124924,4,0
17184,124925,4,0
17185,124926,4,0
17186,124927,4,0
17187,124928,4,0
17188,124929,4,0
17189,124930,4,0
17190,124931,4,0
17191,124932,4,0
17192,124933,4,0
17193,124934,4,0
17194,124935,4,0
17195,124936,4,0
17196,124937,4,0
17197,124938,4,0
17198,124939,4,0
17199,124940,4,0
17200,124941,4,0
17201,124942,4,0
17202,124943,4,0
17203,124944,4,0
17204,124945,4,0
17205,124946,4,0
17206,124947,4,0
17207,124948,4,0
17208,124949,4,0
17209,124950,4,0
17210,124951,4,0
17211,124952,4,0
17212,124953,4,0
17213,124954,4,0
17214,124955,4,0
17215,124956,4,0
17216,124957,4,0
17217,124958,4,0
17218,124959,4,0
17219,124960,4,0
17220,124961,4,0
17221,124962,4,0
17222,124963,4,0
17223,124964,4,0
17224,124965,4,0
17225,124966,4,0
17226,124967,4,0
17227,124968,4,0
17228,124969,4,0
17229,124970,4,0
17230,124971,4,0
17231,124972,4,0
17232,124973,4,0
17233,124974,4,0
17234,124975,4,0
17235,124976,4,0
17236,124977,4,0
17237,124978,4,0
17238,124979,4,0
17239,124980,4,0
17240,124981,4,0
17241,124982,4,0
17242,124983,4,0
17243,124984,4,0
17244,124985,4,0
17245,124986,4,0
17246,124987,4,0
17247,124988,4,0
17248,124989,4,0
17249,124990,4,0
17250,124991,4,0
17251,124992,4,0
17252,124993,4,0
17253,124994,4,0
17254,124995,4,0
17255,124996,4,0
17256,124997,4,0
17257,124998,4,0
17258,124999,4,0
17259,125000,4,0
17260,125001,4,0
17261,125002,4,0
17262,125003,4,0
17263,125004,4,0
17264,125005,4,0
17265,125006,4,0
17266,125007,4,0
17267,125008,4,0
17268,125009,4,0
17269,125010,4,0
17270,125011,4,0
17271,125012,4,0
17272,125013,4,0
17273,125014,4,0
17274,125015,4,0
17275,125016,4,0
17276,125017,4,0
17277,125018,4,0
17278,125019,4,0
17279,125020,4,0
17280,125021,4,0
17281,125022,4,0
17282,125023,4,0
17283,125024,4,0
17284,125025,4,0
17285,125026,4,0
17286,125027,4,0
17287,125028,4,0
17288,125029,4,0
17289,125030,4,0
17290,125031,4,0
17291,125032,4,0
17292,125033,4,0
17293,125034,4,0
17294,125035,4,0
17295,125036,4,0
17296,125037,4,0
17297,125038,4,0
17298,125039,4,0
17299,125040,4,0
17300,125041,4,0
17301,125042,4,0
17302,125043,4,0
17303,125044,4,0
17304,125045,4,0
17305,125046,4,0
17306,125047,4,0
17307,125048,4,0
17308,125049,4,0
17309,125050,4,0
17310,125051,4,0
17311,125052,4,0
17312,125053,4,0
17313,125054,4,0
17314,125055,4,0
17315,125056,4,0
17316,125057,4,0
17317,125058,4,0
17318,125059,4,0
17319,125060,4,0
17320,125061,4,0
17321,125062,4,0
17322,125063,4,0
17323,125064,4,0
17324,125065,4,0
17325,125066,4,0
17326,125067,4,0
17327,125068,4,0
17328,125069,4,1
17329,125070,4,0
17330,125071,4,0
17331,125072,4,0
17332,125073,4,0
17333,125074,4,0
17334,125075,4,0
17335,125076,4,0
17336,125077,4,0
17337,125078,4,0
17338,125079,4,0
17339,125080,4,0
17340,125081,4,0
17341,125082,4,0
17342,125083,4,0
17343,125084,4,0
17344,125085,4,0
17345,125086,4,0
17346,125087,4,0
17347,125088,4,0
17348,125089,4,0
17349,125090,4,0
17350,125091,4,0
17351,125092,4,0
17352,125093,4,0
17353,125094,4,0
17354,125095,4,0
17355,125096,4,0
17356,125097,4,0
17357,125098,4,0
17358,125099,4,0
17359,125100,4,0
17360,125101,4,0
17361,125102,4,0
17362,125103,4,0
17363,125104,4,0
17364,125105,4,0
17365,125106,4,0
17366,125107,4,0
17367,125108,4,0
17368,125109,4,0
17369,125110,4,0
17370,125111,4,0
17371,125112,4,0
17372,125113,4,0
17373,125114,4,0
17374,125115,4,0
17375,125116,4,1
17376,125117,4,0
17377,125118,4,0
17378,125119,4,0
17379,125120,4,0
17380,125121,4,0
17381,125122,4,0
17382,125123,4,0
17383,125124,4,0
17384,125125,4,0
17385,125126,4,0
17386,125127,4,0
17387,125128,4,0
17388,125129,4,0
17389,125130,4,0
17390,125131,4,0
17391,125132,4,0
17392,125133,4,0
17393,125134,4,0
17394,125135,4,0
17395,125136,4,0
17396,125137,4,0
17397,125138,4,0
17398,125139,4,0
17399,125140,4,0
17400,125141,4,0
17401,125142,4,0
17402,125143,4,1
17403,125144,4,0
17404,125145,4,0
17405,125146,4,0
17406,125147,4,0
17407,125148,4,0
17408,125149,4,0
17409,125150,4,0
17410,125151,4,0
17411,125152,4,0
17412,125153,4,0
17413,125154,4,0
17414,125155,4,0
17415,125156,4,0
17416,125157,4,0
17417,125158,4,0
17418,125159,4,0
17419,125160,4,0
17420,125161,4,0
17421,125162,4,0
17422,125163,4,0
17423,125164,4,0
17424,125165,4,0
17425,125166,4,0
17426,125167,4,0
17427,125168,4,0
17428,125169,4,0
17429,125170,4,0
17430,125171,4,0
17431,125172,4,0
17432,125173,4,0
17433,125174,4,0
17434,125175,4,0
17435,125176,4,0
17436,125177,4,0
17437,125178,4,0
17438,125179,4,0
17439,125180,4,0
17440,125181,4,0
17441,125182,4,0
17442,125183,4,0
17443,125184,4,0
17444,125185,4,0
17445,125186,4,0
17446,125187,4,0
17447,125188,4,0
17448,125189,4,0
17449,125190,4,0
17450,125191,4,0
17451,125192,4,0
17452,125193,4,0
17453,125194,4,1
17454,125195,4,0
17455,125196,4,0
17456,125197,4,0
17457,125198,4,0
17458,125199,4,0
17459,125200,4,0
17460,125201,4,0
17461,125202,4,0
17462,125203,4,0
17463,125204,4,0
17464,125205,4,0
17465,125206,4,0
17466,125207,4,0
17467,125208,4,0
17468,125209,4,0
17469,125210,4,0
17470,125211,4,0
17471,125212,4,0
17472,125213,4,0
17473,125214,4,0
17474,125215,4,0
17475,125216,4,0
17476,125217,4,0
17477,125218,4,0
17478,125219,4,0
17479,125220,4,0
17480,125221,4,0
17481,125222,4,0
17482,125223,4,0
17483,125224,4,0
17484,125225,4,0
17485,125226,4,0
17486,125227,4,0
17487,125228,4,0
17488,125229,4,0
17489,125230,4,1
17490,125231,4,0
17491,125232,4,0
17492,125233,4,0
17493,125234,4,0
17494,125235,4,0
17495,125236,4,0
17496,125237,4,1
17497,125238,4,0
17498,125239,4,0
17499,125240,4,0
17500,125241,4,0
17501,125242,4,0
17502,125243,4,0
17503,125244,4,0
17504,125245,4,0
17505,125246,4,1
17506,125247,4,0
17507,125248,4,0
17508,125249,4,0
17509,125250,4,0
17510,125251,4,0
17511,125252,4,0
17512,125253,4,0
17513,125254,4,0
17514,125255,4,0
17515,125256,4,0
17516,125257,4,0
17517,125258,4,0
17518,125259,4,0
17519,125260,4,0
17520,125261,4,0
17521,125262,4,0
17522,125263,4,0
17523,125264,4,0
17524,125265,4,0
17525,125266,4,0
17526,125267,4,0
17527,125268,4,1
17528,125269,4,1
17529,125270,4,1
17530,125271,4,0
17531,125272,4,0
17532,125273,4,0
17533,125274,4,0
17534,125275,4,0
17535,125276,4,1
17536,125277,4,0
17537,125278,4,0
17538,125279,4,0
17539,125280,4,0
17540,125281,4,0
17541,125282,4,0
17542,125283,4,0
17543,125284,4,0
17544,125285,4,0
17545,125286,4,0
17546,125287,4,0
17547,125288,4,0
17548,125289,4,0
17549,125290,4,1
17550,125291,4,1
17551,125292,4,0
17552,125293,4,0
17553,125294,4,0
17554,125295,4,0
17555,125296,4,0
17556,125297,4,0
17557,125298,4,0
17558,125299,4,0
17559,125300,4,0
17560,125301,4,0
17561,125302,4,0
17562,125303,4,0
17563,125304,4,0
17564,125305,4,0
17565,125306,4,0
17566,125307,4,0
17567,125308,4,0
17568,125309,4,0
17569,125310,4,0
17570,125311,4,0
17571,125312,4,1
17572,125313,4,0
17573,125314,4,0
17574,125315,4,0
17575,125316,4,0
17576,125317,4,0
17577,125318,4,1
17578,125319,4,0
17579,125320,4,0
17580,125321,4,0
17581,125322,4,0
17582,125323,4,0
17583,125324,4,0
17584,125325,4,0
17585,125326,4,0
17586,125327,4,0
17587,125328,4,0
17588,125329,4,0
17589,125330,4,1
17590,125331,4,0
17591,125332,4,0
17592,125333,4,0
17593,125334,4,0
17594,125335,4,0
17595,125336,4,0
17596,125337,4,0
17597,125338,4,0
17598,125339,4,0
17599,125340,4,0
17600,125341,4,0
17601,125342,4,0
17602,125343,4,0
17603,125344,4,0
17604,125345,4,0
17605,125346,4,0
17606,125347,4,0
17607,125348,4,0
17608,125349,4,0
17609,125350,4,0
17610,125351,4,0
17611,125352,4,0
17612,125353,4,0
17613,125354,4,0
17614,125355,4,0
17615,125356,4,0
17616,125357,4,0
17617,125358,4,0
17618,125359,4,0
17619,125360,4,0
17620,125361,4,0
17621,125362,4,0
17622,125363,4,0
17623,125364,4,0
17624,125365,4,1
17625,125366,4,0
17626,125367,4,0
17627,125368,4,0
17628,125369,4,0
17629,125370,4,0
17630,125371,4,0
17631,125372,4,1
17632,125373,4,0
17633,125374,4,0
17634,125375,4,0
17635,125376,4,0
17636,125377,4,0
17637,125378,4,1
17638,125379,4,0
17639,125380,4,0
17640,125381,4,0
17641,125382,4,0
17642,125383,4,0
17643,125384,4,0
17644,125385,4,1
17645,125386,4,0
17646,125387,4,0
17647,125388,4,0
17648,125389,4,0
17649,125390,4,0
17650,125391,4,0
17651,125392,4,0
17652,125393,4,0
17653,125394,4,0
17654,125395,4,0
17655,125396,4,0
17656,125397,4,0
17657,125398,4,0
17658,125399,4,0
17659,125400,4,0
17660,125401,4,0
17661,125402,4,0
17662,125403,4,0
17663,125404,4,0
17664,125405,4,0
17665,125406,4,0
17666,125407,4,0
17667,125408,4,0
17668,125409,4,0
17669,125410,4,0
17670,125411,4,0
17671,125412,4,0
17672,125413,4,0
17673,125414,4,0
17674,125415,4,0
17675,125416,4,0
17676,125417,4,0
17677,125418,4,0
17678,125419,4,1
17679,125420,4,0
17680,125421,4,0
17681,125422,4,0
17682,125423,4,0
17683,125424,4,0
17684,125425,4,0
17685,125426,4,0
17686,125427,4,0
17687,125428,4,1
17688,125429,4,0
17689,125430,4,0
17690,125431,4,0
17691,125432,4,0
17692,125433,4,0
17693,125434,4,0
17694,125435,4,0
17695,125436,4,0
17696,125437,4,0
17697,125438,4,0
17698,125439,4,0
17699,125440,4,0
17700,125441,4,0
17701,125442,4,0
17702,125443,4,0
17703,125444,4,1
17704,125445,4,0
17705,125446,4,0
17706,125447,4,1
17707,125448,4,1
17708,125449,4,0
17709,125450,4,0
17710,125451,4,0
17711,125452,4,0
17712,125453,4,0
17713,125454,4,0
17714,125455,4,0
17715,125456,4,0
17716,125457,4,0
17717,125458,4,0
17718,125459,4,0
17719,125460,4,0
17720,125461,4,0
17721,125462,4,0
17722,125463,4,0
17723,125464,4,0
17724,125465,4,0
17725,125466,4,0
17726,125467,4,0
17727,125468,4,0
17728,125469,4,0
17729,125470,4,0
17730,125471,4,0
17731,125472,4,0
17732,125473,4,0
17733,125474,4,0
17734,125475,4,0
17735,125476,4,0
17736,125477,4,0
17737,125478,4,0
17738,125479,4,0
17739,125480,4,1
17740,125481,4,0
17741,125482,4,0
17742,125483,4,0
17743,125484,4,0
17744,125485,4,0
17745,125486,4,0
17746,125487,4,0
17747,125488,4,0
17748,125489,4,0
17749,125490,4,0
17750,125491,4,0
17751,125492,4,0
17752,125493,4,0
17753,125494,4,0
17754,125495,4,0
17755,125496,4,1
17756,125497,4,0
17757,125498,4,1
17758,125499,4,0
17759,125500,4,0
17760,125501,4,0
17761,125502,4,0
17762,125503,4,0
17763,125504,4,0
17764,125505,4,0
17765,125506,4,0
17766,125507,4,0
17767,125508,4,0
17768,125509,4,0
17769,125510,4,0
17770,125511,4,1
17771,125512,4,0
17772,125513,4,0
17773,125514,4,0
17774,125515,4,0
17775,125516,4,0
17776,125517,4,0
17777,125518,4,0
17778,125519,4,0
17779,125520,4,0
17780,125521,4,0
17781,125522,4,0
17782,125523,4,0
17783,125524,4,0
17784,125525,4,0
17785,125526,4,0
17786,125527,4,0
17787,125528,4,0
17788,125529,4,0
17789,125530,4,1
17790,125531,4,0
17791,125532,4,0
17792,125533,4,0
17793,125534,4,0
17794,125535,4,0
17795,125536,4,0
17796,125537,4,0
17797,125538,4,0
17798,125539,4,0
17799,125540,4,0
17800,125541,4,0
17801,125542,4,1
17802,125543,4,0
17803,125544,4,0
17804,125545,4,0
17805,125546,4,0
17806,125547,4,0
17807,125548,4,1
17808,125549,4,1
17809,125550,4,0
17810,125551,4,0
17811,125552,4,0
17812,125553,4,1
17813,125554,4,0
17814,125555,4,0
17815,125556,4,0
17816,125557,4,0
17817,125558,4,1
17818,125559,4,0
17819,125560,4,1
17820,125561,4,0
17821,125562,4,0
17822,125563,4,1
17823,125564,4,0
17824,125565,4,1
17825,125566,4,0
17826,125567,4,1
17827,125568,4,0
17828,125569,4,0
17829,125570,4,1
17830,125571,4,1
17831,125572,4,0
17832,125573,4,1
17833,125574,4,0
17834,125575,4,0
17835,125576,4,0
17836,125577,4,0
17837,125578,4,1
17838,125579,4,0
17839,125580,4,0
17840,125581,4,0
17841,125582,4,0
17842,125583,4,0
17843,125584,4,0
17844,125585,4,0
17845,125586,4,1
17846,125587,4,0
17847,125588,4,1
17848,125589,4,0
17849,125590,4,0
17850,125591,4,1
17851,125592,4,0
17852,125593,4,1
17853,125594,4,0
17854,125595,4,0
17855,125596,4,1
17856,125597,4,0
17857,125598,4,0
17858,125599,4,0
17859,125600,4,0
17860,125601,4,0
17861,125602,4,0
17862,125603,4,1
17863,125604,4,0
17864,125605,4,1
17865,125606,4,0
17866,125607,4,0
17867,125608,4,1
17868,125609,4,0
17869,125610,4,0
17870,125611,4,0
17871,125612,4,1
17872,125613,4,0
17873,125614,4,0
17874,125615,4,1
17875,125616,4,0
17876,125617,4,0
17877,125618,4,0
17878,125619,4,1
17879,125620,4,0
17880,125621,4,1
17881,125622,4,0
17882,125623,4,0
17883,125624,4,1
17884,125625,4,0
17885,125626,4,0
17886,125627,4,1
17887,125628,4,1
17888,125629,4,0
17889,125630,4,0
17890,125631,4,0
17891,125632,4,0
17892,125633,4,0
17893,125634,4,0
17894,125635,4,0
17895,125636,4,0
17896,125637,4,1
17897,125638,4,0
17898,125639,4,1
17899,125640,4,1
17900,125641,4,0
17901,125642,4,0
17902,125643,4,0
17903,125644,4,1
17904,125645,4,0
17905,125646,4,1
17906,125647,4,0
17907,125648,4,0
17908,125649,4,1
17909,125650,4,1
17910,125651,4,0
17911,125652,4,0
17912,125653,4,0
17913,125654,4,1
17914,125655,4,0
17915,125656,4,0
17916,125657,4,0
17917,125658,4,1
17918,125659,4,0
17919,125660,4,1
17920,125661,4,0
17921,125662,4,0
17922,125663,4,1
17923,125664,4,1
17924,125665,4,0
17925,125666,4,0
17926,125667,4,0
17927,125668,4,0
17928,125669,4,1
17929,125670,4,1
17930,125671,4,1
17931,125672,4,0
17932,125673,4,0
17933,125674,4,1
17934,125675,4,0
17935,125676,4,0
17936,125677,4,1
17937,125678,4,1
17938,125679,4,0
17939,125680,4,1
17940,125681,4,0
17941,125682,4,0
17942,125683,4,1
17943,125684,4,1
17944,125685,4,0
17945,125686,4,0
17946,125687,4,1
17947,125688,4,0
17948,125689,4,1
17949,125690,4,0
17950,125691,4,0
17951,125692,4,1
17952,125693,4,1
17953,125694,4,0
17954,125695,4,0
17955,125696,4,0
17956,125697,4,0
17957,125698,4,1
17958,125699,4,1
17959,125700,4,1
17960,125701,4,0
17961,125702,4,0
17962,125703,4,1
17963,125704,4,0
17964,125705,4,0
17965,125706,4,1
17966,125707,4,1
17967,125708,4,1
17968,125709,4,1
17969,125710,4,1
17970,125711,4,1
17971,125712,4,0
17972,125713,4,0
17973,125714,4,1
17974,125715,4,1
17975,125716,4,0
17976,125717,4,1
17977,125718,4,1
17978,125719,4,1
17979,125720,4,1
17980,125721,4,1
17981,125722,4,1
17982,125723,4,1
17983,125724,4,1
17984,125725,4,1
17985,125726,4,0
17986,125727,4,0
17987,125728,4,0
17988,125729,4,1
17989,125730,4,1
17990,125731,4,0
17991,125732,4,0
17992,125733,4,1
17993,125734,4,1
17994,125735,4,1
17995,125736,4,1
17996,125737,4,1
17997,125738,4,1
17998,125739,4,1
17999,125740,4,0
18000,125741,4,0
18001,125742,4,1
18002,125743,4,1
18003,125744,4,1
18004,125745,4,1
18005,125746,4,1
18006,125747,4,1
18007,125748,4,1
18008,125749,4,1
18009,125750,4,1
18010,125751,4,1
18011,125752,4,1
18012,125753,4,0
18013,125754,4,0
18014,125755,4,0
18015,125756,4,0
18016,125757,4,0
18017,125758,4,0
18018,125759,4,0
18019,125760,4,0
18020,125761,4,0
18021,125762,4,0
18022,125763,4,1
18023,125764,4,0
18024,125765,4,0
18025,125766,4,0
18026,125767,4,0
18027,125768,4,0
18028,125769,4,0
18029,125770,4,0
18030,125771,4,0
18031,125772,4,0
18032,125773,4,0
18033,125774,4,0
18034,125775,4,0
18035,125776,4,0
18036,125777,4,0
18037,125778,4,0
18038,125779,4,0
18039,125780,4,0
18040,125781,4,0
18041,125782,4,0
18042,125783,4,0
18043,125784,4,0
18044,125785,4,0
18045,125786,4,0
18046,125787,4,0
18047,125788,4,0
18048,125789,4,0
18049,125790,4,0
18050,125791,4,0
18051,125792,4,0
18052,125793,4,0
18053,125794,4,0
18054,125795,4,0
18055,125796,4,0
18056,125797,4,0
18057,125798,4,0
18058,125799,4,0
18059,125800,4,0
18060,125801,4,0
18061,125802,4,0
18062,125803,4,0
18063,125804,4,0
18064,125805,4,0
18065,125806,4,0
18066,125807,4,0
18067,125808,4,0
18068,125809,4,0
18069,125810,4,0
18070,125811,4,0
18071,125812,4,0
18072,125813,4,0
18073,125814,4,0
18074,125815,4,0
18075,125816,4,0
18076,125817,4,0
18077,125818,4,0
18078,125819,4,0
18079,125820,4,0
18080,125821,4,0
18081,125822,4,0
18082,125823,4,0
18083,125824,4,0
18084,125825,4,0
18085,125826,4,0
18086,125827,4,0
18087,125828,4,0
18088,125829,4,0
18089,125830,4,0
18090,125831,4,0
18091,125832,4,0
18092,125833,4,0
18093,125834,4,0
18094,125835,4,0
18095,125836,4,0
18096,125837,4,0
18097,125838,4,0
18098,125839,4,0
18099,125840,4,0
18100,125841,4,0
18101,125842,4,0
18102,125843,4,0
18103,125844,4,0
18104,125845,4,0
18105,125846,4,0
18106,125847,4,0
18107,125848,4,0
18108,125849,4,0
18109,125850,4,0
18110,125851,4,0
18111,125852,4,0
18112,125853,4,0
18113,125854,4,0
18114,125855,4,0
18115,125856,4,0
18116,125857,4,0
18117,125858,4,0
18118,125859,4,0
18119,125860,4,0
18120,125861,4,0
18121,125862,4,0
18122,125863,4,0
18123,125864,4,0
18124,125865,4,0
18125,125866,4,0
18126,125867,4,0
18127,125868,4,0
18128,125869,4,0
18129,125870,4,0
18130,125871,4,0
18131,125872,4,0
18132,125873,4,0
18133,125874,4,0
18134,125875,4,0
18135,125876,4,0
18136,125877,4,0
18137,125878,4,0
18138,125879,4,0
18139,125880,4,0
18140,125881,4,0
18141,125882,4,0
18142,125883,4,0
18143,125884,4,0
18144,125885,4,0
18145,125886,4,0
18146,125887,4,0
18147,125888,4,0
18148,125889,4,0
18149,125890,4,0
18150,125891,4,0
18151,125892,4,0
18152,125893,4,0
18153,125894,4,0
18154,125895,4,0
18155,125896,4,0
18156,125897,4,0
18157,125898,4,0
18158,125899,4,0
18159,125900,4,0
18160,125901,4,0
18161,125902,4,0
18162,125903,4,0
18163,125904,4,0
18164,125905,4,0
18165,125906,4,0
18166,125907,4,0
18167,125908,4,0
18168,125909,4,0
18169,125910,4,0
18170,125911,4,0
18171,125912,4,0
18172,125913,4,0
18173,125914,4,0
18174,125915,4,0
18175,125916,4,0
18176,125917,4,0
18177,125918,4,0
18178,125919,4,0
18179,125920,4,0
18180,125921,4,0
18181,125922,4,0
18182,125923,4,0
18183,125924,4,0
18184,125925,4,0
18185,125926,4,0
18186,125927,4,0
18187,125928,4,0
18188,125929,4,0
18189,125930,4,0
18190,125931,4,0
18191,125932,4,0
18192,125933,4,0
18193,125934,4,0
18194,125935,4,0
18195,125936,4,0
18196,125937,4,0
18197,125938,4,0
18198,125939,4,0
18199,125940,4,0
18200,125941,4,0
18201,125942,4,0
18202,125943,4,0
18203,125944,4,0
18204,125945,4,0
18205,125946,4,0
18206,125947,4,0
18207,125948,4,0
18208,125949,4,0
18209,125950,4,0
18210,125951,4,0
18211,125952,4,0
18212,125953,4,0
18213,125954,4,0
18214,125955,4,0
18215,125956,4,0
18216,125957,4,0
18217,125958,4,0
18218,125959,4,0
18219,125960,4,0
18220,125961,4,0
18221,125962,4,0
18222,125963,4,0
18223,125964,4,0
18224,125965,4,0
18225,125966,4,0
18226,125967,4,1
18227,125968,4,0
18228,125969,4,0
18229,125970,4,0
18230,125971,4,0
18231,125972,4,0
18232,125973,4,0
18233,125974,4,0
18234,125975,4,0
18235,125976,4,0
18236,125977,4,0
18237,125978,4,0
18238,125979,4,0
18239,125980,4,0
18240,125981,4,0
18241,125982,4,0
18242,125983,4,0
18243,125984,4,0
18244,125985,4,0
18245,125986,4,0
18246,125987,4,0
18247,125988,4,0
18248,125989,4,0
18249,125990,4,0
18250,125991,4,0
18251,125992,4,0
18252,125993,4,0
18253,125994,4,0
18254,125995,4,0
18255,125996,4,0
18256,125997,4,0
18257,125998,4,0
18258,125999,4,0
18259,126000,4,0
18260,126001,4,0
18261,126002,4,0
18262,126003,4,0
18263,126004,4,1
18264,126005,4,0
18265,126006,4,0
18266,126007,4,0
18267,126008,4,0
18268,126009,4,0
18269,126010,4,0
18270,126011,4,0
18271,126012,4,0
18272,126013,4,0
18273,126014,4,0
18274,126015,4,0
18275,126016,4,0
18276,126017,4,0
18277,126018,4,0
18278,126019,4,0
18279,126020,4,0
18280,126021,4,0
18281,126022,4,0
18282,126023,4,0
18283,126024,4,0
18284,126025,4,0
18285,126026,4,0
18286,126027,4,0
18287,126028,4,0
18288,126029,4,0
18289,126030,4,0
18290,126031,4,0
18291,126032,4,0
18292,126033,4,0
18293,126034,4,0
18294,126035,4,0
18295,126036,4,0
18296,126037,4,0
18297,126038,4,0
18298,126039,4,0
18299,126040,4,0
18300,126041,4,0
18301,126042,4,0
18302,126043,4,0
18303,126044,4,0
18304,126045,4,0
18305,126046,4,0
18306,126047,4,0
18307,126048,4,0
18308,126049,4,0
18309,126050,4,0
18310,126051,4,0
18311,126052,4,0
18312,126053,4,0
18313,126054,4,0
18314,126055,4,0
18315,126056,4,0
18316,126057,4,0
18317,126058,4,0
18318,126059,4,0
18319,126060,4,0
18320,126061,4,0
18321,126062,4,0
18322,126063,4,0
18323,126064,4,0
18324,126065,4,0
18325,126066,4,0
18326,126067,4,0
18327,126068,4,0
18328,126069,4,0
18329,126070,4,0
18330,126071,4,0
18331,126072,4,0
18332,126073,4,0
18333,126074,4,0
18334,126075,4,0
18335,126076,4,0
18336,126077,4,0
18337,126078,4,0
18338,126079,4,0
18339,126080,4,0
18340,126081,4,0
18341,126082,4,0
18342,126083,4,0
18343,126084,4,0
18344,126085,4,0
18345,126086,4,0
18346,126087,4,0
18347,126088,4,0
18348,126089,4,0
18349,126090,4,0
18350,126091,4,0
18351,126092,4,0
18352,126093,4,0
18353,126094,4,0
18354,126095,4,0
18355,126096,4,0
18356,126097,4,0
18357,126098,4,0
18358,126099,4,0
18359,126100,4,0
18360,126101,4,0
18361,126102,4,0
18362,126103,4,0
18363,126104,4,0
18364,126105,4,0
18365,126106,4,0
18366,126107,4,0
18367,126108,4,0
18368,126109,4,0
18369,126110,4,0
18370,126111,4,0
18371,126112,4,0
18372,126113,4,0
18373,126114,4,0
18374,126115,4,0
18375,126116,4,0
18376,126117,4,0
18377,126118,4,0
18378,126119,4,0
18379,126120,4,0
18380,126121,4,0
18381,126122,4,0
18382,126123,4,0
18383,126124,4,0
18384,126125,4,0
18385,126126,4,0
18386,126127,4,0
18387,126128,4,0
18388,126129,4,0
18389,126130,4,0
18390,126131,4,0
18391,126132,4,0
18392,126133,4,0
18393,126134,4,0
18394,126135,4,0
18395,126136,4,0
18396,126137,4,0
18397,126138,4,0
18398,126139,4,0
18399,126140,4,0
18400,126141,4,0
18401,126142,4,0
18402,126143,4,0
18403,126144,4,0
18404,126145,4,0
18405,126146,4,0
18406,126147,4,0
18407,126148,4,0
18408,126149,4,0
18409,126150,4,0
18410,126151,4,0
18411,126152,4,0
18412,126153,4,0
18413,126154,4,0
18414,126155,4,0
18415,126156,4,0
18416,126157,4,0
18417,126158,4,0
18418,126159,4,0
18419,126160,4,0
18420,126161,4,0
18421,126162,4,0
18422,126163,4,0
18423,126164,4,0
18424,126165,4,0
18425,126166,4,0
18426,126167,4,0
18427,126168,4,0
18428,126169,4,0
18429,126170,4,0
18430,126171,4,0
18431,126172,4,0
18432,126173,4,0
18433,126174,4,0
18434,126175,4,0
18435,126176,4,0
18436,126177,4,0
18437,126178,4,0
18438,126179,4,0
18439,126180,4,0
18440,126181,4,0
18441,126182,4,0
18442,126183,4,0
18443,126184,4,0
18444,126185,4,0
18445,126186,4,0
18446,126187,4,0
18447,126188,4,0
18448,126189,4,0
18449,126190,4,0
18450,126191,4,0
18451,126192,4,0
18452,126193,4,0
18453,126194,4,0
18454,126195,4,0
18455,126196,4,0
18456,126197,4,0
18457,126198,4,0
18458,126199,4,0
18459,126200,4,0
18460,126201,4,0
18461,126202,4,0
18462,126203,4,0
18463,126204,4,0
18464,126205,4,0
18465,126206,4,0
18466,126207,4,0
18467,126208,4,0
18468,126209,4,0
18469,126210,4,0
18470,126211,4,0
18471,126212,4,0
18472,126213,4,0
18473,126214,4,0
18474,126215,4,0
18475,126216,4,0
18476,126217,4,0
18477,126218,4,0
18478,126219,4,0
18479,126220,4,0
18480,126221,4,0
18481,126222,4,0
18482,126223,4,0
18483,126224,4,0
18484,126225,4,0
18485,126226,4,0
18486,126227,4,0
18487,126228,4,0
18488,126229,4,0
18489,126230,4,0
18490,126231,4,0
18491,126232,4,0
18492,126233,4,0
18493,126234,4,0
18494,126235,4,0
18495,126236,4,0
18496,126237,4,0
18497,126238,4,0
18498,126239,4,0
18499,126240,4,1
18500,126241,4,0
18501,126242,4,0
18502,126243,4,0
18503,126244,4,0
18504,126245,4,0
18505,126246,4,0
18506,126247,4,0
18507,126248,4,0
18508,126249,4,0
18509,126250,4,0
18510,126251,4,0
18511,126252,4,0
18512,126253,4,0
18513,126254,4,0
18514,126255,4,0
18515,126256,4,0
18516,126257,4,0
18517,126258,4,0
18518,126259,4,0
18519,126260,4,0
18520,126261,4,0
18521,126262,4,0
18522,126263,4,0
18523,126264,4,0
18524,126265,4,0
18525,126266,4,0
18526,126267,4,0
18527,126268,4,0
18528,126269,4,0
18529,126270,4,0
18530,126271,4,0
18531,126272,4,0
18532,126273,4,0
18533,126274,4,0
18534,126275,4,0
18535,126276,4,0
18536,126277,4,0
18537,126278,4,0
18538,126279,4,0
18539,126280,4,0
18540,126281,4,0
18541,126282,4,0
18542,126283,4,0
18543,126284,4,0
18544,126285,4,0
18545,126286,4,0
18546,126287,4,0
18547,126288,4,0
18548,126289,4,0
18549,126290,4,0
18550,126291,4,0
18551,126292,4,0
18552,126293,4,0
18553,126294,4,0
18554,126295,4,0
18555,126296,4,0
18556,126297,4,0
18557,126298,4,0
18558,126299,4,0
18559,126300,4,0
18560,126301,4,0
18561,126302,4,0
18562,126303,4,0
18563,126304,4,0
18564,126305,4,0
18565,126306,4,0
18566,126307,4,0
18567,126308,4,0
18568,126309,4,0
18569,126310,4,0
18570,126311,4,0
18571,126312,4,0
18572,126313,4,0
18573,126314,4,0
18574,126315,4,0
18575,126316,4,0
18576,126317,4,0
18577,126318,4,0
18578,126319,4,0
18579,126320,4,0
18580,126321,4,0
18581,126322,4,0
18582,126323,4,0
18583,126324,4,0
18584,126325,4,0
18585,126326,4,0
18586,126327,4,0
18587,126328,4,0
18588,126329,4,0
18589,126330,4,0
18590,126331,4,0
18591,126332,4,0
18592,126333,4,0
18593,126334,4,0
18594,126335,4,0
18595,126336,4,0
18596,126337,4,0
18597,126338,4,0
18598,126339,4,0
18599,126340,4,0
18600,126341,4,0
18601,126342,4,0
18602,126343,4,0
18603,126344,4,0
18604,126345,4,0
18605,126346,4,0
18606,126347,4,0
18607,126348,4,0
18608,126349,4,0
18609,126350,4,0
18610,126351,4,0
18611,126352,4,0
18612,126353,4,1
18613,126354,4,0
18614,126355,4,0
18615,126356,4,0
18616,126357,4,0
18617,126358,4,0
18618,126359,4,0
18619,126360,4,0
18620,126361,4,0
18621,126362,4,0
18622,126363,4,0
18623,126364,4,0
18624,126365,4,0
18625,126366,4,0
18626,126367,4,0
18627,126368,4,0
18628,126369,4,0
18629,126370,4,0
18630,126371,4,0
18631,126372,4,0
18632,126373,4,0
18633,126374,4,0
18634,126375,4,0
18635,126376,4,0
18636,126377,4,0
18637,126378,4,0
18638,126379,4,0
18639,126380,4,0
18640,126381,4,0
18641,126382,4,0
18642,126383,4,0
18643,126384,4,0
18644,126385,4,0
18645,126386,4,0
18646,126387,4,0
18647,126388,4,0
18648,126389,4,0
18649,126390,4,0
18650,126391,4,0
18651,126392,4,0
18652,126393,4,0
18653,126394,4,0
18654,126395,4,0
18655,126396,4,0
18656,126397,4,0
18657,126398,4,0
18658,126399,4,0
18659,126400,4,0
18660,126401,4,0
18661,126402,4,0
18662,126403,4,0
18663,126404,4,0
18664,126405,4,0
18665,126406,4,0
18666,126407,4,0
18667,126408,4,0
18668,126409,4,0
18669,126410,4,0
18670,126411,4,0
18671,126412,4,0
18672,126413,4,0
18673,126414,4,0
18674,126415,4,0
18675,126416,4,0
18676,126417,4,0
18677,126418,4,0
18678,126419,4,0
18679,126420,4,0
18680,126421,4,0
18681,126422,4,0
18682,126423,4,0
18683,126424,4,0
18684,126425,4,0
18685,126426,4,0
18686,126427,4,0
18687,126428,4,0
18688,126429,4,0
18689,126430,4,0
18690,126431,4,0
18691,126432,4,0
18692,126433,4,0
18693,126434,4,0
18694,126435,4,0
18695,126436,4,0
18696,126437,4,0
18697,126438,4,1
18698,126439,4,0
18699,126440,4,0
18700,126441,4,0
18701,126442,4,0
18702,126443,4,0
18703,126444,4,0
18704,126445,4,0
18705,126446,4,0
18706,126447,4,0
18707,126448,4,0
18708,126449,4,0
18709,126450,4,0
18710,126451,4,0
18711,126452,4,0
18712,126453,4,0
18713,126454,4,0
18714,126455,4,0
18715,126456,4,0
18716,126457,4,0
18717,126458,4,0
18718,126459,4,0
18719,126460,4,0
18720,126461,4,0
18721,126462,4,0
18722,126463,4,0
18723,126464,4,0
18724,126465,4,0
18725,126466,4,0
18726,126467,4,0
18727,126468,4,0
18728,126469,4,0
18729,126470,4,0
18730,126471,4,0
18731,126472,4,0
18732,126473,4,0
18733,126474,4,0
18734,126475,4,0
18735,126476,4,0
18736,126477,4,0
18737,126478,4,0
18738,126479,4,0
18739,126480,4,0
18740,126481,4,0
18741,126482,4,0
18742,126483,4,0
18743,126484,4,0
18744,126485,4,0
18745,126486,4,0
18746,126487,4,0
18747,126488,4,0
18748,126489,4,0
18749,126490,4,0
18750,126491,4,0
18751,126492,4,0
18752,126493,4,0
18753,126494,4,0
18754,126495,4,1
18755,126496,4,0
18756,126497,4,0
18757,126498,4,0
18758,126499,4,0
18759,126500,4,0
18760,126501,4,0
18761,126502,4,0
18762,126503,4,0
18763,126504,4,0
18764,126505,4,0
18765,126506,4,0
18766,126507,4,0
18767,126508,4,0
18768,126509,4,0
18769,126510,4,0
18770,126511,4,0
18771,126512,4,0
18772,126513,4,0
18773,126514,4,0
18774,126515,4,0
18775,126516,4,0
18776,126517,4,0
18777,126518,4,0
18778,126519,4,0
18779,126520,4,0
18780,126521,4,0
18781,126522,4,0
18782,126523,4,0
18783,126524,4,0
18784,126525,4,0
18785,126526,4,0
18786,126527,4,0
18787,126528,4,0
18788,126529,4,0
18789,126530,4,0
18790,126531,4,0
18791,126532,4,0
18792,126533,4,0
18793,126534,4,0
18794,126535,4,0
18795,126536,4,0
18796,126537,4,0
18797,126538,4,0
18798,126539,4,0
18799,126540,4,0
18800,126541,4,0
18801,126542,4,0
18802,126543,4,0
18803,126544,4,0
18804,126545,4,0
18805,126546,4,0
18806,126547,4,0
18807,126548,4,0
18808,126549,4,0
18809,126550,4,0
18810,126551,4,0
18811,126552,4,0
18812,126553,4,0
18813,126554,4,0
18814,126555,4,0
18815,126556,4,0
18816,126557,4,0
18817,126558,4,1
18818,126559,4,0
18819,126560,4,0
18820,126561,4,0
18821,126562,4,0
18822,126563,4,0
18823,126564,4,0
18824,126565,4,0
18825,126566,4,0
18826,126567,4,0
18827,126568,4,0
18828,126569,4,0
18829,126570,4,0
18830,126571,4,0
18831,126572,4,0
18832,126573,4,0
18833,126574,4,0
18834,126575,4,0
18835,126576,4,0
18836,126577,4,0
18837,126578,4,0
18838,126579,4,0
18839,126580,4,0
18840,126581,4,0
18841,126582,4,1
18842,126583,4,0
18843,126584,4,0
18844,126585,4,0
18845,126586,4,0
18846,126587,4,0
18847,126588,4,0
18848,126589,4,0
18849,126590,4,0
18850,126591,4,0
18851,126592,4,0
18852,126593,4,0
18853,126594,4,0
18854,126595,4,0
18855,126596,4,0
18856,126597,4,0
18857,126598,4,0
18858,126599,4,0
18859,126600,4,0
18860,126601,4,0
18861,126602,4,0
18862,126603,4,0
18863,126604,4,0
18864,126605,4,0
18865,126606,4,0
18866,126607,4,0
18867,126608,4,0
18868,126609,4,0
18869,126610,4,0
18870,126611,4,0
18871,126612,4,0
18872,126613,4,0
18873,126614,4,0
18874,126615,4,0
18875,126616,4,0
18876,126617,4,0
18877,126618,4,0
18878,126619,4,0
18879,126620,4,0
18880,126621,4,0
18881,126622,4,0
18882,126623,4,1
18883,126624,4,0
18884,126625,4,0
18885,126626,4,0
18886,126627,4,0
18887,126628,4,0
18888,126629,4,0
18889,126630,4,0
18890,126631,4,0
18891,126632,4,0
18892,126633,4,0
18893,126634,4,1
18894,126635,4,0
18895,126636,4,0
18896,126637,4,0
18897,126638,4,0
18898,126639,4,0
18899,126640,4,0
18900,126641,4,0
18901,126642,4,0
18902,126643,4,0
18903,126644,4,0
18904,126645,4,1
18905,126646,4,1
18906,126647,4,0
18907,126648,4,0
18908,126649,4,0
18909,126650,4,0
18910,126651,4,0
18911,126652,4,0
18912,126653,4,0
18913,126654,4,0
18914,126655,4,1
18915,126656,4,0
18916,126657,4,0
18917,126658,4,0
18918,126659,4,0
18919,126660,4,0
18920,126661,4,0
18921,126662,4,0
18922,126663,4,0
18923,126664,4,0
18924,126665,4,0
18925,126666,4,0
18926,126667,4,0
18927,126668,4,0
18928,126669,4,0
18929,126670,4,0
18930,126671,4,0
18931,126672,4,0
18932,126673,4,0
18933,126674,4,0
18934,126675,4,0
18935,126676,4,0
18936,126677,4,0
18937,126678,4,0
18938,126679,4,0
18939,126680,4,0
18940,126681,4,0
18941,126682,4,0
18942,126683,4,0
18943,126684,4,0
18944,126685,4,0
18945,126686,4,0
18946,126687,4,0
18947,126688,4,0
18948,126689,4,0
18949,126690,4,0
18950,126691,4,0
18951,126692,4,1
18952,126693,4,0
18953,126694,4,0
18954,126695,4,0
18955,126696,4,0
18956,126697,4,0
18957,126698,4,0
18958,126699,4,0
18959,126700,4,0
18960,126701,4,0
18961,126702,4,0
18962,126703,4,0
18963,126704,4,0
18964,126705,4,0
18965,126706,4,0
18966,126707,4,0
18967,126708,4,1
18968,126709,4,0
18969,126710,4,0
18970,126711,4,0
18971,126712,4,0
18972,126713,4,0
18973,126714,4,0
18974,126715,4,0
18975,126716,4,0
18976,126717,4,0
18977,126718,4,0
18978,126719,4,0
18979,126720,4,0
18980,126721,4,0
18981,126722,4,0
18982,126723,4,0
18983,126724,4,0
18984,126725,4,0
18985,126726,4,0
18986,126727,4,0
18987,126728,4,0
18988,126729,4,0
18989,126730,4,0
18990,126731,4,0
18991,126732,4,0
18992,126733,4,0
18993,126734,4,0
18994,126735,4,0
18995,126736,4,0
18996,126737,4,0
18997,126738,4,0
18998,126739,4,0
18999,126740,4,0
19000,126741,4,0
19001,126742,4,0
19002,126743,4,0
19003,126744,4,0
19004,126745,4,0
19005,126746,4,0
19006,126747,4,0
19007,126748,4,0
19008,126749,4,0
19009,126750,4,0
19010,126751,4,1
19011,126752,4,0
19012,126753,4,0
19013,126754,4,0
19014,126755,4,0
19015,126756,4,1
19016,126757,4,0
19017,126758,4,0
19018,126759,4,0
19019,126760,4,0
19020,126761,4,0
19021,126762,4,0
19022,126763,4,0
19023,126764,4,0
19024,126765,4,0
19025,126766,4,0
19026,126767,4,0
19027,126768,4,0
19028,126769,4,0
19029,126770,4,0
19030,126771,4,0
19031,126772,4,0
19032,126773,4,0
19033,126774,4,1
19034,126775,4,0
19035,126776,4,0
19036,126777,4,0
19037,126778,4,0
19038,126779,4,0
19039,126780,4,0
19040,126781,4,0
19041,126782,4,0
19042,126783,4,0
19043,126784,4,0
19044,126785,4,0
19045,126786,4,0
19046,126787,4,0
19047,126788,4,0
19048,126789,4,0
19049,126790,4,0
19050,126791,4,0
19051,126792,4,0
19052,126793,4,0
19053,126794,4,0
19054,126795,4,0
19055,126796,4,0
19056,126797,4,0
19057,126798,4,0
19058,126799,4,0
19059,126800,4,0
19060,126801,4,0
19061,126802,4,0
19062,126803,4,1
19063,126804,4,0
19064,126805,4,0
19065,126806,4,0
19066,126807,4,0
19067,126808,4,0
19068,126809,4,1
19069,126810,4,0
19070,126811,4,0
19071,126812,4,0
19072,126813,4,0
19073,126814,4,0
19074,126815,4,0
19075,126816,4,0
19076,126817,4,0
19077,126818,4,1
19078,126819,4,0
19079,126820,4,0
19080,126821,4,0
19081,126822,4,0
19082,126823,4,0
19083,126824,4,0
19084,126825,4,1
19085,126826,4,0
19086,126827,4,0
19087,126828,4,0
19088,126829,4,0
19089,126830,4,0
19090,126831,4,0
19091,126832,4,0
19092,126833,4,0
19093,126834,4,1
19094,126835,4,1
19095,126836,4,0
19096,126837,4,0
19097,126838,4,1
19098,126839,4,0
19099,126840,4,0
19100,126841,4,0
19101,126842,4,0
19102,126843,4,0
19103,126844,4,0
19104,126845,4,0
19105,126846,4,0
19106,126847,4,0
19107,126848,4,0
19108,126849,4,0
19109,126850,4,0
19110,126851,4,0
19111,126852,4,0
19112,126853,4,0
19113,126854,4,0
19114,126855,4,0
19115,126856,4,0
19116,126857,4,0
19117,126858,4,1
19118,126859,4,1
19119,126860,4,0
19120,126861,4,0
19121,126862,4,0
19122,126863,4,1
19123,126864,4,0
19124,126865,4,0
19125,126866,4,0
19126,126867,4,0
19127,126868,4,0
19128,126869,4,0
19129,126870,4,0
19130,126871,4,0
19131,126872,4,0
19132,126873,4,0
19133,126874,4,1
19134,126875,4,0
19135,126876,4,0
19136,126877,4,0
19137,126878,4,0
19138,126879,4,0
19139,126880,4,0
19140,126881,4,1
19141,126882,4,0
19142,126883,4,0
19143,126884,4,0
19144,126885,4,0
19145,126886,4,0
19146,126887,4,0
19147,126888,4,0
19148,126889,4,0
19149,126890,4,0
19150,126891,4,1
19151,126892,4,0
19152,126893,4,0
19153,126894,4,0
19154,126895,4,0
19155,126896,4,1
19156,126897,4,1
19157,126898,4,0
19158,126899,4,1
19159,126900,4,0
19160,126901,4,0
19161,126902,4,0
19162,126903,4,0
19163,126904,4,1
19164,126905,4,1
19165,126906,4,0
19166,126907,4,0
19167,126908,4,0
19168,126909,4,0
19169,126910,4,0
19170,126911,4,0
19171,126912,4,0
19172,126913,4,0
19173,126914,4,0
19174,126915,4,1
19175,126916,4,0
19176,126917,4,0
19177,126918,4,0
19178,126919,4,0
19179,126920,4,0
19180,126921,4,0
19181,126922,4,0
19182,126923,4,0
19183,126924,4,0
19184,126925,4,0
19185,126926,4,0
19186,126927,4,0
19187,126928,4,0
19188,126929,4,0
19189,126930,4,0
19190,126931,4,0
19191,126932,4,0
19192,126933,4,0
19193,126934,4,0
19194,126935,4,0
19195,126936,4,0
19196,126937,4,0
19197,126938,4,0
19198,126939,4,0
19199,126940,4,0
19200,126941,4,0
19201,126942,4,0
19202,126943,4,0
19203,126944,4,0
19204,126945,4,0
19205,126946,4,0
19206,126947,4,0
19207,126948,4,0
19208,126949,4,0
19209,126950,4,0
19210,126951,4,0
19211,126952,4,0
19212,126953,4,0
19213,126954,4,0
19214,126955,4,0
19215,126956,4,0
19216,126957,4,0
19217,126958,4,0
19218,126959,4,0
19219,126960,4,0
19220,126961,4,0
19221,126962,4,0
19222,126963,4,0
19223,126964,4,0
19224,126965,4,0
19225,126966,4,0
19226,126967,4,0
19227,126968,4,1
19228,126969,4,0
19229,126970,4,0
19230,126971,4,0
19231,126972,4,0
19232,126973,4,0
19233,126974,4,0
19234,126975,4,0
19235,126976,4,0
19236,126977,4,0
19237,126978,4,0
19238,126979,4,0
19239,126980,4,0
19240,126981,4,0
19241,126982,4,0
19242,126983,4,0
19243,126984,4,0
19244,126985,4,0
19245,126986,4,0
19246,126987,4,0
19247,126988,4,0
19248,126989,4,0
19249,126990,4,0
19250,126991,4,0
19251,126992,4,0
19252,126993,4,0
19253,126994,4,0
19254,126995,4,0
19255,126996,4,0
19256,126997,4,1
19257,126998,4,0
19258,126999,4,0
19259,127000,4,0
19260,127001,4,0
19261,127002,4,0
19262,127003,4,0
19263,127004,4,0
19264,127005,4,0
19265,127006,4,0
19266,127007,4,0
19267,127008,4,0
19268,127009,4,0
19269,127010,4,0
19270,127011,4,0
19271,127012,4,0
19272,127013,4,0
19273,127014,4,0
19274,127015,4,0
19275,127016,4,0
19276,127017,4,0
19277,127018,4,0
19278,127019,4,0
19279,127020,4,0
19280,127021,4,0
19281,127022,4,0
19282,127023,4,0
19283,127024,4,0
19284,127025,4,0
19285,127026,4,0
19286,127027,4,0
19287,127028,4,0
19288,127029,4,0
19289,127030,4,0
19290,127031,4,0
19291,127032,4,0
19292,127033,4,0
19293,127034,4,0
19294,127035,4,0
19295,127036,4,0
19296,127037,4,0
19297,127038,4,0
19298,127039,4,0
19299,127040,4,0
19300,127041,4,0
19301,127042,4,0
19302,127043,4,0
19303,127044,4,0
19304,127045,4,0
19305,127046,4,0
19306,127047,4,0
19307,127048,4,0
19308,127049,4,0
19309,127050,4,0
19310,127051,4,0
19311,127052,4,0
19312,127053,4,0
19313,127054,4,0
19314,127055,4,0
19315,127056,4,0
19316,127057,4,0
19317,127058,4,0
19318,127059,4,1
19319,127060,4,0
19320,127061,4,0
19321,127062,4,0
19322,127063,4,0
19323,127064,4,0
19324,127065,4,0
19325,127066,4,0
19326,127067,4,0
19327,127068,4,0
19328,127069,4,0
19329,127070,4,1
19330,127071,4,0
19331,127072,4,0
19332,127073,4,0
19333,127074,4,0
19334,127075,4,0
19335,127076,4,0
19336,127077,4,0
19337,127078,4,0
19338,127079,4,0
19339,127080,4,0
19340,127081,4,0
19341,127082,4,0
19342,127083,4,0
19343,127084,4,0
19344,127085,4,0
19345,127086,4,0
19346,127087,4,0
19347,127088,4,0
19348,127089,4,0
19349,127090,4,0
19350,127091,4,0
19351,127092,4,0
19352,127093,4,0
19353,127094,4,0
19354,127095,4,0
19355,127096,4,0
19356,127097,4,0
19357,127098,4,0
19358,127099,4,0
19359,127100,4,0
19360,127101,4,0
19361,127102,4,0
19362,127103,4,0
19363,127104,4,0
19364,127105,4,0
19365,127106,4,0
19366,127107,4,0
19367,127108,4,0
19368,127109,4,0
19369,127110,4,0
19370,127111,4,0
19371,127112,4,0
19372,127113,4,0
19373,127114,4,0
19374,127115,4,0
19375,127116,4,0
19376,127117,4,0
19377,127118,4,0
19378,127119,4,0
19379,127120,4,0
19380,127121,4,0
19381,127122,4,0
19382,127123,4,0
19383,127124,4,0
19384,127125,4,0
19385,127126,4,0
19386,127127,4,0
19387,127128,4,0
19388,127129,4,0
19389,127130,4,0
19390,127131,4,0
19391,127132,4,0
19392,127133,4,0
19393,127134,4,0
19394,127135,4,0
19395,127136,4,0
19396,127137,4,0
19397,127138,4,0
19398,127139,4,0
19399,127140,4,0
19400,127141,4,0
19401,127142,4,0
19402,127143,4,0
19403,127144,4,0
19404,127145,4,0
19405,127146,4,0
19406,127147,4,0
19407,127148,4,0
19408,127149,4,0
19409,127150,4,0
19410,127151,4,0
19411,127152,4,0
19412,127153,4,0
19413,127154,4,0
19414,127155,4,0
19415,127156,4,0
19416,127157,4,0
19417,127158,4,0
19418,127159,4,0
19419,127160,4,0
19420,127161,4,0
19421,127162,4,0
19422,127163,4,0
19423,127164,4,0
19424,127165,4,0
19425,127166,4,0
19426,127167,4,0
19427,127168,4,0
19428,127169,4,0
19429,127170,4,0
19430,127171,4,0
19431,127172,4,0
19432,127173,4,0
19433,127174,4,0
19434,127175,4,0
19435,127176,4,0
19436,127177,4,0
19437,127178,4,0
19438,127179,4,0
19439,127180,4,0
19440,127181,4,0
19441,127182,4,0
19442,127183,4,0
19443,127184,4,0
19444,127185,4,0
19445,127186,4,0
19446,127187,4,0
19447,127188,4,0
19448,127189,4,0
19449,127190,4,0
19450,127191,4,0
19451,127192,4,0
19452,127193,4,0
19453,127194,4,0
19454,127195,4,0
19455,127196,4,0
19456,127197,4,0
19457,127198,4,0
19458,127199,4,0
19459,127200,4,0
19460,127201,4,0
19461,127202,4,0
19462,127203,4,0
19463,127204,4,0
19464,127205,4,0
19465,127206,4,0
19466,127207,4,0
19467,127208,4,0
19468,127209,4,0
19469,127210,4,0
19470,127211,4,0
19471,127212,4,0
19472,127213,4,0
19473,127214,4,0
19474,127215,4,0
19475,127216,4,0
19476,127217,4,0
19477,127218,4,0
19478,127219,4,0
19479,127220,4,0
19480,127221,4,0
19481,127222,4,0
19482,127223,4,0
19483,127224,4,0
19484,127225,4,0
19485,127226,4,0
19486,127227,4,0
19487,127228,4,0
19488,127229,4,0
19489,127230,4,0
19490,127231,4,0
19491,127232,4,0
19492,127233,4,0
19493,127234,4,0
19494,127235,4,0
19495,127236,4,0
19496,127237,4,0
19497,127238,4,0
19498,127239,4,0
19499,127240,4,0
19500,127241,4,0
19501,127242,4,0
19502,127243,4,0
19503,127244,4,1
19504,127245,4,0
19505,127246,4,0
19506,127247,4,0
19507,127248,4,1
19508,127249,4,0
19509,127250,4,0
19510,127251,4,1
19511,127252,4,0
19512,127253,4,0
19513,127254,4,0
19514,127255,4,0
19515,127256,4,0
19516,127257,4,0
19517,127258,4,0
19518,127259,4,0
19519,127260,4,0
19520,127261,4,0
19521,127262,4,0
19522,127263,4,0
19523,127264,4,0
19524,127265,4,0
19525,127266,4,0
19526,127267,4,1
19527,127268,4,0
19528,127269,4,0
19529,127270,4,0
19530,127271,4,1
19531,127272,4,0
19532,127273,4,0
19533,127274,4,1
19534,127275,4,0
19535,127276,4,0
19536,127277,4,1
19537,127278,4,0
19538,127279,4,0
19539,127280,4,0
19540,127281,4,1
19541,127282,4,0
19542,127283,4,1
19543,127284,4,0
19544,127285,4,0
19545,127286,4,0
19546,127287,4,1
19547,127288,4,0
19548,127289,4,0
19549,127290,4,1
19550,127291,4,0
19551,127292,4,0
19552,127293,4,0
19553,127294,4,1
19554,127295,4,0
19555,127296,4,0
19556,127297,4,1
19557,127298,4,0
19558,127299,4,0
19559,127300,4,0
19560,127301,4,0
19561,127302,4,0
19562,127303,4,1
19563,127304,4,1
19564,127305,4,1
19565,127306,4,1
19566,127307,4,1
19567,127308,4,1
19568,127309,4,0
19569,127310,4,0
19570,127311,4,0
19571,127312,4,1
19572,127313,4,0
19573,127314,4,1
19574,127315,4,0
19575,127316,4,0
19576,127317,4,0
19577,127318,4,1
19578,127319,4,0
19579,127320,4,0
19580,127321,4,1
19581,127322,4,0
19582,127323,4,1
19583,127324,4,1
19584,127325,4,1
19585,127326,4,1
19586,127327,4,1
19587,127328,4,1
19588,127329,4,1
19589,127330,4,0
19590,127331,4,1
19591,127332,4,1
19592,127333,4,0
19593,127334,4,1
19594,127335,4,1
19595,127336,4,1
19596,127337,4,0
19597,127338,4,0
19598,127339,4,0
19599,127340,4,1
19600,127341,4,0
19601,127342,4,0
19602,127343,4,1
19603,127344,4,0
19604,127345,4,0
19605,127346,4,0
19606,127347,4,1
19607,127348,4,0
19608,127349,4,0
19609,127350,4,0
19610,127351,4,0
19611,127352,4,0
19612,127353,4,0
19613,127354,4,1
19614,127355,4,1
19615,127356,4,0
19616,127357,4,1
19617,127358,4,0
19618,127359,4,0
19619,127360,4,0
19620,127361,4,0
19621,127362,4,0
19622,127363,4,1
19623,127364,4,1
19624,127365,4,0
19625,127366,4,0
19626,127367,4,0
19627,127368,4,0
19628,127369,4,0
19629,127370,4,0
19630,127371,4,0
19631,127372,4,0
19632,127373,4,1
19633,127374,4,0
19634,127375,4,0
19635,127376,4,0
19636,127377,4,1
19637,127378,4,0
19638,127379,4,0
19639,127380,4,0
19640,127381,4,0
19641,127382,4,0
19642,127383,4,0
19643,127384,4,0
19644,127385,4,0
19645,127386,4,0
19646,127387,4,0
19647,127388,4,0
19648,127389,4,0
19649,127390,4,0
19650,127391,4,0
19651,127392,4,0
19652,127393,4,0
19653,127394,4,0
19654,127395,4,0
19655,127396,4,1
19656,127397,4,0
19657,127398,4,0
19658,127399,4,0
19659,127400,4,0
19660,127401,4,1
19661,127402,4,1
19662,127403,4,0
19663,127404,4,0
19664,127405,4,0
19665,127406,4,0
19666,127407,4,0
19667,127408,4,0
19668,127409,4,0
19669,127410,4,0
19670,127411,4,0
19671,127412,4,0
19672,127413,4,0
19673,127414,4,0
19674,127415,4,0
19675,127416,4,1
19676,127417,4,1
19677,127418,4,0
19678,127419,4,0
19679,127420,4,0
19680,127421,4,0
19681,127422,4,0
19682,127423,4,0
19683,127424,4,0
19684,127425,4,0
19685,127426,4,0
19686,127427,4,0
19687,127428,4,0
19688,127429,4,0
19689,127430,4,0
19690,127431,4,0
19691,127432,4,0
19692,127433,4,0
19693,127434,4,0
19694,127435,4,0
19695,127436,4,0
19696,127437,4,0
19697,127438,4,1
19698,127439,4,0
19699,127440,4,0
19700,127441,4,0
19701,127442,4,0
19702,127443,4,0
19703,127444,4,0
19704,127445,4,0
19705,127446,4,0
19706,127447,4,0
19707,127448,4,0
19708,127449,4,0
19709,127450,4,0
19710,127451,4,0
19711,127452,4,0
19712,127453,4,0
19713,127454,4,0
19714,127455,4,0
19715,127456,4,0
19716,127457,4,0
19717,127458,4,0
19718,127459,4,0
19719,127460,4,0
19720,127461,4,0
19721,127462,4,0
19722,127463,4,0
19723,127464,4,0
19724,127465,4,1
19725,127466,4,0
19726,127467,4,0
19727,127468,4,0
19728,127469,4,0
19729,127470,4,0
19730,127471,4,0
19731,127472,4,0
19732,127473,4,0
19733,127474,4,0
19734,127475,4,0
19735,127476,4,0
19736,127477,4,0
19737,127478,4,0
19738,127479,4,0
19739,127480,4,0
19740,127481,4,0
19741,127482,4,0
19742,127483,4,1
19743,127484,4,0
19744,127485,4,0
19745,127486,4,0
19746,127487,4,0
19747,127488,4,0
19748,127489,4,0
19749,127490,4,1
19750,127491,4,0
19751,127492,4,0
19752,127493,4,0
19753,127494,4,0
19754,127495,4,0
19755,127496,4,0
19756,127497,4,0
19757,127498,4,0
19758,127499,4,1
19759,127500,4,1
19760,127501,4,0
19761,127502,4,1
19762,127503,4,0
19763,127504,4,0
19764,127505,4,0
19765,127506,4,0
19766,127507,4,0
19767,127508,4,1
19768,127509,4,0
19769,127510,4,0
19770,127511,4,1
19771,127512,4,1
19772,127513,4,0
19773,127514,4,1
19774,127515,4,1
19775,127516,4,1
19776,127517,4,1
19777,127518,4,1
19778,127519,4,0
19779,127520,4,0
19780,127521,4,0
19781,127522,4,0
19782,127523,4,0
19783,127524,4,0
19784,127525,4,1
19785,127526,4,0
19786,127527,4,1
19787,127528,4,0
19788,127529,4,0
19789,127530,4,1
19790,127531,4,1
19791,127532,4,0
19792,127533,4,1
19793,127534,4,1
19794,127535,4,1
19795,127536,4,1
19796,127537,4,1
19797,127538,4,1
19798,127539,4,0
19799,127540,4,0
19800,127541,4,0
19801,127542,4,1
19802,127543,4,1
19803,127544,4,0
19804,127545,4,0
19805,127546,4,0
19806,127547,4,0
19807,127548,4,0
19808,127549,4,0
19809,127550,4,0
19810,127551,4,0
19811,127552,4,0
19812,127553,4,0
19813,127554,4,0
19814,127555,4,0
19815,127556,4,0
19816,127557,4,0
19817,127558,4,0
19818,127559,4,0
19819,127560,4,0
19820,127561,4,0
19821,127562,4,0
19822,127563,4,0
19823,127564,4,0
19824,127565,4,0
19825,127566,4,0
19826,127567,4,0
19827,127568,4,0
19828,127569,4,0
19829,127570,4,0
19830,127571,4,0
19831,127572,4,0
19832,127573,4,0
19833,127574,4,0
19834,127575,4,0
19835,127576,4,0
19836,127577,4,0
19837,127578,4,0
19838,127579,4,0
19839,127580,4,0
19840,127581,4,0
19841,127582,4,0
19842,127583,4,0
19843,127584,4,0
19844,127585,4,0
19845,127586,4,0
19846,127587,4,0
19847,127588,4,0
19848,127589,4,0
19849,127590,4,0
19850,127591,4,0
19851,127592,4,0
19852,127593,4,0
19853,127594,4,0
19854,127595,4,0
19855,127596,4,0
19856,127597,4,0
19857,127598,4,0
19858,127599,4,0
19859,127600,4,0
19860,127601,4,0
19861,127602,4,0
19862,127603,4,0
19863,127604,4,0
19864,127605,4,0
19865,127606,4,0
19866,127607,4,0
19867,127608,4,0
19868,127609,4,0
19869,127610,4,0
19870,127611,4,0
19871,127612,4,0
19872,127613,4,0
19873,127614,4,0
19874,127615,4,0
19875,127616,4,0
19876,127617,4,0
19877,127618,4,0
19878,127619,4,0
19879,127620,4,0
19880,127621,4,0
19881,127622,4,0
19882,127623,4,0
19883,127624,4,0
19884,127625,4,0
19885,127626,4,0
19886,127627,4,0
19887,127628,4,0
19888,127629,4,0
19889,127630,4,0
19890,127631,4,0
19891,127632,4,0
19892,127633,4,0
19893,127634,4,0
19894,127635,4,0
19895,127636,4,0
19896,127637,4,0
19897,127638,4,0
19898,127639,4,0
19899,127640,4,0
19900,127641,4,0
19901,127642,4,0
19902,127643,4,0
19903,127644,4,0
19904,127645,4,0
19905,127646,4,0
19906,127647,4,0
19907,127648,4,0
19908,127649,4,0
19909,127650,4,0
19910,127651,4,0
19911,127652,4,0
19912,127653,4,0
19913,127654,4,0
19914,127655,4,0
19915,127656,4,0
19916,127657,4,0
19917,127658,4,0
19918,127659,4,0
19919,127660,4,0
19920,127661,4,0
19921,127662,4,0
19922,127663,4,0
19923,127664,4,0
19924,127665,4,0
19925,127666,4,0
19926,127667,4,0
19927,127668,4,0
19928,127669,4,0
19929,127670,4,0
19930,127671,4,0
19931,127672,4,0
19932,127673,4,0
19933,127674,4,0
19934,127675,4,0
19935,127676,4,0
19936,127677,4,0
19937,127678,4,0
19938,127679,4,0
19939,127680,4,0
19940,127681,4,0
19941,127682,4,0
19942,127683,4,0
19943,127684,4,0
19944,127685,4,0
19945,127686,4,0
19946,127687,4,0
19947,127688,4,0
19948,127689,4,0
19949,127690,4,0
19950,127691,4,0
19951,127692,4,0
19952,127693,4,0
19953,127694,4,0
19954,127695,4,0
19955,127696,4,0
19956,127697,4,0
19957,127698,4,0
19958,127699,4,0
19959,127700,4,0
19960,127701,4,0
19961,127702,4,0
19962,127703,4,0
19963,127704,4,0
19964,127705,4,0
19965,127706,4,0
19966,127707,4,0
19967,127708,4,0
19968,127709,4,0
19969,127710,4,0
19970,127711,4,0
19971,127712,4,0
19972,127713,4,0
19973,127714,4,0
19974,127715,4,0
19975,127716,4,0
19976,127717,4,0
19977,127718,4,0
19978,127719,4,0
19979,127720,4,0
19980,127721,4,0
19981,127722,4,0
19982,127723,4,0
19983,127724,4,0
19984,127725,4,0
19985,127726,4,0
19986,127727,4,0
19987,127728,4,0
19988,127729,4,0
19989,127730,4,0
19990,127731,4,0
19991,127732,4,0
19992,127733,4,0
19993,127734,4,0
19994,127735,4,0
19995,127736,4,0
19996,127737,4,0
19997,127738,4,0
19998,127739,4,0
19999,127740,4,0
20000,127741,4,0
20001,127742,4,0
20002,127743,4,0
20003,127744,4,0
20004,127745,4,0
20005,127746,4,0
20006,127747,4,0
20007,127748,4,0
20008,127749,4,0
20009,127750,4,0
20010,127751,4,0
20011,127752,4,0
20012,127753,4,0
20013,127754,4,0
20014,127755,4,0
20015,127756,4,0
20016,127757,4,0
20017,127758,4,0
20018,127759,4,0
20019,127760,4,0
20020,127761,4,0
20021,127762,4,0
20022,127763,4,0
20023,127764,4,0
20024,127765,4,0
20025,127766,4,0
20026,127767,4,0
20027,127768,4,0
20028,127769,4,0
20029,127770,4,0
20030,127771,4,0
20031,127772,4,0
20032,127773,4,0
20033,127774,4,0
20034,127775,4,0
20035,127776,4,0
20036,127777,4,0
20037,127778,4,0
20038,127779,4,0
20039,127780,4,0
20040,127781,4,0
20041,127782,4,0
20042,127783,4,0
20043,127784,4,0
20044,127785,4,0
20045,127786,4,0
20046,127787,4,0
20047,127788,4,0
20048,127789,4,0
20049,127790,4,0
20050,127791,4,0
20051,127792,4,0
20052,127793,4,0
20053,127794,4,0
20054,127795,4,0
20055,127796,4,0
20056,127797,4,0
20057,127798,4,0
20058,127799,4,0
20059,127800,4,0
20060,127801,4,0
20061,127802,4,0
20062,127803,4,0
20063,127804,4,0
20064,127805,4,0
20065,127806,4,0
20066,127807,4,0
20067,127808,4,0
20068,127809,4,0
20069,127810,4,0
20070,127811,4,0
20071,127812,4,0
20072,127813,4,0
20073,127814,4,0
20074,127815,4,0
20075,127816,4,0
20076,127817,4,0
20077,127818,4,0
20078,127819,4,0
20079,127820,4,0
20080,127821,4,0
20081,127822,4,0
20082,127823,4,0
20083,127824,4,0
20084,127825,4,0
20085,127826,4,0
20086,127827,4,0
20087,127828,4,0
20088,127829,4,0
20089,127830,4,0
20090,127831,4,0
20091,127832,4,0
20092,127833,4,0
20093,127834,4,0
20094,127835,4,0
20095,127836,4,0
20096,127837,4,0
20097,127838,4,0
20098,127839,4,0
20099,127840,4,0
20100,127841,4,0
20101,127842,4,0
20102,127843,4,0
20103,127844,4,0
20104,127845,4,0
20105,127846,4,0
20106,127847,4,0
20107,127848,4,0
20108,127849,4,0
20109,127850,4,0
20110,127851,4,0
20111,127852,4,0
20112,127853,4,0
20113,127854,4,0
20114,127855,4,0
20115,127856,4,0
20116,127857,4,0
20117,127858,4,0
20118,127859,4,0
20119,127860,4,0
20120,127861,4,0
20121,127862,4,0
20122,127863,4,0
20123,127864,4,0
20124,127865,4,0
20125,127866,4,0
20126,127867,4,0
20127,127868,4,0
20128,127869,4,0
20129,127870,4,0
20130,127871,4,0
20131,127872,4,0
20132,127873,4,0
20133,127874,4,0
20134,127875,4,0
20135,127876,4,0
20136,127877,4,0
20137,127878,4,0
20138,127879,4,0
20139,127880,4,0
20140,127881,4,0
20141,127882,4,0
20142,127883,4,0
20143,127884,4,0
20144,127885,4,0
20145,127886,4,0
20146,127887,4,0
20147,127888,4,0
20148,127889,4,0
20149,127890,4,0
20150,127891,4,0
20151,127892,4,0
20152,127893,4,0
20153,127894,4,0
20154,127895,4,0
20155,127896,4,0
20156,127897,4,0
20157,127898,4,0
20158,127899,4,0
20159,127900,4,0
20160,127901,4,0
20161,127902,4,0
20162,127903,4,0
20163,127904,4,0
20164,127905,4,0
20165,127906,4,0
20166,127907,4,0
20167,127908,4,0
20168,127909,4,0
20169,127910,4,0
20170,127911,4,0
20171,127912,4,0
20172,127913,4,0
20173,127914,4,0
20174,127915,4,0
20175,127916,4,0
20176,127917,4,0
20177,127918,4,0
20178,127919,4,0
20179,127920,4,0
20180,127921,4,0
20181,127922,4,0
20182,127923,4,0
20183,127924,4,0
20184,127925,4,0
20185,127926,4,0
20186,127927,4,0
20187,127928,4,0
20188,127929,4,0
20189,127930,4,0
20190,127931,4,0
20191,127932,4,0
20192,127933,4,0
20193,127934,4,0
20194,127935,4,0
20195,127936,4,0
20196,127937,4,0
20197,127938,4,0
20198,127939,4,0
20199,127940,4,0
20200,127941,4,0
20201,127942,4,0
20202,127943,4,0
20203,127944,4,0
20204,127945,4,0
20205,127946,4,0
20206,127947,4,0
20207,127948,4,0
20208,127949,4,0
20209,127950,4,0
20210,127951,4,0
20211,127952,4,0
20212,127953,4,0
20213,127954,4,0
20214,127955,4,0
20215,127956,4,0
20216,127957,4,0
20217,127958,4,0
20218,127959,4,0
20219,127960,4,0
20220,127961,4,0
20221,127962,4,0
20222,127963,4,0
20223,127964,4,0
20224,127965,4,0
20225,127966,4,1
20226,127967,4,0
20227,127968,4,0
20228,127969,4,0
20229,127970,4,0
20230,127971,4,0
20231,127972,4,0
20232,127973,4,0
20233,127974,4,0
20234,127975,4,0
20235,127976,4,0
20236,127977,4,0
20237,127978,4,0
20238,127979,4,0
20239,127980,4,0
20240,127981,4,0
20241,127982,4,0
20242,127983,4,0
20243,127984,4,0
20244,127985,4,0
20245,127986,4,0
20246,127987,4,0
20247,127988,4,0
20248,127989,4,0
20249,127990,4,0
20250,127991,4,0
20251,127992,4,0
20252,127993,4,0
20253,127994,4,0
20254,127995,4,0
20255,127996,4,0
20256,127997,4,0
20257,127998,4,0
20258,127999,4,0
20259,128000,4,0
20260,128001,4,0
20261,128002,4,0
20262,128003,4,0
20263,128004,4,0
20264,128005,4,0
20265,128006,4,0
20266,128007,4,0
20267,128008,4,0
20268,128009,4,0
20269,128010,4,0
20270,128011,4,0
20271,128012,4,0
20272,128013,4,0
20273,128014,4,0
20274,128015,4,0
20275,128016,4,0
20276,128017,4,0
20277,128018,4,0
20278,128019,4,0
20279,128020,4,0
20280,128021,4,0
20281,128022,4,0
20282,128023,4,0
20283,128024,4,0
20284,128025,4,0
20285,128026,4,0
20286,128027,4,0
20287,128028,4,0
20288,128029,4,0
20289,128030,4,0
20290,128031,4,0
20291,128032,4,0
20292,128033,4,0
20293,128034,4,0
20294,128035,4,0
20295,128036,4,0
20296,128037,4,0
20297,128038,4,0
20298,128039,4,0
20299,128040,4,0
20300,128041,4,0
20301,128042,4,0
20302,128043,4,0
20303,128044,4,0
20304,128045,4,0
20305,128046,4,0
20306,128047,4,0
20307,128048,4,0
20308,128049,4,0
20309,128050,4,0
20310,128051,4,0
20311,128052,4,0
20312,128053,4,0
20313,128054,4,0
20314,128055,4,0
20315,128056,4,0
20316,128057,4,0
20317,128058,4,0
20318,128059,4,0
20319,128060,4,0
20320,128061,4,0
20321,128062,4,0
20322,128063,4,0
20323,128064,4,0
20324,128065,4,0
20325,128066,4,0
20326,128067,4,0
20327,128068,4,0
20328,128069,4,0
20329,128070,4,0
20330,128071,4,0
20331,128072,4,0
20332,128073,4,0
20333,128074,4,0
20334,128075,4,0
20335,128076,4,0
20336,128077,4,0
20337,128078,4,0
20338,128079,4,0
20339,128080,4,0
20340,128081,4,0
20341,128082,4,0
20342,128083,4,0
20343,128084,4,0
20344,128085,4,0
20345,128086,4,0
20346,128087,4,0
20347,128088,4,0
20348,128089,4,0
20349,128090,4,0
20350,128091,4,0
20351,128092,4,0
20352,128093,4,0
20353,128094,4,0
20354,128095,4,0
20355,128096,4,0
20356,128097,4,0
20357,128098,4,0
20358,128099,4,0
20359,128100,4,0
20360,128101,4,0
20361,128102,4,0
20362,128103,4,1
20363,128104,4,0
20364,128105,4,0
20365,128106,4,0
20366,128107,4,0
20367,128108,4,0
20368,128109,4,1
20369,128110,4,0
20370,128111,4,0
20371,128112,4,0
20372,128113,4,0
20373,128114,4,0
20374,128115,4,0
20375,128116,4,0
20376,128117,4,0
20377,128118,4,0
20378,128119,4,0
20379,128120,4,0
20380,128121,4,0
20381,128122,4,0
20382,128123,4,0
20383,128124,4,0
20384,128125,4,0
20385,128126,4,0
20386,128127,4,0
20387,128128,4,0
20388,128129,4,0
20389,128130,4,0
20390,128131,4,0
20391,128132,4,0
20392,128133,4,0
20393,128134,4,0
20394,128135,4,0
20395,128136,4,0
20396,128137,4,0
20397,128138,4,0
20398,128139,4,0
20399,128140,4,0
20400,128141,4,0
20401,128142,4,0
20402,128143,4,0
20403,128144,4,0
20404,128145,4,0
20405,128146,4,0
20406,128147,4,0
20407,128148,4,0
20408,128149,4,0
20409,128150,4,0
20410,128151,4,0
20411,128152,4,0
20412,128153,4,0
20413,128154,4,0
20414,128155,4,0
20415,128156,4,0
20416,128157,4,0
20417,128158,4,1
20418,128159,4,0
20419,128160,4,0
20420,128161,4,0
20421,128162,4,0
20422,128163,4,0
20423,128164,4,0
20424,128165,4,0
20425,128166,4,0
20426,128167,4,0
20427,128168,4,0
20428,128169,4,0
20429,128170,4,0
20430,128171,4,0
20431,128172,4,0
20432,128173,4,0
20433,128174,4,0
20434,128175,4,0
20435,128176,4,0
20436,128177,4,0
20437,128178,4,0
20438,128179,4,0
20439,128180,4,0
20440,128181,4,0
20441,128182,4,0
20442,128183,4,0
20443,128184,4,0
20444,128185,4,0
20445,128186,4,0
20446,128187,4,0
20447,128188,4,0
20448,128189,4,0
20449,128190,4,0
20450,128191,4,0
20451,128192,4,0
20452,128193,4,0
20453,128194,4,0
20454,128195,4,0
20455,128196,4,0
20456,128197,4,1
20457,128198,4,0
20458,128199,4,0
20459,128200,4,0
20460,128201,4,0
20461,128202,4,0
20462,128203,4,0
20463,128204,4,0
20464,128205,4,0
20465,128206,4,0
20466,128207,4,0
20467,128208,4,0
20468,128209,4,0
20469,128210,4,0
20470,128211,4,1
20471,128212,4,0
20472,128213,4,0
20473,128214,4,0
20474,128215,4,0
20475,128216,4,0
20476,128217,4,0
20477,128218,4,0
20478,128219,4,0
20479,128220,4,0
20480,128221,4,0
20481,128222,4,0
20482,128223,4,0
20483,128224,4,0
20484,128225,4,0
20485,128226,4,0
20486,128227,4,0
20487,128228,4,0
20488,128229,4,0
20489,128230,4,0
20490,128231,4,0
20491,128232,4,0
20492,128233,4,0
20493,128234,4,0
20494,128235,4,0
20495,128236,4,0
20496,128237,4,0
20497,128238,4,0
20498,128239,4,0
20499,128240,4,0
20500,128241,4,0
20501,128242,4,0
20502,128243,4,0
20503,128244,4,0
20504,128245,4,0
20505,128246,4,0
20506,128247,4,0
20507,128248,4,0
20508,128249,4,0
20509,128250,4,0
20510,128251,4,0
20511,128252,4,0
20512,128253,4,1
20513,128254,4,0
20514,128255,4,0
20515,128256,4,0
20516,128257,4,0
20517,128258,4,1
20518,128259,4,0
20519,128260,4,0
20520,128261,4,0
20521,128262,4,1
20522,128263,4,0
20523,128264,4,0
20524,128265,4,0
20525,128266,4,1
20526,128267,4,0
20527,128268,4,0
20528,128269,4,0
20529,128270,4,0
20530,128271,4,1
20531,128272,4,0
20532,128273,4,0
20533,128274,4,0
20534,128275,4,0
20535,128276,4,0
20536,128277,4,0
20537,128278,4,0
20538,128279,4,0
20539,128280,4,0
20540,128281,4,0
20541,128282,4,0
20542,128283,4,0
20543,128284,4,0
20544,128285,4,0
20545,128286,4,1
20546,128287,4,0
20547,128288,4,0
20548,128289,4,0
20549,128290,4,1
20550,128291,4,0
20551,128292,4,0
20552,128293,4,0
20553,128294,4,0
20554,128295,4,0
20555,128296,4,0
20556,128297,4,0
20557,128298,4,0
20558,128299,4,1
20559,128300,4,0
20560,128301,4,1
20561,128302,4,0
20562,128303,4,0
20563,128304,4,0
20564,128305,4,0
20565,128306,4,0
20566,128307,4,0
20567,128308,4,0
20568,128309,4,0
20569,128310,4,0
20570,128311,4,0
20571,128312,4,0
20572,128313,4,0
20573,128314,4,0
20574,128315,4,0
20575,128316,4,0
20576,128317,4,0
20577,128318,4,0
20578,128319,4,0
20579,128320,4,0
20580,128321,4,0
20581,128322,4,0
20582,128323,4,0
20583,128324,4,0
20584,128325,4,0
20585,128326,4,0
20586,128327,4,1
20587,128328,4,0
20588,128329,4,0
20589,128330,4,0
20590,128331,4,0
20591,128332,4,1
20592,128333,4,1
20593,128334,4,0
20594,128335,4,0
20595,128336,4,0
20596,128337,4,0
20597,128338,4,0
20598,128339,4,1
20599,128340,4,0
20600,128341,4,0
20601,128342,4,1
20602,128343,4,0
20603,128344,4,0
20604,128345,4,0
20605,128346,4,0
20606,128347,4,0
20607,128348,4,0
20608,128349,4,1
20609,128350,4,0
20610,128351,4,1
20611,128352,4,0
20612,128353,4,0
20613,128354,4,0
20614,128355,4,0
20615,128356,4,0
20616,128357,4,0
20617,128358,4,0
20618,128359,4,0
20619,128360,4,0
20620,128361,4,1
20621,128362,4,1
20622,128363,4,0
20623,128364,4,0
20624,128365,4,0
20625,128366,4,0
20626,128367,4,0
20627,128368,4,0
20628,128369,4,1
20629,128370,4,1
20630,128371,4,1
20631,128372,4,1
20632,128373,4,1
20633,128374,4,0
20634,128375,4,1
20635,128376,4,0
20636,128377,4,0
20637,128378,4,1
20638,128379,4,1
20639,128380,4,0
20640,128381,4,1
20641,128382,4,0
20642,128383,4,0
20643,128384,4,0
20644,128385,4,0
20645,128386,4,0
20646,128387,4,0
20647,128388,4,0
20648,128389,4,0
20649,128390,4,0
20650,128391,4,0
20651,128392,4,0
20652,128393,4,0
20653,128394,4,0
20654,128395,4,0
20655,128396,4,0
20656,128397,4,0
20657,128398,4,0
20658,128399,4,0
20659,128400,4,0
20660,128401,4,0
20661,128402,4,0
20662,128403,4,0
20663,128404,4,0
20664,128405,4,0
20665,128406,4,0
20666,128407,4,0
20667,128408,4,0
20668,128409,4,0
20669,128410,4,0
20670,128411,4,0
20671,128412,4,0
20672,128413,4,0
20673,128414,4,0
20674,128415,4,0
20675,128416,4,0
20676,128417,4,0
20677,128418,4,0
20678,128419,4,0
20679,128420,4,0
20680,128421,4,0
20681,128422,4,0
20682,128423,4,0
20683,128424,4,0
20684,128425,4,0
20685,128426,4,0
20686,128427,4,0
20687,128428,4,0
20688,128429,4,0
20689,128430,4,0
20690,128431,4,0
20691,128432,4,0
20692,128433,4,0
20693,128434,4,0
20694,128435,4,0
20695,128436,4,0
20696,128437,4,0
20697,128438,4,0
20698,128439,4,0
20699,128440,4,0
20700,128441,4,0
20701,128442,4,0
20702,128443,4,0
20703,128444,4,0
20704,128445,4,0
20705,128446,4,0
20706,128447,4,0
20707,128448,4,0
20708,128449,4,0
20709,128450,4,0
20710,128451,4,0
20711,128452,4,0
20712,128453,4,0
20713,128454,4,0
20714,128455,4,0
20715,128456,4,0
20716,128457,4,0
20717,128458,4,0
20718,128459,4,0
20719,128460,4,0
20720,128461,4,0
20721,128462,4,0
20722,128463,4,0
20723,128464,4,0
20724,128465,4,0
20725,128466,4,0
20726,128467,4,0
20727,128468,4,0
20728,128469,4,0
20729,128470,4,0
20730,128471,4,0
20731,128472,4,0
20732,128473,4,0
20733,128474,4,0
20734,128475,4,0
20735,128476,4,0
20736,128477,4,0
20737,128478,4,0
20738,128479,4,0
20739,128480,4,0
20740,128481,4,0
20741,128482,4,0
20742,128483,4,0
20743,128484,4,0
20744,128485,4,0
20745,128486,4,0
20746,128487,4,0
20747,128488,4,0
20748,128489,4,0
20749,128490,4,0
20750,128491,4,0
20751,128492,4,0
20752,128493,4,0
20753,128494,4,0
20754,128495,4,0
20755,128496,4,0
20756,128497,4,0
20757,128498,4,0
20758,128499,4,0
20759,128500,4,0
20760,128501,4,0
20761,128502,4,0
20762,128503,4,0
20763,128504,4,0
20764,128505,4,0
20765,128506,4,0
20766,128507,4,0
20767,128508,4,0
20768,128509,4,0
20769,128510,4,0
20770,128511,4,0
20771,128512,4,0
20772,128513,4,0
20773,128514,4,0
20774,128515,4,0
20775,128516,4,0
20776,128517,4,1
20777,128518,4,1
20778,128519,4,0
20779,128520,4,0
20780,128521,4,0
20781,128522,4,0
20782,128523,4,0
20783,128524,4,0
20784,128525,4,0
20785,128526,4,0
20786,128527,4,0
20787,128528,4,0
20788,128529,4,0
20789,128530,4,0
20790,128531,4,0
20791,128532,4,0
20792,128533,4,0
20793,128534,4,0
20794,128535,4,0
20795,128536,4,0
20796,128537,4,0
20797,128538,4,0
20798,128539,4,0
20799,128540,4,0
20800,128541,4,0
20801,128542,4,0
20802,128543,4,0
20803,128544,4,0
20804,128545,4,0
20805,128546,4,0
20806,128547,4,0
20807,128548,4,0
20808,128549,4,0
20809,128550,4,0
20810,128551,4,0
20811,128552,4,0
20812,128553,4,0
20813,128554,4,0
20814,128555,4,0
20815,128556,4,0
20816,128557,4,0
20817,128558,4,0
20818,128559,4,0
20819,128560,4,0
20820,128561,4,0
20821,128562,4,1
20822,128563,4,1
20823,128564,4,1
20824,128565,4,1
20825,128566,4,1
20826,128567,4,1
20827,128568,4,1
20828,128569,4,1
20829,128570,4,1
20830,128571,4,1
20831,128572,4,1
20832,128573,4,1
20833,128574,4,1
20834,128575,4,1
20835,128576,4,1
20836,128577,4,1
20837,128578,4,1
20838,128579,4,1
20839,128580,4,1
20840,128581,4,1
20841,128582,4,1
20842,128583,4,1
20843,128584,4,1
20844,128585,4,0
20845,128586,4,1
20846,128587,4,0
20847,128588,4,0
20848,128589,4,1
20849,128590,4,1
20850,128591,4,1
20851,128592,4,1
20852,128593,4,1
20853,128594,4,1
20854,128595,4,1
20855,128596,4,1
20856,128597,4,0
20857,128598,4,0
20858,128599,4,1
20859,128600,4,0
20860,128601,4,0
20861,128602,4,1
20862,128603,4,0
20863,128604,4,1
20864,128605,4,0
20865,128606,4,0
20866,128607,4,0
20867,128608,4,1
20868,128609,4,1
20869,128610,4,1
20870,128611,4,1
20871,128612,4,1
20872,128613,4,1
20873,128614,4,1
20874,128615,4,1
20875,128616,4,1
20876,128617,4,0
20877,128618,4,0
20878,128619,4,1
20879,128620,4,1
20880,128621,4,0
20881,128622,4,1
20882,128623,4,1
20883,128624,4,1
20884,128625,4,0
20885,128626,4,1
20886,128627,4,0
20887,128628,4,0
20888,128629,4,0
20889,128630,4,0
20890,128631,4,0
20891,128632,4,0
20892,128633,4,1
20893,128634,4,0
20894,128635,4,1
20895,128636,4,0
20896,128637,4,0
20897,128638,4,0
20898,128639,4,0
20899,128640,4,0
20900,128641,4,1
20901,128642,4,0
20902,128643,4,0
20903,128644,4,0
20904,128645,4,0
20905,128646,4,0
20906,128647,4,0
20907,128648,4,1
20908,128649,4,0
20909,128650,4,0
20910,128651,4,0
20911,128652,4,0
20912,128653,4,1
20913,128654,4,0
20914,128655,4,0
20915,128656,4,1
20916,128657,4,0
20917,128658,4,0
20918,128659,4,0
20919,128660,4,0
20920,128661,4,0
20921,128662,4,0
20922,128663,4,0
20923,128664,4,0
20924,128665,4,0
20925,128666,4,0
20926,128667,4,0
20927,128668,4,0
20928,128669,4,0
20929,128670,4,0
20930,128671,4,1
20931,128672,4,0
20932,128673,4,0
20933,128674,4,0
20934,128675,4,0
20935,128676,4,0
20936,128677,4,0
20937,128678,4,0
20938,128679,4,0
20939,128680,4,0
20940,128681,4,0
20941,128682,4,1
20942,128683,4,0
20943,128684,4,0
20944,128685,4,0
20945,128686,4,1
20946,128687,4,0
20947,128688,4,0
20948,128689,4,0
20949,128690,4,0
20950,128691,4,0
20951,128692,4,0
20952,128693,4,0
20953,128694,4,0
20954,128695,4,1
20955,128696,4,0
20956,128697,4,0
20957,128698,4,0
20958,128699,4,0
20959,128700,4,1
20960,128701,4,0
20961,128702,4,0
20962,128703,4,0
20963,128704,4,0
20964,128705,4,0
20965,128706,4,0
20966,128707,4,0
20967,128708,4,0
20968,128709,4,0
20969,128710,4,0
20970,128711,4,0
20971,128712,4,0
20972,128713,4,0
20973,128714,4,0
20974,128715,4,0
20975,128716,4,0
20976,128717,4,0
20977,128718,4,0
20978,128719,4,1
20979,128720,4,0
20980,128721,4,0
20981,128722,4,0
20982,128723,4,0
20983,128724,4,0
20984,128725,4,0
20985,128726,4,0
20986,128727,4,0
20987,128728,4,0
20988,128729,4,0
20989,128730,4,0
20990,128731,4,0
20991,128732,4,0
20992,128733,4,0
20993,128734,4,0
20994,128735,4,0
20995,128736,4,0
20996,128737,4,0
20997,128738,4,0
20998,128739,4,0
20999,128740,4,0
21000,128741,4,0
21001,128742,4,0
21002,128743,4,0
21003,128744,4,0
21004,128745,4,0
21005,128746,4,0
21006,128747,4,0
21007,128748,4,0
21008,128749,4,0
21009,128750,4,0
21010,128751,4,0
21011,128752,4,0
21012,128753,4,0
21013,128754,4,0
21014,128755,4,0
21015,128756,4,0
21016,128757,4,0
21017,128758,4,0
21018,128759,4,0
21019,128760,4,0
21020,128761,4,0
21021,128762,4,0
21022,128763,4,0
21023,128764,4,0
21024,128765,4,0
21025,128766,4,0
21026,128767,4,0
21027,128768,4,0
21028,128769,4,0
21029,128770,4,0
21030,128771,4,0
21031,128772,4,0
21032,128773,4,0
21033,128774,4,0
21034,128775,4,0
21035,128776,4,0
21036,128777,4,1
21037,128778,4,0
21038,128779,4,0
21039,128780,4,0
21040,128781,4,0
21041,128782,4,0
21042,128783,4,0
21043,128784,4,0
21044,128785,4,0
21045,128786,4,0
21046,128787,4,0
21047,128788,4,0
21048,128789,4,1
21049,128790,4,0
21050,128791,4,0
21051,128792,4,0
21052,128793,4,0
21053,128794,4,0
21054,128795,4,0
21055,128796,4,0
21056,128797,4,0
21057,128798,4,0
21058,128799,4,0
21059,128800,4,0
21060,128801,4,0
21061,128802,4,0
21062,128803,4,0
21063,128804,4,1
21064,128805,4,0
21065,128806,4,0
21066,128807,4,0
21067,128808,4,0
21068,128809,4,0
21069,128810,4,0
21070,128811,4,0
21071,128812,4,0
21072,128813,4,0
21073,128814,4,0
21074,128815,4,0
21075,128816,4,0
21076,128817,4,0
21077,128818,4,0
21078,128819,4,0
21079,128820,4,0
21080,128821,4,0
21081,128822,4,0
21082,128823,4,0
21083,128824,4,0
21084,128825,4,0
21085,128826,4,0
21086,128827,4,0
21087,128828,4,0
21088,128829,4,0
21089,128830,4,0
21090,128831,4,0
21091,128832,4,0
21092,128833,4,0
21093,128834,4,0
21094,128835,4,0
21095,128836,4,0
21096,128837,4,0
21097,128838,4,0
21098,128839,4,0
21099,128840,4,0
21100,128841,4,0
21101,128842,4,0
21102,128843,4,1
21103,128844,4,0
21104,128845,4,0
21105,128846,4,0
21106,128847,4,0
21107,128848,4,0
21108,128849,4,0
21109,128850,4,0
21110,128851,4,0
21111,128852,4,0
21112,128853,4,0
21113,128854,4,0
21114,128855,4,0
21115,128856,4,0
21116,128857,4,0
21117,128858,4,0
21118,128859,4,0
21119,128860,4,0
21120,128861,4,0
21121,128862,4,0
21122,128863,4,0
21123,128864,4,0
21124,128865,4,0
21125,128866,4,0
21126,128867,4,0
21127,128868,4,0
21128,128869,4,0
21129,128870,4,0
21130,128871,4,0
21131,128872,4,0
21132,128873,4,0
21133,128874,4,1
21134,128875,4,0
21135,128876,4,0
21136,128877,4,0
21137,128878,4,0
21138,128879,4,0
21139,128880,4,0
21140,128881,4,0
21141,128882,4,0
21142,128883,4,0
21143,128884,4,0
21144,128885,4,0
21145,128886,4,0
21146,128887,4,0
21147,128888,4,0
21148,128889,4,0
21149,128890,4,0
21150,128891,4,0
21151,128892,4,0
21152,128893,4,0
21153,128894,4,0
21154,128895,4,0
21155,128896,4,0
21156,128897,4,0
21157,128898,4,0
21158,128899,4,0
21159,128900,4,0
21160,128901,4,0
21161,128902,4,0
21162,128903,4,0
21163,128904,4,0
21164,128905,4,0
21165,128906,4,0
21166,128907,4,0
21167,128908,4,0
21168,128909,4,0
21169,128910,4,0
21170,128911,4,0
21171,128912,4,0
21172,128913,4,0
21173,128914,4,0
21174,128915,4,0
21175,128916,4,0
21176,128917,4,0
21177,128918,4,0
21178,128919,4,0
21179,128920,4,0
21180,128921,4,0
21181,128922,4,0
21182,128923,4,0
21183,128924,4,0
21184,128925,4,0
21185,128926,4,0
21186,128927,4,0
21187,128928,4,0
21188,128929,4,0
21189,128930,4,0
21190,128931,4,0
21191,128932,4,0
21192,128933,4,0
21193,128934,4,0
21194,128935,4,0
21195,128936,4,0
21196,128937,4,0
21197,128938,4,0
21198,128939,4,0
21199,128940,4,0
21200,128941,4,0
21201,128942,4,0
21202,128943,4,0
21203,128944,4,0
21204,128945,4,0
21205,128946,4,0
21206,128947,4,0
21207,128948,4,0
21208,128949,4,0
21209,128950,4,0
21210,128951,4,0
21211,128952,4,0
21212,128953,4,0
21213,128954,4,0
21214,128955,4,0
21215,128956,4,0
21216,128957,4,0
21217,128958,4,0
21218,128959,4,0
21219,128960,4,0
21220,128961,4,0
21221,128962,4,0
21222,128963,4,0
21223,128964,4,0
21224,128965,4,0
21225,128966,4,0
21226,128967,4,0
21227,128968,4,0
21228,128969,4,0
21229,128970,4,0
21230,128971,4,0
21231,128972,4,0
21232,128973,4,0
21233,128974,4,0
21234,128975,4,0
21235,128976,4,0
21236,128977,4,0
21237,128978,4,0
21238,128979,4,0
21239,128980,4,0
21240,128981,4,0
21241,128982,4,0
21242,128983,4,0
21243,128984,4,0
21244,128985,4,0
21245,128986,4,0
21246,128987,4,0
21247,128988,4,0
21248,128989,4,0
21249,128990,4,0
21250,128991,4,0
21251,128992,4,0
21252,128993,4,0
21253,128994,4,0
21254,128995,4,0
21255,128996,4,0
21256,128997,4,0
21257,128998,4,0
21258,128999,4,0
21259,129000,4,0
21260,129001,4,0
21261,129002,4,0
21262,129003,4,0
21263,129004,4,0
21264,129005,4,0
21265,129006,4,0
21266,129007,4,0
21267,129008,4,0
21268,129009,4,0
21269,129010,4,0
21270,129011,4,0
21271,129012,4,0
21272,129013,4,0
21273,129014,4,0
21274,129015,4,0
21275,129016,4,0
21276,129017,4,0
21277,129018,4,0
21278,129019,4,0
21279,129020,4,0
21280,129021,4,0
21281,129022,4,0
21282,129023,4,0
21283,129024,4,0
21284,129025,4,0
21285,129026,4,0
21286,129027,4,0
21287,129028,4,0
21288,129029,4,0
21289,129030,4,0
21290,129031,4,0
21291,129032,4,0
21292,129033,4,0
21293,129034,4,0
21294,129035,4,0
21295,129036,4,0
21296,129037,4,0
21297,129038,4,0
21298,129039,4,0
21299,129040,4,0
21300,129041,4,0
21301,129042,4,0
21302,129043,4,0
21303,129044,4,0
21304,129045,4,0
21305,129046,4,0
21306,129047,4,0
21307,129048,4,0
21308,129049,4,0
21309,129050,4,0
21310,129051,4,0
21311,129052,4,0
21312,129053,4,0
21313,129054,4,0
21314,129055,4,0
21315,129056,4,0
21316,129057,4,0
21317,129058,4,0
21318,129059,4,0
21319,129060,4,0
21320,129061,4,0
21321,129062,4,0
21322,129063,4,0
21323,129064,4,0
21324,129065,4,0
21325,129066,4,0
21326,129067,4,0
21327,129068,4,0
21328,129069,4,0
21329,129070,4,0
21330,129071,4,0
21331,129072,4,0
21332,129073,4,0
21333,129074,4,0
21334,129075,4,0
21335,129076,4,0
21336,129077,4,0
21337,129078,4,0
21338,129079,4,0
21339,129080,4,0
21340,129081,4,0
21341,129082,4,0
21342,129083,4,0
21343,129084,4,0
21344,129085,4,0
21345,129086,4,0
21346,129087,4,0
21347,129088,4,0
21348,129089,4,0
21349,129090,4,0
21350,129091,4,0
21351,129092,4,0
21352,129093,4,0
21353,129094,4,0
21354,129095,4,0
21355,129096,4,0
21356,129097,4,0
21357,129098,4,0
21358,129099,4,0
21359,129100,4,0
21360,129101,4,0
21361,129102,4,0
21362,129103,4,0
21363,129104,4,0
21364,129105,4,0
21365,129106,4,0
21366,129107,4,0
21367,129108,4,0
21368,129109,4,0
21369,129110,4,0
21370,129111,4,0
21371,129112,4,0
21372,129113,4,0
21373,129114,4,0
21374,129115,4,0
21375,129116,4,0
21376,129117,4,0
21377,129118,4,0
21378,129119,4,0
21379,129120,4,0
21380,129121,4,0
21381,129122,4,0
21382,129123,4,0
21383,129124,4,0
21384,129125,4,0
21385,129126,4,1
21386,129127,4,0
21387,129128,4,0
21388,129129,4,0
21389,129130,4,0
21390,129131,4,0
21391,129132,4,0
21392,129133,4,0
21393,129134,4,0
21394,129135,4,0
21395,129136,4,0
21396,129137,4,0
21397,129138,4,0
21398,129139,4,0
21399,129140,4,0
21400,129141,4,0
21401,129142,4,0
21402,129143,4,0
21403,129144,4,0
21404,129145,4,0
21405,129146,4,0
21406,129147,4,0
21407,129148,4,0
21408,129149,4,0
21409,129150,4,0
21410,129151,4,0
21411,129152,4,0
21412,129153,4,0
21413,129154,4,0
21414,129155,4,0
21415,129156,4,0
21416,129157,4,0
21417,129158,4,0
21418,129159,4,0
21419,129160,4,0
21420,129161,4,0
21421,129162,4,0
21422,129163,4,0
21423,129164,4,0
21424,129165,4,0
21425,129166,4,0
21426,129167,4,0
21427,129168,4,0
21428,129169,4,0
21429,129170,4,0
21430,129171,4,0
21431,129172,4,0
21432,129173,4,0
21433,129174,4,0
21434,129175,4,0
21435,129176,4,0
21436,129177,4,0
21437,129178,4,0
21438,129179,4,0
21439,129180,4,0
21440,129181,4,0
21441,129182,4,0
21442,129183,4,0
21443,129184,4,0
21444,129185,4,0
21445,129186,4,0
21446,129187,4,0
21447,129188,4,0
21448,129189,4,0
21449,129190,4,1
21450,129191,4,0
21451,129192,4,0
21452,129193,4,0
21453,129194,4,0
21454,129195,4,0
21455,129196,4,0
21456,129197,4,0
21457,129198,4,0
21458,129199,4,0
21459,129200,4,0
21460,129201,4,0
21461,129202,4,0
21462,129203,4,0
21463,129204,4,0
21464,129205,4,0
21465,129206,4,0
21466,129207,4,0
21467,129208,4,0
21468,129209,4,0
21469,129210,4,0
21470,129211,4,0
21471,129212,4,0
21472,129213,4,0
21473,129214,4,0
21474,129215,4,0
21475,129216,4,0
21476,129217,4,0
21477,129218,4,0
21478,129219,4,0
21479,129220,4,0
21480,129221,4,0
21481,129222,4,0
21482,129223,4,0
21483,129224,4,0
21484,129225,4,0
21485,129226,4,0
21486,129227,4,0
21487,129228,4,0
21488,129229,4,0
21489,129230,4,0
21490,129231,4,0
21491,129232,4,0
21492,129233,4,0
21493,129234,4,0
21494,129235,4,0
21495,129236,4,0
21496,129237,4,0
21497,129238,4,0
21498,129239,4,0
21499,129240,4,0
21500,129241,4,0
21501,129242,4,0
21502,129243,4,0
21503,129244,4,0
21504,129245,4,0
21505,129246,4,0
21506,129247,4,0
21507,129248,4,0
21508,129249,4,0
21509,129250,4,0
21510,129251,4,0
21511,129252,4,0
21512,129253,4,0
21513,129254,4,0
21514,129255,4,0
21515,129256,4,0
21516,129257,4,0
21517,129258,4,0
21518,129259,4,0
21519,129260,4,0
21520,129261,4,0
21521,129262,4,0
21522,129263,4,0
21523,129264,4,0
21524,129265,4,0
21525,129266,4,0
21526,129267,4,0
21527,129268,4,0
21528,129269,4,0
21529,129270,4,0
21530,129271,4,0
21531,129272,4,0
21532,129273,4,0
21533,129274,4,0
21534,129275,4,0
21535,129276,4,0
21536,129277,4,0
21537,129278,4,0
21538,129279,4,0
21539,129280,4,0
21540,129281,4,0
21541,129282,4,0
21542,129283,4,0
21543,129284,4,0
21544,129285,4,0
21545,129286,4,0
21546,129287,4,0
21547,129288,4,0
21548,129289,4,0
21549,129290,4,0
21550,129291,4,0
21551,129292,4,0
21552,129293,4,0
21553,129294,4,0
21554,129295,4,0
21555,129296,4,0
21556,129297,4,0
21557,129298,4,0
21558,129299,4,0
21559,129300,4,0
21560,129301,4,0
21561,129302,4,0
21562,129303,4,0
21563,129304,4,0
21564,129305,4,0
21565,129306,4,0
21566,129307,4,0
21567,129308,4,0
21568,129309,4,0
21569,129310,4,0
21570,129311,4,0
21571,129312,4,0
21572,129313,4,0
21573,129314,4,0
21574,129315,4,0
21575,129316,4,0
21576,129317,4,0
21577,129318,4,0
21578,129319,4,0
21579,129320,4,0
21580,129321,4,0
21581,129322,4,0
21582,129323,4,0
21583,129324,4,0
21584,129325,4,0
21585,129326,4,0
21586,129327,4,0
21587,129328,4,0
21588,129329,4,0
21589,129330,4,0
21590,129331,4,0
21591,129332,4,0
21592,129333,4,0
21593,129334,4,0
21594,129335,4,0
21595,129336,4,0
21596,129337,4,0
21597,129338,4,0
21598,129339,4,0
21599,129340,4,0
21600,129341,4,0
21601,129342,4,0
21602,129343,4,0
21603,129344,4,0
21604,129345,4,0
21605,129346,4,0
21606,129347,4,0
21607,129348,4,0
21608,129349,4,0
21609,129350,4,0
21610,129351,4,0
21611,129352,4,0
21612,129353,4,0
21613,129354,4,0
21614,129355,4,0
21615,129356,4,0
21616,129357,4,0
21617,129358,4,0
21618,129359,4,0
21619,129360,4,0
21620,129361,4,0
21621,129362,4,0
21622,129363,4,0
21623,129364,4,0
21624,129365,4,0
21625,129366,4,0
21626,129367,4,0
21627,129368,4,0
21628,129369,4,0
21629,129370,4,0
21630,129371,4,0
21631,129372,4,0
21632,129373,4,0
21633,129374,4,0
21634,129375,4,0
21635,129376,4,0
21636,129377,4,0
21637,129378,4,0
21638,129379,4,0
21639,129380,4,0
21640,129381,4,0
21641,129382,4,0
21642,129383,4,0
21643,129384,4,0
21644,129385,4,0
21645,129386,4,0
21646,129387,4,0
21647,129388,4,0
21648,129389,4,0
21649,129390,4,0
21650,129391,4,0
21651,129392,4,0
21652,129393,4,0
21653,129394,4,0
21654,129395,4,0
21655,129396,4,0
21656,129397,4,0
21657,129398,4,0
21658,129399,4,0
21659,129400,4,0
21660,129401,4,0
21661,129402,4,0
21662,129403,4,0
21663,129404,4,0
21664,129405,4,0
21665,129406,4,0
21666,129407,4,0
21667,129408,4,0
21668,129409,4,0
21669,129410,4,0
21670,129411,4,0
21671,129412,4,0
21672,129413,4,0
21673,129414,4,0
21674,129415,4,0
21675,129416,4,0
21676,129417,4,0
21677,129418,4,0
21678,129419,4,0
21679,129420,4,0
21680,129421,4,0
21681,129422,4,0
21682,129423,4,0
21683,129424,4,0
21684,129425,4,0
21685,129426,4,0
21686,129427,4,0
21687,129428,4,0
21688,129429,4,0
21689,129430,4,0
21690,129431,4,0
21691,129432,4,0
21692,129433,4,0
21693,129434,4,0
21694,129435,4,0
21695,129436,4,0
21696,129437,4,0
21697,129438,4,0
21698,129439,4,0
21699,129440,4,0
21700,129441,4,0
21701,129442,4,0
21702,129443,4,0
21703,129444,4,0
21704,129445,4,0
21705,129446,4,0
21706,129447,4,0
21707,129448,4,0
21708,129449,4,0
21709,129450,4,0
21710,129451,4,0
21711,129452,4,0
21712,129453,4,0
21713,129454,4,0
21714,129455,4,0
21715,129456,4,0
21716,129457,4,0
21717,129458,4,0
21718,129459,4,0
21719,129460,4,0
21720,129461,4,0
21721,129462,4,0
21722,129463,4,0
21723,129464,4,0
21724,129465,4,0
21725,129466,4,0
21726,129467,4,0
21727,129468,4,0
21728,129469,4,0
21729,129470,4,0
21730,129471,4,0
21731,129472,4,0
21732,129473,4,0
21733,129474,4,0
21734,129475,4,0
21735,129476,4,0
21736,129477,4,0
21737,129478,4,0
21738,129479,4,0
21739,129480,4,0
21740,129481,4,0
21741,129482,4,0
21742,129483,4,0
21743,129484,4,0
21744,129485,4,0
21745,129486,4,0
21746,129487,4,0
21747,129488,4,0
21748,129489,4,0
21749,129490,4,0
21750,129491,4,0
21751,129492,4,0
21752,129493,4,0
21753,129494,4,0
21754,129495,4,0
21755,129496,4,0
21756,129497,4,0
21757,129498,4,0
21758,129499,4,0
21759,129500,4,0
21760,129501,4,0
21761,129502,4,0
21762,129503,4,0
21763,129504,4,0
21764,129505,4,0
21765,129506,4,0
21766,129507,4,0
21767,129508,4,0
21768,129509,4,0
21769,129510,4,0
21770,129511,4,0
21771,129512,4,0
21772,129513,4,0
21773,129514,4,0
21774,129515,4,0
21775,129516,4,0
21776,129517,4,0
21777,129518,4,1
21778,129519,4,0
21779,129520,4,0
21780,129521,4,0
21781,129522,4,0
21782,129523,4,0
21783,129524,4,0
21784,129525,4,0
21785,129526,4,0
21786,129527,4,0
21787,129528,4,0
21788,129529,4,0
21789,129530,4,0
21790,129531,4,0
21791,129532,4,0
21792,129533,4,0
21793,129534,4,0
21794,129535,4,0
21795,129536,4,0
21796,129537,4,0
21797,129538,4,0
21798,129539,4,0
21799,129540,4,1
21800,129541,4,1
21801,129542,4,0
21802,129543,4,0
21803,129544,4,0
21804,129545,4,0
21805,129546,4,0
21806,129547,4,0
21807,129548,4,0
21808,129549,4,1
21809,129550,4,0
21810,129551,4,0
21811,129552,4,0
21812,129553,4,0
21813,129554,4,0
21814,129555,4,0
21815,129556,4,0
21816,129557,4,0
21817,129558,4,0
21818,129559,4,0
21819,129560,4,0
21820,129561,4,1
21821,129562,4,0
21822,129563,4,0
21823,129564,4,0
21824,129565,4,0
21825,129566,4,0
21826,129567,4,0
21827,129568,4,0
21828,129569,4,0
21829,129570,4,0
21830,129571,4,0
21831,129572,4,0
21832,129573,4,0
21833,129574,4,0
21834,129575,4,0
21835,129576,4,1
21836,129577,4,0
21837,129578,4,1
21838,129579,4,0
21839,129580,4,0
21840,129581,4,1
21841,129582,4,0
21842,129583,4,0
21843,129584,4,0
21844,129585,4,0
21845,129586,4,0
21846,129587,4,0
21847,129588,4,0
21848,129589,4,0
21849,129590,4,0
21850,129591,4,0
21851,129592,4,0
21852,129593,4,0
21853,129594,4,0
21854,129595,4,0
21855,129596,4,0
21856,129597,4,0
21857,129598,4,0
21858,129599,4,0
21859,129600,4,0
21860,129601,4,0
21861,129602,4,0
21862,129603,4,0
21863,129604,4,0
21864,129605,4,0
21865,129606,4,0
21866,129607,4,0
21867,129608,4,0
21868,129609,4,0
21869,129610,4,0
21870,129611,4,0
21871,129612,4,0
21872,129613,4,0
21873,129614,4,0
21874,129615,4,0
21875,129616,4,0
21876,129617,4,0
21877,129618,4,0
21878,129619,4,0
21879,129620,4,0
21880,129621,4,0
21881,129622,4,0
21882,129623,4,0
21883,129624,4,0
21884,129625,4,0
21885,129626,4,0
21886,129627,4,0
21887,129628,4,0
21888,129629,4,0
21889,129630,4,0
21890,129631,4,0
21891,129632,4,0
21892,129633,4,0
21893,129634,4,0
21894,129635,4,0
21895,129636,4,0
21896,129637,4,0
21897,129638,4,0
21898,129639,4,0
21899,129640,4,0
21900,129641,4,0
21901,129642,4,0
21902,129643,4,0
21903,129644,4,0
21904,129645,4,0
21905,129646,4,0
21906,129647,4,0
21907,129648,4,0
21908,129649,4,0
21909,129650,4,0
21910,129651,4,0
21911,129652,4,0
21912,129653,4,0
21913,129654,4,0
21914,129655,4,0
21915,129656,4,0
21916,129657,4,0
21917,129658,4,0
21918,129659,4,0
21919,129660,4,0
21920,129661,4,0
21921,129662,4,0
21922,129663,4,0
21923,129664,4,0
21924,129665,4,0
21925,129666,4,0
21926,129667,4,1
21927,129668,4,0
21928,129669,4,0
21929,129670,4,0
21930,129671,4,0
21931,129672,4,0
21932,129673,4,0
21933,129674,4,0
21934,129675,4,0
21935,129676,4,0
21936,129677,4,0
21937,129678,4,0
21938,129679,4,0
21939,129680,4,0
21940,129681,4,0
21941,129682,4,0
21942,129683,4,0
21943,129684,4,0
21944,129685,4,0
21945,129686,4,0
21946,129687,4,1
21947,129688,4,0
21948,129689,4,0
21949,129690,4,0
21950,129691,4,0
21951,129692,4,0
21952,129693,4,0
21953,129694,4,0
21954,129695,4,0
21955,129696,4,0
21956,129697,4,0
21957,129698,4,0
21958,129699,4,0
21959,129700,4,0
21960,129701,4,0
21961,129702,4,0
21962,129703,4,1
21963,129704,4,0
21964,129705,4,0
21965,129706,4,0
21966,129707,4,0
21967,129708,4,0
21968,129709,4,0
21969,129710,4,0
21970,129711,4,0
21971,129712,4,0
21972,129713,4,0
21973,129714,4,0
21974,129715,4,0
21975,129716,4,0
21976,129717,4,0
21977,129718,4,0
21978,129719,4,0
21979,129720,4,0
21980,129721,4,0
21981,129722,4,0
21982,129723,4,1
21983,129724,4,0
21984,129725,4,0
21985,129726,4,0
21986,129727,4,0
21987,129728,4,0
21988,129729,4,0
21989,129730,4,0
21990,129731,4,0
21991,129732,4,0
21992,129733,4,0
21993,129734,4,0
21994,129735,4,0
21995,129736,4,0
21996,129737,4,0
21997,129738,4,0
21998,129739,4,0
21999,129740,4,0
22000,129741,4,0
22001,129742,4,0
22002,129743,4,0
22003,129744,4,0
22004,129745,4,0
22005,129746,4,0
22006,129747,4,0
22007,129748,4,0
22008,129749,4,0
22009,129750,4,0
22010,129751,4,0
22011,129752,4,0
22012,129753,4,0
22013,129754,4,0
22014,129755,4,0
22015,129756,4,0
22016,129757,4,0
22017,129758,4,0
22018,129759,4,0
22019,129760,4,0
22020,129761,4,1
22021,129762,4,0
22022,129763,4,0
22023,129764,4,0
22024,129765,4,0
22025,129766,4,0
22026,129767,4,0
22027,129768,4,0
22028,129769,4,0
22029,129770,4,0
22030,129771,4,0
22031,129772,4,0
22032,129773,4,0
22033,129774,4,0
22034,129775,4,0
22035,129776,4,0
22036,129777,4,0
22037,129778,4,0
22038,129779,4,0
22039,129780,4,0
22040,129781,4,0
22041,129782,4,0
22042,129783,4,0
22043,129784,4,0
22044,129785,4,0
22045,129786,4,0
22046,129787,4,0
22047,129788,4,0
22048,129789,4,0
22049,129790,4,0
22050,129791,4,1
22051,129792,4,0
22052,129793,4,1
22053,129794,4,0
22054,129795,4,0
22055,129796,4,0
22056,129797,4,0
22057,129798,4,0
22058,129799,4,0
22059,129800,4,0
22060,129801,4,1
22061,129802,4,0
22062,129803,4,0
22063,129804,4,0
22064,129805,4,0
22065,129806,4,0
22066,129807,4,0
22067,129808,4,0
22068,129809,4,0
22069,129810,4,0
22070,129811,4,0
22071,129812,4,0
22072,129813,4,1
22073,129814,4,0
22074,129815,4,0
22075,129816,4,0
22076,129817,4,0
22077,129818,4,0
22078,129819,4,0
22079,129820,4,0
22080,129821,4,0
22081,129822,4,1
22082,129823,4,0
22083,129824,4,0
22084,129825,4,0
22085,129826,4,0
22086,129827,4,0
22087,129828,4,0
22088,129829,4,0
22089,129830,4,0
22090,129831,4,1
22091,129832,4,0
22092,129833,4,0
22093,129834,4,0
22094,129835,4,0
22095,129836,4,0
22096,129837,4,0
22097,129838,4,0
22098,129839,4,0
22099,129840,4,0
22100,129841,4,1
22101,129842,4,0
22102,129843,4,0
22103,129844,4,0
22104,129845,4,0
22105,129846,4,0
22106,129847,4,0
22107,129848,4,0
22108,129849,4,0
22109,129850,4,0
22110,129851,4,0
22111,129852,4,1
22112,129853,4,0
22113,129854,4,0
22114,129855,4,0
22115,129856,4,0
22116,129857,4,0
22117,129858,4,1
22118,129859,4,0
22119,129860,4,0
22120,129861,4,0
22121,129862,4,0
22122,129863,4,0
22123,129864,4,0
22124,129865,4,0
22125,129866,4,0
22126,129867,4,0
22127,129868,4,0
22128,129869,4,0
22129,129870,4,0
22130,129871,4,0
22131,129872,4,0
22132,129873,4,0
22133,129874,4,0
22134,129875,4,0
22135,129876,4,1
22136,129877,4,0
22137,129878,4,0
22138,129879,4,0
22139,129880,4,0
22140,129881,4,0
22141,129882,4,0
22142,129883,4,0
22143,129884,4,1
22144,129885,4,0
22145,129886,4,0
22146,129887,4,0
22147,129888,4,0
22148,129889,4,0
22149,129890,4,0
22150,129891,4,0
22151,129892,4,0
22152,129893,4,0
22153,129894,4,0
22154,129895,4,0
22155,129896,4,1
22156,129897,4,0
22157,129898,4,0
22158,129899,4,0
22159,129900,4,0
22160,129901,4,1
22161,129902,4,0
22162,129903,4,0
22163,129904,4,0
22164,129905,4,0
22165,129906,4,0
22166,129907,4,0
22167,129908,4,0
22168,129909,4,1
22169,129910,4,0
22170,129911,4,1
22171,129912,4,0
22172,129913,4,0
22173,129914,4,0
22174,129915,4,0
22175,129916,4,0
22176,129917,4,0
22177,129918,4,0
22178,129919,4,1
22179,129920,4,0
22180,129921,4,0
22181,129922,4,0
22182,129923,4,0
22183,129924,4,0
22184,129925,4,1
22185,129926,4,0
22186,129927,4,1
22187,129928,4,0
22188,129929,4,0
22189,129930,4,0
22190,129931,4,0
22191,129932,4,0
22192,129933,4,1
22193,129934,4,1
22194,129935,4,0
22195,129936,4,1
22196,129937,4,1
22197,129938,4,0
22198,129939,4,0
22199,129940,4,0
22200,129941,4,0
22201,129942,4,0
22202,129943,4,0
22203,129944,4,0
22204,129945,4,0
22205,129946,4,0
22206,129947,4,1
22207,129948,4,1
22208,129949,4,1
22209,129950,4,0
22210,129951,4,0
22211,129952,4,0
22212,129953,4,1
22213,129954,4,1
22214,129955,4,0
22215,129956,4,0
22216,129957,4,0
22217,129958,4,0
22218,129959,4,1
22219,129960,4,1
22220,129961,4,0
22221,129962,4,0
22222,129963,4,1
22223,129964,4,0
22224,129965,4,1
22225,129966,4,0
22226,129967,4,0
22227,129968,4,0
22228,129969,4,1
22229,129970,4,1
22230,129971,4,1
22231,129972,4,0
22232,129973,4,0
22233,129974,4,0
22234,129975,4,1
22235,129976,4,1
22236,129977,4,1
22237,129978,4,0
22238,129979,4,0
22239,129980,4,1
22240,129981,4,1
22241,129982,4,1
22242,129983,4,1
22243,129984,4,0
22244,129985,4,1
22245,129986,4,1
22246,129987,4,1
22247,129988,4,1
22248,129989,4,0
22249,129990,4,1
22250,129991,4,1
22251,129992,4,1
22252,129993,4,0
22253,129994,4,1
22254,129995,4,1
22255,129996,4,1
22256,129997,4,1
22257,129998,4,1
22258,129999,4,1
22259,130000,4,1
22260,130001,4,1
22261,130002,4,1
22262,130003,4,1
22263,130004,4,1
22264,130005,4,1
22265,130006,4,1
22266,130007,4,1
22267,130008,4,1
22268,130009,4,1
22269,130010,4,1
22270,130011,4,1
22271,130012,4,0
22272,130013,4,1
22273,130014,4,0
22274,130015,4,0
22275,130016,4,0
22276,130017,4,0
22277,130018,4,0
22278,130019,4,0
22279,130020,4,0
22280,130021,4,0
22281,130022,4,0
22282,130023,4,0
22283,130024,4,0
22284,130025,4,0
22285,130026,4,0
22286,130027,4,0
22287,130028,4,1
22288,130029,4,0
22289,130030,4,0
22290,130031,4,1
22291,130032,4,0
22292,130033,4,1
22293,130034,4,1
22294,130035,4,0
22295,130036,4,0
22296,130037,4,0
22297,130038,4,0
22298,130039,4,0
22299,130040,4,0
22300,130041,4,0
22301,130042,4,1
22302,130043,4,0
22303,130044,4,0
22304,130045,4,0
22305,130046,4,0
22306,130047,4,0
22307,130048,4,0
22308,130049,4,0
22309,130050,4,0
22310,130051,4,0
22311,130052,4,0
22312,130053,4,0
22313,130054,4,0
22314,130055,4,0
22315,130056,4,0
22316,130057,4,0
22317,130058,4,0
22318,130059,4,0
22319,130060,4,0
22320,130061,4,0
22321,130062,4,1
22322,130063,4,0
22323,130064,4,0
22324,130065,4,0
22325,130066,4,0
22326,130067,4,0
22327,130068,4,0
22328,130069,4,0
22329,130070,4,0
22330,130071,4,0
22331,130072,4,0
22332,130073,4,0
22333,130074,4,0
22334,130075,4,0
22335,130076,4,0
22336,130077,4,0
22337,130078,4,0
22338,130079,4,0
22339,130080,4,0
22340,130081,4,0
22341,130082,4,0
22342,130083,4,0
22343,130084,4,0
22344,130085,4,0
22345,130086,4,0
22346,130087,4,0
22347,130088,4,0
22348,130089,4,1
22349,130090,4,0
22350,130091,4,0
22351,130092,4,0
22352,130093,4,0
22353,130094,4,0
22354,130095,4,0
22355,130096,4,0
22356,130097,4,0
22357,130098,4,0
22358,130099,4,0
22359,130100,4,0
22360,130101,4,0
22361,130102,4,0
22362,130103,4,0
22363,130104,4,0
22364,130105,4,0
22365,130106,4,0
22366,130107,4,0
22367,130108,4,0
22368,130109,4,0
22369,130110,4,0
22370,130111,4,0
22371,130112,4,0
22372,130113,4,0
22373,130114,4,1
22374,130115,4,0
22375,130116,4,0
22376,130117,4,0
22377,130118,4,1
22378,130119,4,1
22379,130120,4,0
22380,130121,4,0
22381,130122,4,0
22382,130123,4,0
22383,130124,4,0
22384,130125,4,0
22385,130126,4,0
22386,130127,4,0
22387,130128,4,0
22388,130129,4,0
22389,130130,4,0
22390,130131,4,0
22391,130132,4,0
22392,130133,4,0
22393,130134,4,0
22394,130135,4,0
22395,130136,4,0
22396,130137,4,0
22397,130138,4,0
22398,130139,4,0
22399,130140,4,0
22400,130141,4,1
22401,130142,4,0
22402,130143,4,0
22403,130144,4,0
22404,130145,4,0
22405,130146,4,0
22406,130147,4,0
22407,130148,4,0
22408,130149,4,0
22409,130150,4,0
22410,130151,4,0
22411,130152,4,0
22412,130153,4,0
22413,130154,4,0
22414,130155,4,1
22415,130156,4,0
22416,130157,4,0
22417,130158,4,0
22418,130159,4,0
22419,130160,4,0
22420,130161,4,0
22421,130162,4,0
22422,130163,4,1
22423,130164,4,0
22424,130165,4,0
22425,130166,4,1
22426,130167,4,0
22427,130168,4,0
22428,130169,4,0
22429,130170,4,0
22430,130171,4,0
22431,130172,4,0
22432,130173,4,0
22433,130174,4,0
22434,130175,4,0
22435,130176,4,0
22436,130177,4,0
22437,130178,4,0
22438,130179,4,0
22439,130180,4,0
22440,130181,4,0
22441,130182,4,0
22442,130183,4,0
22443,130184,4,0
22444,130185,4,0
22445,130186,4,0
22446,130187,4,0
22447,130188,4,0
22448,130189,4,0
22449,130190,4,0
22450,130191,4,0
22451,130192,4,0
22452,130193,4,0
22453,130194,4,0
22454,130195,4,0
22455,130196,4,0
22456,130197,4,0
22457,130198,4,0
22458,130199,4,0
22459,130200,4,0
22460,130201,4,0
22461,130202,4,0
22462,130203,4,1
22463,130204,4,0
22464,130205,4,0
22465,130206,4,0
22466,130207,4,0
22467,130208,4,0
22468,130209,4,0
22469,130210,4,0
22470,130211,4,0
22471,130212,4,0
22472,130213,4,0
22473,130214,4,0
22474,130215,4,0
22475,130216,4,0
22476,130217,4,0
22477,130218,4,0
22478,130219,4,0
22479,130220,4,0
22480,130221,4,0
22481,130222,4,0
22482,130223,4,0
22483,130224,4,0
22484,130225,4,0
22485,130226,4,0
22486,130227,4,0
22487,130228,4,0
22488,130229,4,0
22489,130230,4,0
22490,130231,4,0
22491,130232,4,0
22492,130233,4,0
22493,130234,4,0
22494,130235,4,0
22495,130236,4,0
22496,130237,4,0
22497,130238,4,0
22498,130239,4,0
22499,130240,4,0
22500,130241,4,0
22501,130242,4,0
22502,130243,4,0
22503,130244,4,0
22504,130245,4,0
22505,130246,4,0
22506,130247,4,0
22507,130248,4,0
22508,130249,4,0
22509,130250,4,0
22510,130251,4,0
22511,130252,4,0
22512,130253,4,0
22513,130254,4,0
22514,130255,4,0
22515,130256,4,0
22516,130257,4,0
22517,130258,4,0
22518,130259,4,0
22519,130260,4,0
22520,130261,4,0
22521,130262,4,0
22522,130263,4,0
22523,130264,4,0
22524,130265,4,0
22525,130266,4,0
22526,130267,4,0
22527,130268,4,0
22528,130269,4,0
22529,130270,4,0
22530,130271,4,0
22531,130272,4,0
22532,130273,4,0
22533,130274,4,0
22534,130275,4,0
22535,130276,4,0
22536,130277,4,0
22537,130278,4,0
22538,130279,4,0
22539,130280,4,0
22540,130281,4,0
22541,130282,4,0
22542,130283,4,0
22543,130284,4,0
22544,130285,4,0
22545,130286,4,0
22546,130287,4,0
22547,130288,4,0
22548,130289,4,0
22549,130290,4,0
22550,130291,4,0
22551,130292,4,0
22552,130293,4,0
22553,130294,4,0
22554,130295,4,0
22555,130296,4,0
22556,130297,4,1
22557,130298,4,0
22558,130299,4,0
22559,130300,4,0
22560,130301,4,0
22561,130302,4,0
22562,130303,4,0
22563,130304,4,0
22564,130305,4,0
22565,130306,4,0
22566,130307,4,1
22567,130308,4,0
22568,130309,4,0
22569,130310,4,0
22570,130311,4,0
22571,130312,4,0
22572,130313,4,0
22573,130314,4,0
22574,130315,4,0
22575,130316,4,0
22576,130317,4,0
22577,130318,4,0
22578,130319,4,0
22579,130320,4,0
22580,130321,4,0
22581,130322,4,1
22582,130323,4,0
22583,130324,4,0
22584,130325,4,0
22585,130326,4,0
22586,130327,4,0
22587,130328,4,0
22588,130329,4,0
22589,130330,4,0
22590,130331,4,0
22591,130332,4,0
22592,130333,4,0
22593,130334,4,0
22594,130335,4,0
22595,130336,4,0
22596,130337,4,0
22597,130338,4,0
22598,130339,4,0
22599,130340,4,0
22600,130341,4,0
22601,130342,4,0
22602,130343,4,1
22603,130344,4,0
22604,130345,4,0
22605,130346,4,0
22606,130347,4,0
22607,130348,4,0
22608,130349,4,0
22609,130350,4,0
22610,130351,4,0
22611,130352,4,0
22612,130353,4,0
22613,130354,4,0
22614,130355,4,0
22615,130356,4,0
22616,130357,4,0
22617,130358,4,0
22618,130359,4,0
22619,130360,4,0
22620,130361,4,0
22621,130362,4,0
22622,130363,4,0
22623,130364,4,0
22624,130365,4,0
22625,130366,4,0
22626,130367,4,0
22627,130368,4,0
22628,130369,4,0
22629,130370,4,0
22630,130371,4,0
22631,130372,4,0
22632,130373,4,0
22633,130374,4,0
22634,130375,4,0
22635,130376,4,0
22636,130377,4,0
22637,130378,4,0
22638,130379,4,0
22639,130380,4,0
22640,130381,4,0
22641,130382,4,0
22642,130383,4,0
22643,130384,4,0
22644,130385,4,0
22645,130386,4,0
22646,130387,4,0
22647,130388,4,0
22648,130389,4,0
22649,130390,4,0
22650,130391,4,0
22651,130392,4,0
22652,130393,4,0
22653,130394,4,0
22654,130395,4,0
22655,130396,4,1
22656,130397,4,0
22657,130398,4,0
22658,130399,4,0
22659,130400,4,0
22660,130401,4,0
22661,130402,4,0
22662,130403,4,0
22663,130404,4,0
22664,130405,4,0
22665,130406,4,0
22666,130407,4,0
22667,130408,4,0
22668,130409,4,0
22669,130410,4,0
22670,130411,4,0
22671,130412,4,0
22672,130413,4,0
22673,130414,4,0
22674,130415,4,0
22675,130416,4,0
22676,130417,4,0
22677,130418,4,0
22678,130419,4,0
22679,130420,4,0
22680,130421,4,0
22681,130422,4,0
22682,130423,4,0
22683,130424,4,0
22684,130425,4,0
22685,130426,4,0
22686,130427,4,1
22687,130428,4,0
22688,130429,4,0
22689,130430,4,0
22690,130431,4,0
22691,130432,4,0
22692,130433,4,0
22693,130434,4,0
22694,130435,4,0
22695,130436,4,0
22696,130437,4,0
22697,130438,4,0
22698,130439,4,0
22699,130440,4,0
22700,130441,4,0
22701,130442,4,0
22702,130443,4,0
22703,130444,4,0
22704,130445,4,0
22705,130446,4,0
22706,130447,4,0
22707,130448,4,0
22708,130449,4,0
22709,130450,4,0
22710,130451,4,0
22711,130452,4,0
22712,130453,4,0
22713,130454,4,0
22714,130455,4,0
22715,130456,4,0
22716,130457,4,0
22717,130458,4,0
22718,130459,4,0
22719,130460,4,0
22720,130461,4,0
22721,130462,4,0
22722,130463,4,0
22723,130464,4,0
22724,130465,4,0
22725,130466,4,0
22726,130467,4,0
22727,130468,4,0
22728,130469,4,0
22729,130470,4,0
22730,130471,4,0
22731,130472,4,0
22732,130473,4,1
22733,130474,4,0
22734,130475,4,0
22735,130476,4,1
22736,130477,4,0
22737,130478,4,1
22738,130479,4,1
22739,130480,4,0
22740,130481,4,0
22741,130482,4,0
22742,130483,4,0
22743,130484,4,0
22744,130485,4,0
22745,130486,4,0
22746,130487,4,0
22747,130488,4,0
22748,130489,4,0
22749,130490,4,0
22750,130491,4,1
22751,130492,4,0
22752,130493,4,0
22753,130494,4,0
22754,130495,4,0
22755,130496,4,0
22756,130497,4,0
22757,130498,4,0
22758,130499,4,0
22759,130500,4,0
22760,130501,4,0
22761,130502,4,0
22762,130503,4,0
22763,130504,4,0
22764,130505,4,0
22765,130506,4,0
22766,130507,4,0
22767,130508,4,0
22768,130509,4,0
22769,130510,4,0
22770,130511,4,0
22771,130512,4,1
22772,130513,4,0
22773,130514,4,0
22774,130515,4,0
22775,130516,4,0
22776,130517,4,0
22777,130518,4,0
22778,130519,4,0
22779,130520,4,0
22780,130521,4,0
22781,130522,4,0
22782,130523,4,0
22783,130524,4,0
22784,130525,4,0
22785,130526,4,0
22786,130527,4,0
22787,130528,4,0
22788,130529,4,0
22789,130530,4,0
22790,130531,4,0
22791,130532,4,0
22792,130533,4,0
22793,130534,4,0
22794,130535,4,0
22795,130536,4,0
22796,130537,4,0
22797,130538,4,0
22798,130539,4,0
22799,130540,4,0
22800,130541,4,0
22801,130542,4,0
22802,130543,4,0
22803,130544,4,0
22804,130545,4,0
22805,130546,4,1
22806,130547,4,0
22807,130548,4,0
22808,130549,4,0
22809,130550,4,1
22810,130551,4,0
22811,130552,4,0
22812,130553,4,0
22813,130554,4,0
22814,130555,4,0
22815,130556,4,0
22816,130557,4,0
22817,130558,4,1
22818,130559,4,0
22819,130560,4,0
22820,130561,4,0
22821,130562,4,0
22822,130563,4,1
22823,130564,4,0
22824,130565,4,0
22825,130566,4,0
22826,130567,4,0
22827,130568,4,0
22828,130569,4,0
22829,130570,4,0
22830,130571,4,0
22831,130572,4,0
22832,130573,4,0
22833,130574,4,0
22834,130575,4,0
22835,130576,4,0
22836,130577,4,0
22837,130578,4,0
22838,130579,4,0
22839,130580,4,0
22840,130581,4,0
22841,130582,4,0
22842,130583,4,0
22843,130584,4,0
22844,130585,4,0
22845,130586,4,0
22846,130587,4,0
22847,130588,4,0
22848,130589,4,0
22849,130590,4,1
22850,130591,4,1
22851,130592,4,0
22852,130593,4,0
22853,130594,4,0
22854,130595,4,0
22855,130596,4,0
22856,130597,4,0
22857,130598,4,0
22858,130599,4,0
22859,130600,4,0
22860,130601,4,0
22861,130602,4,0
22862,130603,4,0
22863,130604,4,0
22864,130605,4,0
22865,130606,4,0
22866,130607,4,0
22867,130608,4,0
22868,130609,4,0
22869,130610,4,0
22870,130611,4,0
22871,130612,4,0
22872,130613,4,0
22873,130614,4,0
22874,130615,4,1
22875,130616,4,0
22876,130617,4,0
22877,130618,4,0
22878,130619,4,0
22879,130620,4,0
22880,130621,4,0
22881,130622,4,1
22882,130623,4,1
22883,130624,4,0
22884,130625,4,0
22885,130626,4,0
22886,130627,4,0
22887,130628,4,0
22888,130629,4,0
22889,130630,4,1
22890,130631,4,0
22891,130632,4,0
22892,130633,4,0
22893,130634,4,1
22894,130635,4,0
22895,130636,4,0
22896,130637,4,0
22897,130638,4,0
22898,130639,4,0
22899,130640,4,0
22900,130641,4,0
22901,130642,4,0
22902,130643,4,0
22903,130644,4,1
22904,130645,4,0
22905,130646,4,0
22906,130647,4,0
22907,130648,4,0
22908,130649,4,0
22909,130650,4,0
22910,130651,4,0
22911,130652,4,1
22912,130653,4,0
22913,130654,4,1
22914,130655,4,0
22915,130656,4,0
22916,130657,4,1
22917,130658,4,1
22918,130659,4,0
22919,130660,4,0
22920,130661,4,0
22921,130662,4,0
22922,130663,4,0
22923,130664,4,1
22924,130665,4,0
22925,130666,4,0
22926,130667,4,0
22927,130668,4,0
22928,130669,4,0
22929,130670,4,0
22930,130671,4,0
22931,130672,4,0
22932,130673,4,0
22933,130674,4,0
22934,130675,4,0
22935,130676,4,1
22936,130677,4,0
22937,130678,4,0
22938,130679,4,0
22939,130680,4,1
22940,130681,4,0
22941,130682,4,0
22942,130683,4,0
22943,130684,4,0
22944,130685,4,0
22945,130686,4,0
22946,130687,4,0
22947,130688,4,0
22948,130689,4,0
22949,130690,4,0
22950,130691,4,0
22951,130692,4,0
22952,130693,4,0
22953,130694,4,0
22954,130695,4,0
22955,130696,4,0
22956,130697,4,0
22957,130698,4,1
22958,130699,4,0
22959,130700,4,0
22960,130701,4,0
22961,130702,4,1
22962,130703,4,0
22963,130704,4,0
22964,130705,4,0
22965,130706,4,0
22966,130707,4,0
22967,130708,4,0
22968,130709,4,0
22969,130710,4,0
22970,130711,4,0
22971,130712,4,0
22972,130713,4,0
22973,130714,4,0
22974,130715,4,1
22975,130716,4,0
22976,130717,4,1
22977,130718,4,0
22978,130719,4,0
22979,130720,4,0
22980,130721,4,1
22981,130722,4,1
22982,130723,4,0
22983,130724,4,0
22984,130725,4,0
22985,130726,4,0
22986,130727,4,0
22987,130728,4,1
22988,130729,4,0
22989,130730,4,0
22990,130731,4,0
22991,130732,4,0
22992,130733,4,0
22993,130734,4,0
22994,130735,4,1
22995,130736,4,1
22996,130737,4,0
22997,130738,4,0
22998,130739,4,0
22999,130740,4,0
23000,130741,4,0
23001,130742,4,1
23002,130743,4,0
23003,130744,4,0
23004,130745,4,0
23005,130746,4,0
23006,130747,4,1
23007,130748,4,1
23008,130749,4,0
23009,130750,4,0
23010,130751,4,0
23011,130752,4,0
23012,130753,4,1
23013,130754,4,0
23014,130755,4,0
23015,130756,4,0
23016,130757,4,1
23017,130758,4,1
23018,130759,4,0
23019,130760,4,0
23020,130761,4,0
23021,130762,4,0
23022,130763,4,0
23023,130764,4,1
23024,130765,4,0
23025,130766,4,1
23026,130767,4,1
23027,130768,4,0
23028,130769,4,1
23029,130770,4,1
23030,130771,4,0
23031,130772,4,0
23032,130773,4,0
23033,130774,4,0
23034,130775,4,1
23035,130776,4,0
23036,130777,4,0
23037,130778,4,1
23038,130779,4,0
23039,130780,4,0
23040,130781,4,0
23041,130782,4,1
23042,130783,4,0
23043,130784,4,0
23044,130785,4,1
23045,130786,4,0
23046,130787,4,0
23047,130788,4,1
23048,130789,4,1
23049,130790,4,0
23050,130791,4,1
23051,130792,4,0
23052,130793,4,1
23053,130794,4,1
23054,130795,4,1
23055,130796,4,0
23056,130797,4,0
23057,130798,4,0
23058,130799,4,0
23059,130800,4,1
23060,130801,4,1
23061,130802,4,0
23062,130803,4,1
23063,130804,4,1
23064,130805,4,0
23065,130806,4,1
23066,130807,4,0
23067,130808,4,0
23068,130809,4,1
23069,130810,4,1
23070,130811,4,0
23071,130812,4,0
23072,130813,4,1
23073,130814,4,1
23074,130815,4,1
23075,130816,4,0
23076,130817,4,1
23077,130818,4,0
23078,130819,4,1
23079,130820,4,1
23080,130821,4,1
23081,130822,4,0
23082,130823,4,1
23083,130824,4,1
23084,130825,4,1
23085,130826,4,0
23086,130827,4,1
23087,130828,4,1
23088,130829,4,1
23089,130830,4,1
23090,130831,4,1
23091,130832,4,1
23092,130833,4,1
23093,130834,4,1
23094,130835,4,1
23095,130836,4,1
23096,130837,4,1
23097,130838,4,1
23098,130839,4,0
23099,130840,4,0
23100,130841,4,1
23101,130842,4,1
23102,130843,4,1
23103,130844,4,0
23104,130845,4,0
23105,130846,4,1
23106,130847,4,1
23107,130848,4,0
23108,130849,4,0
23109,130850,4,0
23110,130851,4,0
23111,130852,4,0
23112,130853,4,0
23113,130854,4,0
23114,130855,4,0
23115,130856,4,0
23116,130857,4,1
23117,130858,4,0
23118,130859,4,0
23119,130860,4,0
23120,130861,4,1
23121,130862,4,0
23122,130863,4,0
23123,130864,4,0
23124,130865,4,1
23125,130866,4,0
23126,130867,4,1
23127,130868,4,0
23128,130869,4,1
23129,130870,4,1
23130,130871,4,1
23131,130872,4,1
23132,130873,4,0
23133,130874,4,0
23134,130875,4,0
23135,130876,4,1
23136,130877,4,0
23137,130878,4,1
23138,130879,4,0
23139,130880,4,0
23140,130881,4,1
23141,130882,4,0
23142,130883,4,0
23143,130884,4,0
23144,130885,4,0
23145,130886,4,0
23146,130887,4,0
23147,130888,4,0
23148,130889,4,0
23149,130890,4,0
23150,130891,4,0
23151,130892,4,0
23152,130893,4,1
23153,130894,4,0
23154,130895,4,0
23155,130896,4,0
23156,130897,4,0
23157,130898,4,0
23158,130899,4,0
23159,130900,4,0
23160,130901,4,0
23161,130902,4,0
23162,130903,4,0
23163,130904,4,0
23164,130905,4,0
23165,130906,4,0
23166,130907,4,0
23167,130908,4,0
23168,130909,4,0
23169,130910,4,0
23170,130911,4,1
23171,130912,4,0
23172,130913,4,1
23173,130914,4,0
23174,130915,4,0
23175,130916,4,0
23176,130917,4,0
23177,130918,4,0
23178,130919,4,1
23179,130920,4,0
23180,130921,4,0
23181,130922,4,0
23182,130923,4,0
23183,130924,4,0
23184,130925,4,0
23185,130926,4,0
23186,130927,4,0
23187,130928,4,0
23188,130929,4,0
23189,130930,4,0
23190,130931,4,0
23191,130932,4,0
23192,130933,4,0
23193,130934,4,0
23194,130935,4,0
23195,130936,4,1
23196,130937,4,0
23197,130938,4,0
23198,130939,4,0
23199,130940,4,0
23200,130941,4,0
23201,130942,4,0
23202,130943,4,0
23203,130944,4,0
23204,130945,4,0
23205,130946,4,0
23206,130947,4,0
23207,130948,4,0
23208,130949,4,0
23209,130950,4,0
23210,130951,4,0
23211,130952,4,0
23212,130953,4,0
23213,130954,4,0
23214,130955,4,0
23215,130956,4,0
23216,130957,4,0
23217,130958,4,0
23218,130959,4,0
23219,130960,4,0
23220,130961,4,0
23221,130962,4,0
23222,130963,4,0
23223,130964,4,0
23224,130965,4,0
23225,130966,4,0
23226,130967,4,0
23227,130968,4,0
23228,130969,4,0
23229,130970,4,0
23230,130971,4,0
23231,130972,4,0
23232,130973,4,0
23233,130974,4,0
23234,130975,4,0
23235,130976,4,0
23236,130977,4,0
23237,130978,4,0
23238,130979,4,0
23239,130980,4,0
23240,130981,4,0
23241,130982,4,0
23242,130983,4,0
23243,130984,4,0
23244,130985,4,0
23245,130986,4,0
23246,130987,4,0
23247,130988,4,0
23248,130989,4,1
23249,130990,4,0
23250,130991,4,0
23251,130992,4,0
23252,130993,4,0
23253,130994,4,0
23254,130995,4,0
23255,130996,4,0
23256,130997,4,0
23257,130998,4,0
23258,130999,4,0
23259,131000,4,0
23260,131001,4,0
23261,131002,4,0
23262,131003,4,0
23263,131004,4,0
23264,131005,4,0
23265,131006,4,0
23266,131007,4,0
23267,131008,4,0
23268,131009,4,0
23269,131010,4,0
23270,131011,4,0
23271,131012,4,0
23272,131013,4,0
23273,131014,4,0
23274,131015,4,0
23275,131016,4,0
23276,131017,4,0
23277,131018,4,0
23278,131019,4,0
23279,131020,4,0
23280,131021,4,0
23281,131022,4,0
23282,131023,4,0
23283,131024,4,0
23284,131025,4,0
23285,131026,4,0
23286,131027,4,0
23287,131028,4,0
23288,131029,4,0
23289,131030,4,0
23290,131031,4,0
23291,131032,4,0
23292,131033,4,0
23293,131034,4,0
23294,131035,4,0
23295,131036,4,0
23296,131037,4,0
23297,131038,4,0
23298,131039,4,0
23299,131040,4,0
23300,131041,4,0
23301,131042,4,0
23302,131043,4,0
23303,131044,4,0
23304,131045,4,0
23305,131046,4,0
23306,131047,4,0
23307,131048,4,0
23308,131049,4,0
23309,131050,4,0
23310,131051,4,0
23311,131052,4,0
23312,131053,4,0
23313,131054,4,0
23314,131055,4,0
23315,131056,4,0
23316,131057,4,0
23317,131058,4,0
23318,131059,4,1
23319,131060,4,0
23320,131061,4,0
23321,131062,4,0
23322,131063,4,0
23323,131064,4,0
23324,131065,4,0
23325,131066,4,0
23326,131067,4,0
23327,131068,4,0
23328,131069,4,0
23329,131070,4,0
23330,131071,4,0
23331,131072,4,0
23332,131073,4,0
23333,131074,4,0
23334,131075,4,0
23335,131076,4,0
23336,131077,4,0
23337,131078,4,0
23338,131079,4,0
23339,131080,4,0
23340,131081,4,0
23341,131082,4,1
23342,131083,4,0
23343,131084,4,0
23344,131085,4,0
23345,131086,4,0
23346,131087,4,0
23347,131088,4,0
23348,131089,4,0
23349,131090,4,0
23350,131091,4,0
23351,131092,4,0
23352,131093,4,0
23353,131094,4,0
23354,131095,4,0
23355,131096,4,0
23356,131097,4,0
23357,131098,4,0
23358,131099,4,0
23359,131100,4,0
23360,131101,4,0
23361,131102,4,0
23362,131103,4,0
23363,131104,4,0
23364,131105,4,0
23365,131106,4,0
23366,131107,4,0
23367,131108,4,0
23368,131109,4,0
23369,131110,4,0
23370,131111,4,0
23371,131112,4,0
23372,131113,4,0
23373,131114,4,0
23374,131115,4,0
23375,131116,4,0
23376,131117,4,0
23377,131118,4,0
23378,131119,4,0
23379,131120,4,0
23380,131121,4,0
23381,131122,4,0
23382,131123,4,0
23383,131124,4,0
23384,131125,4,0
23385,131126,4,0
23386,131127,4,0
23387,131128,4,0
23388,131129,4,0
23389,131130,4,0
23390,131131,4,0
23391,131132,4,0
23392,131133,4,0
23393,131134,4,0
23394,131135,4,0
23395,131136,4,0
23396,131137,4,0
23397,131138,4,0
23398,131139,4,0
23399,131140,4,0
23400,131141,4,0
23401,131142,4,0
23402,131143,4,0
23403,131144,4,0
23404,131145,4,0
23405,131146,4,0
23406,131147,4,0
23407,131148,4,0
23408,131149,4,0
23409,131150,4,0
23410,131151,4,0
23411,131152,4,0
23412,131153,4,0
23413,131154,4,0
23414,131155,4,0
23415,131156,4,0
23416,131157,4,0
23417,131158,4,0
23418,131159,4,0
23419,131160,4,0
23420,131161,4,0
23421,131162,4,0
23422,131163,4,0
23423,131164,4,0
23424,131165,4,0
23425,131166,4,0
23426,131167,4,0
23427,131168,4,0
23428,131169,4,0
23429,131170,4,0
23430,131171,4,0
23431,131172,4,0
23432,131173,4,0
23433,131174,4,0
23434,131175,4,0
23435,131176,4,0
23436,131177,4,0
23437,131178,4,0
23438,131179,4,0
23439,131180,4,0
23440,131181,4,0
23441,131182,4,0
23442,131183,4,0
23443,131184,4,0
23444,131185,4,0
23445,131186,4,0
23446,131187,4,0
23447,131188,4,0
23448,131189,4,0
23449,131190,4,0
23450,131191,4,0
23451,131192,4,0
23452,131193,4,0
23453,131194,4,0
23454,131195,4,0
23455,131196,4,0
23456,131197,4,0
23457,131198,4,0
23458,131199,4,0
23459,131200,4,0
23460,131201,4,0
23461,131202,4,0
23462,131203,4,0
23463,131204,4,0
23464,131205,4,0
23465,131206,4,0
23466,131207,4,0
23467,131208,4,0
23468,131209,4,0
23469,131210,4,0
23470,131211,4,0
23471,131212,4,0
23472,131213,4,0
23473,131214,4,0
23474,131215,4,0
23475,131216,4,0
23476,131217,4,0
23477,131218,4,0
23478,131219,4,0
23479,131220,4,0
23480,131221,4,0
23481,131222,4,0
23482,131223,4,0
23483,131224,4,0
23484,131225,4,0
23485,131226,4,0
23486,131227,4,0
23487,131228,4,0
23488,131229,4,0
23489,131230,4,0
23490,131231,4,0
23491,131232,4,0
23492,131233,4,0
23493,131234,4,0
23494,131235,4,0
23495,131236,4,0
23496,131237,4,0
23497,131238,4,0
23498,131239,4,0
23499,131240,4,0
23500,131241,4,0
23501,131242,4,0
23502,131243,4,0
23503,131244,4,0
23504,131245,4,0
23505,131246,4,0
23506,131247,4,1
23507,131248,4,0
23508,131249,4,0
23509,131250,4,0
23510,131251,4,0
23511,131252,4,0
23512,131253,4,0
23513,131254,4,0
23514,131255,4,0
23515,131256,4,0
23516,131257,4,0
23517,131258,4,0
23518,131259,4,0
23519,131260,4,1
23520,131261,4,0
23521,131262,4,1
23522,131263,4,0
23523,131264,4,0
23524,131265,4,0
23525,131266,4,0
23526,131267,4,0
23527,131268,4,1
23528,131269,4,0
23529,131270,4,0
23530,131271,4,0
23531,131272,4,1
23532,131273,4,0
23533,131274,4,0
23534,131275,4,1
23535,131276,4,0
23536,131277,4,0
23537,131278,4,1
23538,131279,4,1
23539,131280,4,1
23540,131281,4,0
23541,131282,4,1
23542,131283,4,1
23543,131284,4,1
23544,131285,4,0
23545,131286,4,0
23546,131287,4,0
23547,131288,4,0
23548,131289,4,1
23549,131290,4,1
23550,131291,4,0
23551,131292,4,0
23552,131293,4,0
23553,131294,4,1
23554,131295,4,1
23555,131296,4,1
23556,131297,4,1
23557,131298,4,1
23558,131299,4,1
23559,131300,4,0
23560,131301,4,0
23561,131302,4,1
23562,131303,4,0
23563,131304,4,0
23564,131305,4,1
23565,131306,4,0
23566,131307,4,0
23567,131308,4,0
23568,131309,4,1
23569,131310,4,0
23570,131311,4,0
23571,131312,4,0
23572,131313,4,1
23573,131314,4,0
23574,131315,4,0
23575,131316,4,0
23576,131317,4,0
23577,131318,4,0
23578,131319,4,1
23579,131320,4,1
23580,131321,4,1
23581,131322,4,1
23582,131323,4,1
23583,131324,4,1
23584,131325,4,1
23585,131326,4,1
23586,131327,4,1
23587,131328,4,1
23588,131329,4,1
23589,131330,4,0
23590,131331,4,1
23591,131332,4,1
23592,131333,4,0
23593,131334,4,1
23594,131335,4,0
23595,131336,4,1
23596,131337,4,0
23597,131338,4,1
23598,131339,4,0
23599,131340,4,0
23600,131341,4,1
23601,131342,4,1
23602,131343,4,0
23603,131344,4,0
23604,131345,4,0
23605,131346,4,0
23606,131347,4,1
23607,131348,4,1
23608,131349,4,1
23609,131350,4,1
23610,131351,4,1
23611,131352,4,0
23612,131353,4,0
23613,131354,4,1
23614,131355,4,0
23615,131356,4,1
23616,131357,4,0
23617,131358,4,1
23618,131359,4,0
23619,131360,4,1
23620,131361,4,0
23621,131362,4,1
23622,131363,4,1
23623,131364,4,0
23624,131365,4,1
23625,131366,4,1
23626,131367,4,1
23627,131368,4,0
23628,131369,4,1
23629,131370,4,1
23630,131371,4,1
23631,131372,4,0
23632,131373,4,1
23633,131374,4,1
23634,131375,4,1
23635,131376,4,1
23636,131377,4,1
23637,131378,4,1
23638,131379,4,1
23639,131380,4,1
23640,131381,4,1
23641,131382,4,1
23642,131383,4,0
23643,131384,4,1
23644,131385,4,1
23645,131386,4,1
23646,131387,4,1
23647,131388,4,1
23648,131389,4,1
23649,131390,4,1
23650,131391,4,1
23651,131392,4,1
23652,131393,4,1
23653,131394,4,0
23654,131395,4,0
23655,131396,4,1
23656,131397,4,1
23657,131398,4,1
23658,131399,4,1
23659,131400,4,1
23660,131401,4,1
23661,131402,4,1
23662,131403,4,1
23663,131404,4,1
23664,131405,4,1
23665,131406,4,1
23666,131407,4,1
23667,131408,4,0
23668,131409,4,1
23669,131410,4,1
23670,131411,4,1
23671,131412,4,1
23672,131413,4,1
23673,131414,4,1
23674,131415,4,1
23675,131416,4,1
23676,131417,4,0
23677,131418,4,1
23678,131419,4,1
23679,131420,4,1
23680,131421,4,1
23681,131422,4,1
23682,131423,4,1
23683,131424,4,1
23684,131425,4,1
23685,131426,4,1
23686,131427,4,1
23687,131428,4,1
23688,131429,4,1
23689,131430,4,1
23690,131431,4,1
23691,131432,4,1
23692,131433,4,1
23693,131434,4,1
23694,131435,4,1
23695,131436,4,0
23696,131437,4,1
23697,131438,4,1
23698,131439,4,1
23699,131440,4,1
23700,131441,4,0
23701,131442,4,0
23702,131443,4,0
23703,131444,4,0
23704,131445,4,0
23705,131446,4,0
23706,131447,4,0
23707,131448,4,0
23708,131449,4,0
23709,131450,4,0
23710,131451,4,0
23711,131452,4,0
23712,131453,4,0
23713,131454,4,0
23714,131455,4,0
23715,131456,4,0
23716,131457,4,0
23717,131458,4,0
23718,131459,4,0
23719,131460,4,0
23720,131461,4,0
23721,131462,4,0
23722,131463,4,0
23723,131464,4,0
23724,131465,4,0
23725,131466,4,0
23726,131467,4,0
23727,131468,4,0
23728,131469,4,0
23729,131470,4,0
23730,131471,4,0
23731,131472,4,0
23732,131473,4,0
23733,131474,4,0
23734,131475,4,0
23735,131476,4,0
23736,131477,4,0
23737,131478,4,0
23738,131479,4,0
23739,131480,4,0
23740,131481,4,0
23741,131482,4,0
23742,131483,4,0
23743,131484,4,0
23744,131485,4,0
23745,131486,4,0
23746,131487,4,0
23747,131488,4,0
23748,131489,4,0
23749,131490,4,0
23750,131491,4,0
23751,131492,4,0
23752,131493,4,0
23753,131494,4,0
23754,131495,4,1
23755,131496,4,1
23756,131497,4,1
23757,131498,4,1
23758,131499,4,1
23759,131500,4,1
23760,131501,4,1
23761,131502,4,1
23762,131503,4,0
23763,131504,4,1
23764,131505,4,1
23765,131506,4,1
23766,131507,4,1
23767,131508,4,1
23768,131509,4,1
23769,131510,4,1
23770,131511,4,1
23771,131512,4,1
23772,131513,4,1
23773,131514,4,1
23774,131515,4,1
23775,131516,4,1
23776,131517,4,1
23777,131518,4,1
23778,131519,4,1
23779,131520,4,1
23780,131521,4,1
23781,131522,4,1
23782,131523,4,1
23783,131524,4,1
23784,131525,4,1
23785,131526,4,1
23786,131527,4,1
23787,131528,4,1
23788,131529,4,1
23789,131530,4,1
23790,131531,4,1
23791,131532,4,1
23792,131533,4,1
23793,131534,4,1
23794,131535,4,1
23795,131536,4,1
23796,131537,4,1
23797,131538,4,1
23798,131539,4,0
23799,131540,4,1
23800,131541,4,1
23801,131542,4,0
23802,131543,4,1
23803,131544,4,1
23804,131545,4,1
23805,131546,4,0
23806,131547,4,0
23807,131548,4,1
23808,131549,4,1
23809,131550,4,1
23810,131551,4,1
23811,131552,4,1
23812,131553,4,1
23813,131554,4,0
23814,131555,4,1
23815,131556,4,1
23816,131557,4,1
23817,131558,4,0
23818,131559,4,0
23819,131560,4,0
23820,131561,4,1
23821,131562,4,1
23822,131563,4,1
23823,131564,4,1
23824,131565,4,1
23825,131566,4,1
23826,131567,4,1
23827,131568,4,0
23828,131569,4,1
23829,131570,4,0
23830,131571,4,1
23831,131572,4,1
23832,131573,4,0
23833,131574,4,0
23834,131575,4,1
23835,131576,4,1
23836,131577,4,1
23837,131578,4,1
23838,131579,4,0
23839,131580,4,0
23840,131581,4,1
23841,131582,4,1
23842,131583,4,0
23843,131584,4,0
23844,131585,4,1
23845,131586,4,1
23846,131587,4,0
23847,131588,4,1
23848,131589,4,0
23849,131590,4,1
23850,131591,4,0
23851,131592,4,0
23852,131593,4,0
23853,131594,4,1
23854,131595,4,1
23855,131596,4,0
23856,131597,4,1
23857,131598,4,1
23858,131599,4,1
23859,131600,4,1
23860,131601,4,0
23861,131602,4,0
23862,131603,4,1
23863,131604,4,0
23864,131605,4,1
23865,131606,4,1
23866,131607,4,0
23867,131608,4,1
23868,131609,4,0
23869,131610,4,1
23870,131611,4,0
23871,131612,4,1
23872,131613,4,0
23873,131614,4,0
23874,131615,4,0
23875,131616,4,0
23876,131617,4,1
23877,131618,4,1
23878,131619,4,0
23879,131620,4,0
23880,131621,4,1
23881,131622,4,0
23882,131623,4,0
23883,131624,4,1
23884,131625,4,1
23885,131626,4,1
23886,131627,4,0
23887,131628,4,0
23888,131629,4,1
23889,131630,4,1
23890,131631,4,0
23891,131632,4,0
23892,131633,4,1
23893,131634,4,1
23894,131635,4,0
23895,131636,4,0
23896,131637,4,0
23897,131638,4,0
23898,131639,4,0
23899,131640,4,0
23900,131641,4,1
23901,131642,4,0
23902,131643,4,0
23903,131644,4,1
23904,131645,4,0
23905,131646,4,1
23906,131647,4,0
23907,131648,4,0
23908,131649,4,0
23909,131650,4,0
23910,131651,4,0
23911,131652,4,0
23912,131653,4,0
23913,131654,4,0
23914,131655,4,0
23915,131656,4,0
23916,131657,4,0
23917,131658,4,0
23918,131659,4,0
23919,131660,4,0
23920,131661,4,0
23921,131662,4,0
23922,131663,4,0
23923,131664,4,1
23924,131665,4,0
23925,131666,4,0
23926,131667,4,0
23927,131668,4,0
23928,131669,4,0
23929,131670,4,0
23930,131671,4,0
23931,131672,4,0
23932,131673,4,0
23933,131674,4,0
23934,131675,4,1
23935,131676,4,1
23936,131677,4,0
23937,131678,4,0
23938,131679,4,0
23939,131680,4,1
23940,131681,4,0
23941,131682,4,1
23942,131683,4,0
23943,131684,4,0
23944,131685,4,1
23945,131686,4,0
23946,131687,4,0
23947,131688,4,0
23948,131689,4,0
23949,131690,4,0
23950,131691,4,0
23951,131692,4,0
23952,131693,4,0
23953,131694,4,0
23954,131695,4,1
23955,131696,4,0
23956,131697,4,1
23957,131698,4,0
23958,131699,4,1
23959,131700,4,0
23960,131701,4,0
23961,131702,4,0
23962,131703,4,0
23963,131704,4,0
23964,131705,4,0
23965,131706,4,1
23966,131707,4,0
23967,131708,4,0
23968,131709,4,0
23969,131710,4,0
23970,131711,4,0
23971,131712,4,0
23972,131713,4,0
23973,131714,4,0
23974,131715,4,0
23975,131716,4,0
23976,131717,4,0
23977,131718,4,0
23978,131719,4,0
23979,131720,4,0
23980,131721,4,0
23981,131722,4,0
23982,131723,4,0
23983,131724,4,0
23984,131725,4,0
23985,131726,4,0
23986,131727,4,0
23987,131728,4,0
23988,131729,4,0
23989,131730,4,0
23990,131731,4,0
23991,131732,4,0
23992,131733,4,0
23993,131734,4,1
23994,131735,4,0
23995,131736,4,0
23996,131737,4,1
23997,131738,4,0
23998,131739,4,1
23999,131740,4,0
24000,131741,4,0
24001,131742,4,0
24002,131743,4,0
24003,131744,4,0
24004,131745,4,0
24005,131746,4,0
24006,131747,4,0
24007,131748,4,0
24008,131749,4,0
24009,131750,4,0
24010,131751,4,0
24011,131752,4,0
24012,131753,4,1
24013,131754,4,0
24014,131755,4,0
24015,131756,4,0
24016,131757,4,0
24017,131758,4,0
24018,131759,4,0
24019,131760,4,0
24020,131761,4,0
24021,131762,4,0
24022,131763,4,0
24023,131764,4,0
24024,131765,4,0
24025,131766,4,1
24026,131767,4,0
24027,131768,4,0
24028,131769,4,0
24029,131770,4,0
24030,131771,4,0
24031,131772,4,0
24032,131773,4,1
24033,131774,4,0
24034,131775,4,0
24035,131776,4,0
24036,131777,4,0
24037,131778,4,0
24038,131779,4,0
24039,131780,4,0
24040,131781,4,0
24041,131782,4,0
24042,131783,4,0
24043,131784,4,0
24044,131785,4,0
24045,131786,4,0
24046,131787,4,0
24047,131788,4,0
24048,131789,4,0
24049,131790,4,0
24050,131791,4,0
24051,131792,4,0
24052,131793,4,0
24053,131794,4,0
24054,131795,4,0
24055,131796,4,0
24056,131797,4,0
24057,131798,4,0
24058,131799,4,0
24059,131800,4,0
24060,131801,4,0
24061,131802,4,1
24062,131803,4,1
24063,131804,4,0
24064,131805,4,0
24065,131806,4,0
24066,131807,4,0
24067,131808,4,0
24068,131809,4,0
24069,131810,4,0
24070,131811,4,0
24071,131812,4,0
24072,131813,4,0
24073,131814,4,0
24074,131815,4,0
24075,131816,4,0
24076,131817,4,0
24077,131818,4,0
24078,131819,4,0
24079,131820,4,1
24080,131821,4,0
24081,131822,4,0
24082,131823,4,1
24083,131824,4,1
24084,131825,4,0
24085,131826,4,0
24086,131827,4,0
24087,131828,4,0
24088,131829,4,0
24089,131830,4,0
24090,131831,4,0
24091,131832,4,0
24092,131833,4,0
24093,131834,4,0
24094,131835,4,0
24095,131836,4,0
24096,131837,4,0
24097,131838,4,1
24098,131839,4,1
24099,131840,4,0
24100,131841,4,0
24101,131842,4,0
24102,131843,4,0
24103,131844,4,0
24104,131845,4,0
24105,131846,4,0
24106,131847,4,0
24107,131848,4,0
24108,131849,4,0
24109,131850,4,0
24110,131851,4,0
24111,131852,4,0
24112,131853,4,0
24113,131854,4,0
24114,131855,4,0
24115,131856,4,0
24116,131857,4,0
24117,131858,4,0
24118,131859,4,0
24119,131860,4,0
24120,131861,4,0
24121,131862,4,0
24122,131863,4,0
24123,131864,4,0
24124,131865,4,1
24125,131866,4,0
24126,131867,4,0
24127,131868,4,1
24128,131869,4,1
24129,131870,4,1
24130,131871,4,0
24131,131872,4,0
24132,131873,4,0
24133,131874,4,0
24134,131875,4,1
24135,131876,4,0
24136,131877,4,1
24137,131878,4,0
24138,131879,4,0
24139,131880,4,0
24140,131881,4,0
24141,131882,4,0
24142,131883,4,1
24143,131884,4,0
24144,131885,4,0
24145,131886,4,0
24146,131887,4,0
24147,131888,4,0
24148,131889,4,0
24149,131890,4,0
24150,131891,4,1
24151,131892,4,1
24152,131893,4,0
24153,131894,4,1
24154,131895,4,0
24155,131896,4,0
24156,131897,4,0
24157,131898,4,0
24158,131899,4,1
24159,131900,4,0
24160,131901,4,0
24161,131902,4,1
24162,131903,4,0
24163,131904,4,0
24164,131905,4,1
24165,131906,4,1
24166,131907,4,0
24167,131908,4,0
24168,131909,4,0
24169,131910,4,1
24170,131911,4,0
24171,131912,4,1
24172,131913,4,0
24173,131914,4,0
24174,131915,4,0
24175,131916,4,0
24176,131917,4,0
24177,131918,4,0
24178,131919,4,0
24179,131920,4,0
24180,131921,4,0
24181,131922,4,1
24182,131923,4,0
24183,131924,4,0
24184,131925,4,1
24185,131926,4,1
24186,131927,4,1
24187,131928,4,1
24188,131929,4,1
24189,131930,4,0
24190,131931,4,0
24191,131932,4,1
24192,131933,4,0
24193,131934,4,1
24194,131935,4,0
24195,131936,4,1
24196,131937,4,0
24197,131938,4,1
24198,131939,4,0
24199,131940,4,0
24200,131941,4,0
24201,131942,4,0
24202,131943,4,0
24203,131944,4,1
24204,131945,4,0
24205,131946,4,1
24206,131947,4,1
24207,131948,4,1
24208,131949,4,1
24209,131950,4,0
24210,131951,4,0
24211,131952,4,1
24212,131953,4,0
24213,131954,4,0
24214,131955,4,1
24215,131956,4,1
24216,131957,4,0
24217,131958,4,1
24218,131959,4,0
24219,131960,4,1
24220,131961,4,1
24221,131962,4,0
24222,131963,4,1
24223,131964,4,1
24224,131965,4,0
24225,131966,4,1
24226,131967,4,1
24227,131968,4,1
24228,131969,4,0
24229,131970,4,1
24230,131971,4,1
24231,131972,4,1
24232,131973,4,1
24233,131974,4,1
24234,131975,4,1
24235,131976,4,0
24236,131977,4,1
24237,131978,4,1
24238,131979,4,1
24239,131980,4,1
24240,131981,4,0
24241,131982,4,0
24242,131983,4,0
24243,131984,4,0
24244,131985,4,0
24245,131986,4,0
24246,131987,4,1
24247,131988,4,1
24248,131989,4,1
24249,131990,4,0
24250,131991,4,1
24251,131992,4,1
24252,131993,4,0
24253,131994,4,0
24254,131995,4,0
24255,131996,4,0
24256,131997,4,1
24257,131998,4,1
24258,131999,4,1
24259,132000,4,1
24260,132001,4,0
24261,132002,4,0
24262,132003,4,0
24263,132004,4,1
24264,132005,4,1
24265,132006,4,1
24266,132007,4,1
24267,132008,4,0
24268,132009,4,0
24269,132010,4,1
24270,132011,4,1
24271,132012,4,0
24272,132013,4,1
24273,132014,4,0
24274,132015,4,0
24275,132016,4,1
24276,132017,4,1
24277,132018,4,0
24278,132019,4,1
24279,132020,4,1
24280,132021,4,1
24281,132022,4,1
24282,132023,4,0
24283,132024,4,1
24284,132025,4,1
24285,132026,4,1
24286,132027,4,1
24287,132028,4,0
24288,132029,4,1
24289,132030,4,1
24290,132031,4,1
24291,132032,4,0
24292,132033,4,1
24293,132034,4,1
24294,132035,4,1
24295,132036,4,1
24296,132037,4,0
24297,132038,4,1
24298,132039,4,1
24299,132040,4,1
24300,132041,4,1
24301,132042,4,1
24302,132043,4,1
24303,132044,4,1
24304,132045,4,1
24305,132046,4,1
24306,132047,4,1
24307,132048,4,1
24308,132049,4,1
24309,132050,4,1
24310,132051,4,1
24311,132052,4,1
24312,132053,4,1
24313,132054,4,1
24314,132055,4,1
24315,132056,4,1
24316,132057,4,1
24317,132058,4,1
24318,132059,4,1
24319,132060,4,1
24320,132061,4,1
24321,132062,4,1
24322,132063,4,1
24323,132064,4,1
24324,132065,4,1
24325,132066,4,1
24326,132067,4,1
24327,132068,4,1
24328,132069,4,1
24329,132070,4,1
24330,132071,4,1
24331,132072,4,1
24332,132073,4,1
24333,132074,4,1
24334,132075,4,1
24335,132076,4,1
24336,132077,4,1
24337,132078,4,1
24338,132079,4,1
24339,132080,4,1
24340,132081,4,1
24341,132082,4,1
24342,132083,4,1
24343,132084,4,1
24344,132085,4,1
24345,132086,4,1
24346,132087,4,1
24347,132088,4,1
24348,132089,4,1
24349,132090,4,1
24350,132091,4,1
24351,132092,4,1
24352,132093,4,1
24353,132094,4,1
24354,132095,4,1
24355,132096,4,1
24356,132097,4,1
24357,132098,4,1
24358,132099,4,1
24359,132100,4,1
24360,132101,4,0
24361,132102,4,1
24362,132103,4,1
24363,132104,4,1
24364,132105,4,1
24365,132106,4,1
24366,132107,4,1
24367,132108,4,1
24368,132109,4,1
24369,132110,4,1
24370,132111,4,0
24371,132112,4,1
24372,132113,4,1
24373,132114,4,1
24374,132115,4,1
24375,132116,4,1
24376,132117,4,1
24377,132118,4,1
24378,132119,4,1
24379,132120,4,1
24380,132121,4,1
24381,132122,4,1
24382,132123,4,1
24383,132124,4,1
24384,132125,4,1
24385,132126,4,1
24386,132127,4,1
24387,132128,4,1
24388,132129,4,1
24389,132130,4,1
24390,132131,4,1
24391,132132,4,1
24392,132133,4,1
24393,132134,4,1
24394,132135,4,1
24395,132136,4,1
24396,132137,4,1
24397,132138,4,1
24398,132139,4,1
24399,132140,4,1
24400,132141,4,1
24401,132142,4,1
24402,132143,4,1
24403,132144,4,1
24404,132145,4,1
24405,132146,4,1
24406,132147,4,0
24407,132148,4,1
24408,132149,4,1
24409,132150,4,0
24410,132151,4,1
24411,132152,4,0
24412,132153,4,1
24413,132154,4,1
24414,132155,4,1
24415,132156,4,0
24416,132157,4,0
24417,132158,4,1
24418,132159,4,1
24419,132160,4,0
24420,132161,4,0
24421,132162,4,1
24422,132163,4,1
24423,132164,4,0
24424,132165,4,0
24425,132166,4,1
24426,132167,4,1
24427,132168,4,0
24428,132169,4,1
24429,132170,4,1
24430,132171,4,0
24431,132172,4,0
24432,132173,4,1
24433,132174,4,1
24434,132175,4,0
24435,132176,4,1
24436,132177,4,0
24437,132178,4,0
24438,132179,4,1
24439,132180,4,0
24440,132181,4,0
24441,132182,4,1
24442,132183,4,1
24443,132184,4,1
24444,132185,4,0
24445,132186,4,0
24446,132187,4,1
24447,132188,4,1
24448,132189,4,0
24449,132190,4,0
24450,132191,4,0
24451,132192,4,1
24452,132193,4,0
24453,132194,4,1
24454,132195,4,0
24455,132196,4,0
24456,132197,4,0
24457,132198,4,0
24458,132199,4,0
24459,132200,4,1
24460,132201,4,0
24461,132202,4,0
24462,132203,4,1
24463,132204,4,0
24464,132205,4,1
24465,132206,4,1
24466,132207,4,1
24467,132208,4,0
24468,132209,4,0
24469,132210,4,1
24470,132211,4,0
24471,132212,4,0
24472,132213,4,0
24473,132214,4,1
24474,132215,4,1
24475,132216,4,1
24476,132217,4,1
24477,132218,4,0
24478,132219,4,0
24479,132220,4,0
24480,132221,4,0
24481,132222,4,0
24482,132223,4,0
24483,132224,4,0
24484,132225,4,0
24485,132226,4,0
24486,132227,4,1
24487,132228,4,0
24488,132229,4,0
24489,132230,4,0
24490,132231,4,0
24491,132232,4,0
24492,132233,4,0
24493,132234,4,1
24494,132235,4,0
24495,132236,4,0
24496,132237,4,1
24497,132238,4,0
24498,132239,4,1
24499,132240,4,0
24500,132241,4,0
24501,132242,4,0
24502,132243,4,1
24503,132244,4,1
24504,132245,4,0
24505,132246,4,0
24506,132247,4,0
24507,132248,4,0
24508,132249,4,0
24509,132250,4,1
24510,132251,4,0
24511,132252,4,0
24512,132253,4,0
24513,132254,4,0
24514,132255,4,0
24515,132256,4,0
24516,132257,4,0
24517,132258,4,1
24518,132259,4,0
24519,132260,4,0
24520,132261,4,0
24521,132262,4,1
24522,132263,4,0
24523,132264,4,1
24524,132265,4,1
24525,132266,4,0
24526,132267,4,1
24527,132268,4,0
24528,132269,4,0
24529,132270,4,0
24530,132271,4,0
24531,132272,4,0
24532,132273,4,1
24533,132274,4,0
24534,132275,4,0
24535,132276,4,0
24536,132277,4,0
24537,132278,4,1
24538,132279,4,0
24539,132280,4,0
24540,132281,4,0
24541,132282,4,0
24542,132283,4,0
24543,132284,4,0
24544,132285,4,0
24545,132286,4,0
24546,132287,4,0
24547,132288,4,0
24548,132289,4,0
24549,132290,4,0
24550,132291,4,1
24551,132292,4,0
24552,132293,4,0
24553,132294,4,0
24554,132295,4,0
24555,132296,4,0
24556,132297,4,1
24557,132298,4,0
24558,132299,4,1
24559,132300,4,1
24560,132301,4,0
24561,132302,4,0
24562,132303,4,0
24563,132304,4,0
24564,132305,4,0
24565,132306,4,0
24566,132307,4,0
24567,132308,4,0
24568,132309,4,0
24569,132310,4,0
24570,132311,4,1
24571,132312,4,0
24572,132313,4,1
24573,132314,4,1
24574,132315,4,1
24575,132316,4,0
24576,132317,4,0
24577,132318,4,0
24578,132319,4,1
24579,132320,4,0
24580,132321,4,0
24581,132322,4,0
24582,132323,4,0
24583,132324,4,0
24584,132325,4,0
24585,132326,4,0
24586,132327,4,0
24587,132328,4,0
24588,132329,4,1
24589,132330,4,0
24590,132331,4,1
24591,132332,4,0
24592,132333,4,0
24593,132334,4,1
24594,132335,4,0
24595,132336,4,0
24596,132337,4,1
24597,132338,4,0
24598,132339,4,0
24599,132340,4,1
24600,132341,4,0
24601,132342,4,0
24602,132343,4,0
24603,132344,4,0
24604,132345,4,0
24605,132346,4,0
24606,132347,4,0
24607,132348,4,0
24608,132349,4,0
24609,132350,4,0
24610,132351,4,0
24611,132352,4,0
24612,132353,4,0
24613,132354,4,0
24614,132355,4,0
24615,132356,4,0
24616,132357,4,0
24617,132358,4,0
24618,132359,4,0
24619,132360,4,0
24620,132361,4,0
24621,132362,4,0
24622,132363,4,0
24623,132364,4,0
24624,132365,4,0
24625,132366,4,1
24626,132367,4,0
24627,132368,4,0
24628,132369,4,0
24629,132370,4,0
24630,132371,4,1
24631,132372,4,0
24632,132373,4,0
24633,132374,4,0
24634,132375,4,1
24635,132376,4,1
24636,132377,4,0
24637,132378,4,0
24638,132379,4,0
24639,132380,4,0
24640,132381,4,0
24641,132382,4,0
24642,132383,4,1
24643,132384,4,0
24644,132385,4,1
24645,132386,4,0
24646,132387,4,0
24647,132388,4,0
24648,132389,4,0
24649,132390,4,0
24650,132391,4,0
24651,132392,4,0
24652,132393,4,0
24653,132394,4,0
24654,132395,4,0
24655,132396,4,0
24656,132397,4,0
24657,132398,4,0
24658,132399,4,0
24659,132400,4,0
24660,132401,4,0
24661,132402,4,0
24662,132403,4,0
24663,132404,4,0
24664,132405,4,0
24665,132406,4,0
24666,132407,4,0
24667,132408,4,0
24668,132409,4,0
24669,132410,4,0
24670,132411,4,0
24671,132412,4,0
24672,132413,4,0
24673,132414,4,0
24674,132415,4,0
24675,132416,4,0
24676,132417,4,0
24677,132418,4,0
24678,132419,4,0
24679,132420,4,0
24680,132421,4,0
24681,132422,4,0
24682,132423,4,0
24683,132424,4,0
24684,132425,4,0
24685,132426,4,0
24686,132427,4,0
24687,132428,4,0
24688,132429,4,0
24689,132430,4,0
24690,132431,4,0
24691,132432,4,0
24692,132433,4,0
24693,132434,4,0
24694,132435,4,0
24695,132436,4,0
24696,132437,4,0
24697,132438,4,0
24698,132439,4,1
24699,132440,4,0
24700,132441,4,0
24701,132442,4,0
24702,132443,4,0
24703,132444,4,0
24704,132445,4,0
24705,132446,4,0
24706,132447,4,0
24707,132448,4,0
24708,132449,4,0
24709,132450,4,0
24710,132451,4,0
24711,132452,4,0
24712,132453,4,0
24713,132454,4,0
24714,132455,4,0
24715,132456,4,0
24716,132457,4,0
24717,132458,4,0
24718,132459,4,0
24719,132460,4,0
24720,132461,4,0
24721,132462,4,0
24722,132463,4,0
24723,132464,4,0
24724,132465,4,0
24725,132466,4,0
24726,132467,4,0
24727,132468,4,0
24728,132469,4,0
24729,132470,4,0
24730,132471,4,0
24731,132472,4,0
24732,132473,4,0
24733,132474,4,1
24734,132475,4,0
24735,132476,4,0
24736,132477,4,0
24737,132478,4,0
24738,132479,4,0
24739,132480,4,0
24740,132481,4,0
24741,132482,4,0
24742,132483,4,0
24743,132484,4,0
24744,132485,4,0
24745,132486,4,0
24746,132487,4,0
24747,132488,4,0
24748,132489,4,0
24749,132490,4,1
24750,132491,4,0
24751,132492,4,0
24752,132493,4,0
24753,132494,4,0
24754,132495,4,0
24755,132496,4,0
24756,132497,4,0
24757,132498,4,0
24758,132499,4,0
24759,132500,4,0
24760,132501,4,0
24761,132502,4,0
24762,132503,4,0
24763,132504,4,0
24764,132505,4,0
24765,132506,4,0
24766,132507,4,0
24767,132508,4,0
24768,132509,4,0
24769,132510,4,0
24770,132511,4,0
24771,132512,4,0
24772,132513,4,0
24773,132514,4,0
24774,132515,4,0
24775,132516,4,1
24776,132517,4,0
24777,132518,4,1
24778,132519,4,0
24779,132520,4,0
24780,132521,4,0
24781,132522,4,0
24782,132523,4,0
24783,132524,4,1
24784,132525,4,0
24785,132526,4,0
24786,132527,4,0
24787,132528,4,0
24788,132529,4,0
24789,132530,4,0
24790,132531,4,0
24791,132532,4,0
24792,132533,4,0
24793,132534,4,0
24794,132535,4,0
24795,132536,4,0
24796,132537,4,0
24797,132538,4,0
24798,132539,4,1
24799,132540,4,1
24800,132541,4,0
24801,132542,4,0
24802,132543,4,0
24803,132544,4,0
24804,132545,4,0
24805,132546,4,0
24806,132547,4,0
24807,132548,4,0
24808,132549,4,0
24809,132550,4,0
24810,132551,4,0
24811,132552,4,0
24812,132553,4,0
24813,132554,4,0
24814,132555,4,0
24815,132556,4,0
24816,132557,4,0
24817,132558,4,0
24818,132559,4,0
24819,132560,4,0
24820,132561,4,0
24821,132562,4,0
24822,132563,4,0
24823,132564,4,0
24824,132565,4,1
24825,132566,4,0
24826,132567,4,0
24827,132568,4,0
24828,132569,4,1
24829,132570,4,0
24830,132571,4,0
24831,132572,4,0
24832,132573,4,0
24833,132574,4,0
24834,132575,4,0
24835,132576,4,0
24836,132577,4,0
24837,132578,4,0
24838,132579,4,0
24839,132580,4,0
24840,132581,4,0
24841,132582,4,0
24842,132583,4,0
24843,132584,4,0
24844,132585,4,0
24845,132586,4,0
24846,132587,4,0
24847,132588,4,1
24848,132589,4,0
24849,132590,4,0
24850,132591,4,0
24851,132592,4,0
24852,132593,4,0
24853,132594,4,0
24854,132595,4,0
24855,132596,4,0
24856,132597,4,0
24857,132598,4,0
24858,132599,4,1
24859,132600,4,1
24860,132601,4,0
24861,132602,4,0
24862,132603,4,0
24863,132604,4,0
24864,132605,4,0
24865,132606,4,0
24866,132607,4,0
24867,132608,4,1
24868,132609,4,0
24869,132610,4,0
24870,132611,4,1
24871,132612,4,0
24872,132613,4,1
24873,132614,4,0
24874,132615,4,0
24875,132616,4,0
24876,132617,4,0
24877,132618,4,0
24878,132619,4,0
24879,132620,4,0
24880,132621,4,0
24881,132622,4,0
24882,132623,4,0
24883,132624,4,0
24884,132625,4,0
24885,132626,4,0
24886,132627,4,0
24887,132628,4,0
24888,132629,4,0
24889,132630,4,0
24890,132631,4,0
24891,132632,4,0
24892,132633,4,0
24893,132634,4,1
24894,132635,4,0
24895,132636,4,0
24896,132637,4,0
24897,132638,4,0
24898,132639,4,0
24899,132640,4,0
24900,132641,4,1
24901,132642,4,0
24902,132643,4,0
24903,132644,4,0
24904,132645,4,1
24905,132646,4,0
24906,132647,4,0
24907,132648,4,0
24908,132649,4,0
24909,132650,4,0
24910,132651,4,0
24911,132652,4,1
24912,132653,4,0
24913,132654,4,0
24914,132655,4,0
24915,132656,4,0
24916,132657,4,0
24917,132658,4,0
24918,132659,4,1
24919,132660,4,0
24920,132661,4,0
24921,132662,4,0
24922,132663,4,0
24923,132664,4,0
24924,132665,4,0
24925,132666,4,0
24926,132667,4,0
24927,132668,4,0
24928,132669,4,0
24929,132670,4,0
24930,132671,4,0
24931,132672,4,0
24932,132673,4,1
24933,132674,4,0
24934,132675,4,0
24935,132676,4,1
24936,132677,4,0
24937,132678,4,1
24938,132679,4,0
24939,132680,4,0
24940,132681,4,0
24941,132682,4,0
24942,132683,4,0
24943,132684,4,0
24944,132685,4,0
24945,132686,4,0
24946,132687,4,1
24947,132688,4,1
24948,132689,4,0
24949,132690,4,0
24950,132691,4,0
24951,132692,4,0
24952,132693,4,0
24953,132694,4,0
24954,132695,4,1
24955,132696,4,0
24956,132697,4,1
24957,132698,4,0
24958,132699,4,0
24959,132700,4,0
24960,132701,4,0
24961,132702,4,0
24962,132703,4,0
24963,132704,4,0
24964,132705,4,0
24965,132706,4,0
24966,132707,4,0
24967,132708,4,0
24968,132709,4,1
24969,132710,4,1
24970,132711,4,0
24971,132712,4,0
24972,132713,4,0
24973,132714,4,0
24974,132715,4,0
24975,132716,4,0
24976,132717,4,0
24977,132718,4,0
24978,132719,4,0
24979,132720,4,0
24980,132721,4,0
24981,132722,4,1
24982,132723,4,0
24983,132724,4,1
24984,132725,4,0
24985,132726,4,0
24986,132727,4,1
24987,132728,4,0
24988,132729,4,1
24989,132730,4,0
24990,132731,4,0
24991,132732,4,0
24992,132733,4,1
24993,132734,4,1
24994,132735,4,1
24995,132736,4,0
24996,132737,4,1
24997,132738,4,0
24998,132739,4,0
24999,132740,4,0
25000,132741,4,1
25001,132742,4,0
25002,132743,4,0
25003,132744,4,0
25004,132745,4,1
25005,132746,4,0
25006,132747,4,0
25007,132748,4,0
25008,132749,4,0
25009,132750,4,0
25010,132751,4,1
25011,132752,4,1
25012,132753,4,1
25013,132754,4,0
25014,132755,4,1
25015,132756,4,0
25016,132757,4,0
25017,132758,4,0
25018,132759,4,0
25019,132760,4,0
25020,132761,4,0
25021,132762,4,0
25022,132763,4,1
25023,132764,4,1
25024,132765,4,0
25025,132766,4,1
25026,132767,4,1
25027,132768,4,1
25028,132769,4,0
25029,132770,4,1
25030,132771,4,0
25031,132772,4,1
25032,132773,4,0
25033,132774,4,1
25034,132775,4,0
25035,132776,4,0
25036,132777,4,0
25037,132778,4,1
25038,132779,4,0
25039,132780,4,0
25040,132781,4,1
25041,132782,4,0
25042,132783,4,0
25043,132784,4,1
25044,132785,4,0
25045,132786,4,0
25046,132787,4,1
25047,132788,4,0
25048,132789,4,0
25049,132790,4,1
25050,132791,4,0
25051,132792,4,1
25052,132793,4,1
25053,132794,4,0
25054,132795,4,0
25055,132796,4,1
25056,132797,4,0
25057,132798,4,0
25058,132799,4,1
25059,132800,4,1
25060,132801,4,0
25061,132802,4,0
25062,132803,4,1
25063,132804,4,0
25064,132805,4,0
25065,132806,4,0
25066,132807,4,1
25067,132808,4,0
25068,132809,4,0
25069,132810,4,0
25070,132811,4,1
25071,132812,4,0
25072,132813,4,1
25073,132814,4,0
25074,132815,4,0
25075,132816,4,0
25076,132817,4,1
25077,132818,4,0
25078,132819,4,0
25079,132820,4,1
25080,132821,4,1
25081,132822,4,0
25082,132823,4,1
25083,132824,4,1
25084,132825,4,0
25085,132826,4,0
25086,132827,4,0
25087,132828,4,0
25088,132829,4,0
25089,132830,4,1
25090,132831,4,0
25091,132832,4,1
25092,132833,4,1
25093,132834,4,0
25094,132835,4,1
25095,132836,4,0
25096,132837,4,1
25097,132838,4,1
25098,132839,4,1
25099,132840,4,1
25100,132841,4,0
25101,132842,4,0
25102,132843,4,0
25103,132844,4,1
25104,132845,4,1
25105,132846,4,1
25106,132847,4,0
25107,132848,4,0
25108,132849,4,0
25109,132850,4,0
25110,132851,4,1
25111,132852,4,1
25112,132853,4,1
25113,132854,4,1
25114,132855,4,1
25115,132856,4,1
25116,132857,4,1
25117,132858,4,0
25118,132859,4,0
25119,132860,4,1
25120,132861,4,1
25121,132862,4,1
25122,132863,4,1
25123,132864,4,1
25124,132865,4,1
25125,132866,4,1
25126,132867,4,1
25127,132868,4,1
25128,132869,4,1
25129,132870,4,0
25130,132871,4,1
25131,132872,4,1
25132,132873,4,1
25133,132874,4,1
25134,132875,4,1
25135,132876,4,1
25136,132877,4,1
25137,132878,4,1
25138,132879,4,1
25139,132880,4,1
25140,132881,4,1
25141,132882,4,1
25142,132883,4,1
25143,132884,4,1
25144,132885,4,1
25145,132886,4,1
25146,132887,4,1
25147,132888,4,1
25148,132889,4,1
25149,132890,4,1
25150,132891,4,1
25151,132892,4,1
25152,132893,4,1
25153,132894,4,1
25154,132895,4,0
25155,132896,4,0
25156,132897,4,1
25157,132898,4,0
25158,132899,4,0
25159,132900,4,0
25160,132901,4,0
25161,132902,4,1
25162,132903,4,0
25163,132904,4,0
25164,132905,4,0
25165,132906,4,0
25166,132907,4,0
25167,132908,4,1
25168,132909,4,0
25169,132910,4,1
25170,132911,4,0
25171,132912,4,0
25172,132913,4,0
25173,132914,4,0
25174,132915,4,0
25175,132916,4,0
25176,132917,4,0
25177,132918,4,0
25178,132919,4,0
25179,132920,4,0
25180,132921,4,1
25181,132922,4,0
25182,132923,4,0
25183,132924,4,0
25184,132925,4,0
25185,132926,4,0
25186,132927,4,0
25187,132928,4,0
25188,132929,4,0
25189,132930,4,0
25190,132931,4,0
25191,132932,4,0
25192,132933,4,0
25193,132934,4,0
25194,132935,4,0
25195,132936,4,0
25196,132937,4,0
25197,132938,4,0
25198,132939,4,0
25199,132940,4,0
25200,132941,4,0
25201,132942,4,0
25202,132943,4,0
25203,132944,4,0
25204,132945,4,0
25205,132946,4,1
25206,132947,4,0
25207,132948,4,0
25208,132949,4,0
25209,132950,4,0
25210,132951,4,1
25211,132952,4,0
25212,132953,4,0
25213,132954,4,1
25214,132955,4,1
25215,132956,4,0
25216,132957,4,0
25217,132958,4,0
25218,132959,4,0
25219,132960,4,0
25220,132961,4,0
25221,132962,4,0
25222,132963,4,1
25223,132964,4,0
25224,132965,4,1
25225,132966,4,0
25226,132967,4,0
25227,132968,4,0
25228,132969,4,0
25229,132970,4,0
25230,132971,4,0
25231,132972,4,0
25232,132973,4,0
25233,132974,4,1
25234,132975,4,1
25235,132976,4,1
25236,132977,4,0
25237,132978,4,0
25238,132979,4,0
25239,132980,4,0
25240,132981,4,0
25241,132982,4,0
25242,132983,4,1
25243,132984,4,1
25244,132985,4,0
25245,132986,4,1
25246,132987,4,0
25247,132988,4,0
25248,132989,4,0
25249,132990,4,0
25250,132991,4,0
25251,132992,4,0
25252,132993,4,0
25253,132994,4,0
25254,132995,4,0
25255,132996,4,0
25256,132997,4,0
25257,132998,4,0
25258,132999,4,0
25259,133000,4,0
25260,133001,4,0
25261,133002,4,0
25262,133003,4,0
25263,133004,4,1
25264,133005,4,0
25265,133006,4,0
25266,133007,4,0
25267,133008,4,0
25268,133009,4,1
25269,133010,4,0
25270,133011,4,0
25271,133012,4,0
25272,133013,4,0
25273,133014,4,0
25274,133015,4,0
25275,133016,4,1
25276,133017,4,1
25277,133018,4,1
25278,133019,4,0
25279,133020,4,0
25280,133021,4,0
25281,133022,4,0
25282,133023,4,0
25283,133024,4,0
25284,133025,4,0
25285,133026,4,0
25286,133027,4,1
25287,133028,4,0
25288,133029,4,0
25289,133030,4,0
25290,133031,4,0
25291,133032,4,0
25292,133033,4,0
25293,133034,4,1
25294,133035,4,0
25295,133036,4,0
25296,133037,4,0
25297,133038,4,0
25298,133039,4,0
25299,133040,4,0
25300,133041,4,0
25301,133042,4,0
25302,133043,4,1
25303,133044,4,0
25304,133045,4,0
25305,133046,4,0
25306,133047,4,0
25307,133048,4,0
25308,133049,4,0
25309,133050,4,1
25310,133051,4,0
25311,133052,4,0
25312,133053,4,0
25313,133054,4,0
25314,133055,4,1
25315,133056,4,0
25316,133057,4,0
25317,133058,4,0
25318,133059,4,0
25319,133060,4,0
25320,133061,4,0
25321,133062,4,0
25322,133063,4,0
25323,133064,4,0
25324,133065,4,0
25325,133066,4,0
25326,133067,4,0
25327,133068,4,0
25328,133069,4,0
25329,133070,4,1
25330,133071,4,0
25331,133072,4,0
25332,133073,4,1
25333,133074,4,0
25334,133075,4,0
25335,133076,4,1
25336,133077,4,0
25337,133078,4,0
25338,133079,4,0
25339,133080,4,0
25340,133081,4,0
25341,133082,4,0
25342,133083,4,0
25343,133084,4,0
25344,133085,4,0
25345,133086,4,0
25346,133087,4,1
25347,133088,4,0
25348,133089,4,0
25349,133090,4,0
25350,133091,4,0
25351,133092,4,0
25352,133093,4,0
25353,133094,4,0
25354,133095,4,0
25355,133096,4,0
25356,133097,4,0
25357,133098,4,0
25358,133099,4,0
25359,133100,4,0
25360,133101,4,0
25361,133102,4,0
25362,133103,4,0
25363,133104,4,0
25364,133105,4,0
25365,133106,4,0
25366,133107,4,0
25367,133108,4,0
25368,133109,4,0
25369,133110,4,0
25370,133111,4,0
25371,133112,4,0
25372,133113,4,0
25373,133114,4,0
25374,133115,4,0
25375,133116,4,0
25376,133117,4,0
25377,133118,4,0
25378,133119,4,0
25379,133120,4,0
25380,133121,4,0
25381,133122,4,0
25382,133123,4,0
25383,133124,4,0
25384,133125,4,0
25385,133126,4,0
25386,133127,4,0
25387,133128,4,0
25388,133129,4,0
25389,133130,4,0
25390,133131,4,0
25391,133132,4,0
25392,133133,4,1
25393,133134,4,0
25394,133135,4,0
25395,133136,4,0
25396,133137,4,0
25397,133138,4,0
25398,133139,4,0
25399,133140,4,0
25400,133141,4,0
25401,133142,4,0
25402,133143,4,0
25403,133144,4,0
25404,133145,4,0
25405,133146,4,0
25406,133147,4,0
25407,133148,4,0
25408,133149,4,0
25409,133150,4,0
25410,133151,4,0
25411,133152,4,0
25412,133153,4,0
25413,133154,4,0
25414,133155,4,0
25415,133156,4,0
25416,133157,4,0
25417,133158,4,1
25418,133159,4,0
25419,133160,4,0
25420,133161,4,0
25421,133162,4,0
25422,133163,4,0
25423,133164,4,0
25424,133165,4,0
25425,133166,4,0
25426,133167,4,0
25427,133168,4,0
25428,133169,4,0
25429,133170,4,0
25430,133171,4,0
25431,133172,4,0
25432,133173,4,0
25433,133174,4,0
25434,133175,4,0
25435,133176,4,0
25436,133177,4,0
25437,133178,4,0
25438,133179,4,0
25439,133180,4,1
25440,133181,4,0
25441,133182,4,0
25442,133183,4,0
25443,133184,4,0
25444,133185,4,0
25445,133186,4,0
25446,133187,4,0
25447,133188,4,0
25448,133189,4,0
25449,133190,4,0
25450,133191,4,0
25451,133192,4,0
25452,133193,4,0
25453,133194,4,0
25454,133195,4,0
25455,133196,4,0
25456,133197,4,0
25457,133198,4,0
25458,133199,4,0
25459,133200,4,0
25460,133201,4,0
25461,133202,4,0
25462,133203,4,0
25463,133204,4,0
25464,133205,4,0
25465,133206,4,0
25466,133207,4,0
25467,133208,4,0
25468,133209,4,0
25469,133210,4,0
25470,133211,4,0
25471,133212,4,0
25472,133213,4,0
25473,133214,4,0
25474,133215,4,0
25475,133216,4,0
25476,133217,4,0
25477,133218,4,0
25478,133219,4,0
25479,133220,4,1
25480,133221,4,0
25481,133222,4,0
25482,133223,4,0
25483,133224,4,0
25484,133225,4,0
25485,133226,4,0
25486,133227,4,0
25487,133228,4,0
25488,133229,4,1
25489,133230,4,1
25490,133231,4,0
25491,133232,4,0
25492,133233,4,0
25493,133234,4,0
25494,133235,4,0
25495,133236,4,0
25496,133237,4,0
25497,133238,4,0
25498,133239,4,0
25499,133240,4,0
25500,133241,4,0
25501,133242,4,0
25502,133243,4,0
25503,133244,4,0
25504,133245,4,0
25505,133246,4,0
25506,133247,4,0
25507,133248,4,0
25508,133249,4,0
25509,133250,4,0
25510,133251,4,0
25511,133252,4,0
25512,133253,4,0
25513,133254,4,0
25514,133255,4,0
25515,133256,4,0
25516,133257,4,0
25517,133258,4,0
25518,133259,4,0
25519,133260,4,0
25520,133261,4,0
25521,133262,4,0
25522,133263,4,0
25523,133264,4,1
25524,133265,4,0
25525,133266,4,0
25526,133267,4,0
25527,133268,4,1
25528,133269,4,1
25529,133270,4,0
25530,133271,4,0
25531,133272,4,0
25532,133273,4,0
25533,133274,4,0
25534,133275,4,0
25535,133276,4,0
25536,133277,4,0
25537,133278,4,0
25538,133279,4,0
25539,133280,4,0
25540,133281,4,0
25541,133282,4,0
25542,133283,4,0
25543,133284,4,0
25544,133285,4,0
25545,133286,4,1
25546,133287,4,1
25547,133288,4,0
25548,133289,4,0
25549,133290,4,0
25550,133291,4,0
25551,133292,4,0
25552,133293,4,0
25553,133294,4,1
25554,133295,4,0
25555,133296,4,0
25556,133297,4,1
25557,133298,4,1
25558,133299,4,0
25559,133300,4,1
25560,133301,4,0
25561,133302,4,1
25562,133303,4,0
25563,133304,4,0
25564,133305,4,0
25565,133306,4,0
25566,133307,4,0
25567,133308,4,0
25568,133309,4,1
25569,133310,4,0
25570,133311,4,0
25571,133312,4,0
25572,133313,4,0
25573,133314,4,1
25574,133315,4,0
25575,133316,4,1
25576,133317,4,1
25577,133318,4,1
25578,133319,4,1
25579,133320,4,0
25580,133321,4,0
25581,133322,4,0
25582,133323,4,1
25583,133324,4,0
25584,133325,4,1
25585,133326,4,0
25586,133327,4,0
25587,133328,4,0
25588,133329,4,0
25589,133330,4,0
25590,133331,4,0
25591,133332,4,0
25592,133333,4,0
25593,133334,4,0
25594,133335,4,1
25595,133336,4,0
25596,133337,4,1
25597,133338,4,1
25598,133339,4,0
25599,133340,4,1
25600,133341,4,1
25601,133342,4,1
25602,133343,4,0
25603,133344,4,1
25604,133345,4,0
25605,133346,4,1
25606,133347,4,0
25607,133348,4,0
25608,133349,4,1
25609,133350,4,1
25610,133351,4,0
25611,133352,4,1
25612,133353,4,0
25613,133354,4,0
25614,133355,4,0
25615,133356,4,1
25616,133357,4,1
25617,133358,4,0
25618,133359,4,0
25619,133360,4,0
25620,133361,4,0
25621,133362,4,0
25622,133363,4,1
25623,133364,4,0
25624,133365,4,0
25625,133366,4,0
25626,133367,4,0
25627,133368,4,0
25628,133369,4,0
25629,133370,4,0
25630,133371,4,0
25631,133372,4,1
25632,133373,4,1
25633,133374,4,0
25634,133375,4,0
25635,133376,4,0
25636,133377,4,1
25637,133378,4,0
25638,133379,4,0
25639,133380,4,1
25640,133381,4,0
25641,133382,4,1
25642,133383,4,0
25643,133384,4,1
25644,133385,4,1
25645,133386,4,0
25646,133387,4,1
25647,133388,4,1
25648,133389,4,1
25649,133390,4,0
25650,133391,4,0
25651,133392,4,1
25652,133393,4,0
25653,133394,4,0
25654,133395,4,1
25655,133396,4,0
25656,133397,4,1
25657,133398,4,1
25658,133399,4,0
25659,133400,4,0
25660,133401,4,0
25661,133402,4,0
25662,133403,4,1
25663,133404,4,1
25664,133405,4,1
25665,133406,4,0
25666,133407,4,1
25667,133408,4,1
25668,133409,4,0
25669,133410,4,0
25670,133411,4,1
25671,133412,4,0
25672,133413,4,1
25673,133414,4,0
25674,133415,4,0
25675,133416,4,0
25676,133417,4,0
25677,133418,4,1
25678,133419,4,1
25679,133420,4,1
25680,133421,4,1
25681,133422,4,1
25682,133423,4,0
25683,133424,4,1
25684,133425,4,1
25685,133426,4,1
25686,133427,4,0
25687,133428,4,0
25688,133429,4,1
25689,133430,4,1
25690,133431,4,0
25691,133432,4,0
25692,133433,4,1
25693,133434,4,1
25694,133435,4,0
25695,133436,4,0
25696,133437,4,0
25697,133438,4,0
25698,133439,4,0
25699,133440,4,0
25700,133441,4,1
25701,133442,4,1
25702,133443,4,0
25703,133444,4,0
25704,133445,4,1
25705,133446,4,0
25706,133447,4,0
25707,133448,4,0
25708,133449,4,0
25709,133450,4,1
25710,133451,4,0
25711,133452,4,0
25712,133453,4,0
25713,133454,4,0
25714,133455,4,0
25715,133456,4,0
25716,133457,4,0
25717,133458,4,0
25718,133459,4,0
25719,133460,4,0
25720,133461,4,0
25721,133462,4,0
25722,133463,4,0
25723,133464,4,0
25724,133465,4,0
25725,133466,4,0
25726,133467,4,0
25727,133468,4,0
25728,133469,4,0
25729,133470,4,0
25730,133471,4,0
25731,133472,4,0
25732,133473,4,0
25733,133474,4,0
25734,133475,4,0
25735,133476,4,0
25736,133477,4,0
25737,133478,4,0
25738,133479,4,0
25739,133480,4,0
25740,133481,4,1
25741,133482,4,1
25742,133483,4,0
25743,133484,4,0
25744,133485,4,0
25745,133486,4,0
25746,133487,4,0
25747,133488,4,0
25748,133489,4,0
25749,133490,4,0
25750,133491,4,0
25751,133492,4,0
25752,133493,4,1
25753,133494,4,0
25754,133495,4,0
25755,133496,4,0
25756,133497,4,0
25757,133498,4,0
25758,133499,4,0
25759,133500,4,0
25760,133501,4,0
25761,133502,4,0
25762,133503,4,0
25763,133504,4,1
25764,133505,4,0
25765,133506,4,0
25766,133507,4,0
25767,133508,4,0
25768,133509,4,0
25769,133510,4,0
25770,133511,4,0
25771,133512,4,0
25772,133513,4,0
25773,133514,4,0
25774,133515,4,1
25775,133516,4,0
25776,133517,4,0
25777,133518,4,0
25778,133519,4,0
25779,133520,4,0
25780,133521,4,0
25781,133522,4,0
25782,133523,4,0
25783,133524,4,1
25784,133525,4,0
25785,133526,4,0
25786,133527,4,0
25787,133528,4,0
25788,133529,4,0
25789,133530,4,0
25790,133531,4,0
25791,133532,4,0
25792,133533,4,0
25793,133534,4,0
25794,133535,4,1
25795,133536,4,0
25796,133537,4,0
25797,133538,4,0
25798,133539,4,0
25799,133540,4,0
25800,133541,4,0
25801,133542,4,0
25802,133543,4,0
25803,133544,4,0
25804,133545,4,0
25805,133546,4,0
25806,133547,4,1
25807,133548,4,0
25808,133549,4,0
25809,133550,4,0
25810,133551,4,1
25811,133552,4,0
25812,133553,4,0
25813,133554,4,0
25814,133555,4,0
25815,133556,4,0
25816,133557,4,0
25817,133558,4,0
25818,133559,4,0
25819,133560,4,0
25820,133561,4,1
25821,133562,4,0
25822,133563,4,0
25823,133564,4,0
25824,133565,4,0
25825,133566,4,0
25826,133567,4,1
25827,133568,4,0
25828,133569,4,0
25829,133570,4,0
25830,133571,4,0
25831,133572,4,0
25832,133573,4,0
25833,133574,4,0
25834,133575,4,0
25835,133576,4,0
25836,133577,4,0
25837,133578,4,0
25838,133579,4,0
25839,133580,4,0
25840,133581,4,0
25841,133582,4,0
25842,133583,4,0
25843,133584,4,0
25844,133585,4,0
25845,133586,4,0
25846,133587,4,0
25847,133588,4,0
25848,133589,4,0
25849,133590,4,0
25850,133591,4,0
25851,133592,4,0
25852,133593,4,0
25853,133594,4,0
25854,133595,4,0
25855,133596,4,0
25856,133597,4,0
25857,133598,4,0
25858,133599,4,0
25859,133600,4,0
25860,133601,4,0
25861,133602,4,0
25862,133603,4,0
25863,133604,4,0
25864,133605,4,0
25865,133606,4,0
25866,133607,4,0
25867,133608,4,0
25868,133609,4,0
25869,133610,4,0
25870,133611,4,0
25871,133612,4,0
25872,133613,4,0
25873,133614,4,0
25874,133615,4,0
25875,133616,4,0
25876,133617,4,0
25877,133618,4,0
25878,133619,4,0
25879,133620,4,0
25880,133621,4,0
25881,133622,4,0
25882,133623,4,0
25883,133624,4,0
25884,133625,4,0
25885,133626,4,0
25886,133627,4,0
25887,133628,4,0
25888,133629,4,0
25889,133630,4,0
25890,133631,4,0
25891,133632,4,0
25892,133633,4,1
25893,133634,4,0
25894,133635,4,0
25895,133636,4,0
25896,133637,4,0
25897,133638,4,0
25898,133639,4,0
25899,133640,4,0
25900,133641,4,0
25901,133642,4,0
25902,133643,4,0
25903,133644,4,0
25904,133645,4,0
25905,133646,4,0
25906,133647,4,0
25907,133648,4,0
25908,133649,4,0
25909,133650,4,0
25910,133651,4,0
25911,133652,4,0
25912,133653,4,0
25913,133654,4,0
25914,133655,4,0
25915,133656,4,0
25916,133657,4,0
25917,133658,4,0
25918,133659,4,0
25919,133660,4,0
25920,133661,4,0
25921,133662,4,0
25922,133663,4,0
25923,133664,4,0
25924,133665,4,0
25925,133666,4,0
25926,133667,4,0
25927,133668,4,0
25928,133669,4,0
25929,133670,4,0
25930,133671,4,0
25931,133672,4,0
25932,133673,4,0
25933,133674,4,0
25934,133675,4,0
25935,133676,4,1
25936,133677,4,0
25937,133678,4,0
25938,133679,4,0
25939,133680,4,0
25940,133681,4,0
25941,133682,4,0
25942,133683,4,0
25943,133684,4,0
25944,133685,4,0
25945,133686,4,1
25946,133687,4,0
25947,133688,4,0
25948,133689,4,0
25949,133690,4,1
25950,133691,4,0
25951,133692,4,0
25952,133693,4,0
25953,133694,4,0
25954,133695,4,0
25955,133696,4,0
25956,133697,4,1
25957,133698,4,0
25958,133699,4,0
25959,133700,4,0
25960,133701,4,0
25961,133702,4,0
25962,133703,4,1
25963,133704,4,0
25964,133705,4,0
25965,133706,4,0
25966,133707,4,0
25967,133708,4,0
25968,133709,4,0
25969,133710,4,0
25970,133711,4,0
25971,133712,4,0
25972,133713,4,0
25973,133714,4,0
25974,133715,4,0
25975,133716,4,0
25976,133717,4,0
25977,133718,4,1
25978,133719,4,1
25979,133720,4,0
25980,133721,4,0
25981,133722,4,0
25982,133723,4,0
25983,133724,4,0
25984,133725,4,0
25985,133726,4,0
25986,133727,4,1
25987,133728,4,1
25988,133729,4,0
25989,133730,4,0
25990,133731,4,0
25991,133732,4,1
25992,133733,4,0
25993,133734,4,0
25994,133735,4,0
25995,133736,4,0
25996,133737,4,0
25997,133738,4,0
25998,133739,4,0
25999,133740,4,0
26000,133741,4,0
26001,133742,4,1
26002,133743,4,1
26003,133744,4,0
26004,133745,4,0
26005,133746,4,0
26006,133747,4,1
26007,133748,4,0
26008,133749,4,0
26009,133750,4,1
26010,133751,4,1
26011,133752,4,1
26012,133753,4,0
26013,133754,4,0
26014,133755,4,0
26015,133756,4,1
26016,133757,4,0
26017,133758,4,1
26018,133759,4,0
26019,133760,4,0
26020,133761,4,1
26021,133762,4,1
26022,133763,4,1
26023,133764,4,0
26024,133765,4,0
26025,133766,4,1
26026,133767,4,0
26027,133768,4,0
26028,133769,4,0
26029,133770,4,1
26030,133771,4,1
26031,133772,4,0
26032,133773,4,1
26033,133774,4,1
26034,133775,4,1
26035,133776,4,1
