,subtaskID,datapointID,answer
0,1,1,143
1,2,2,1646
2,3,1596,0
3,3,4432,1
4,3,486,0
5,3,6503,2
6,3,4650,1
7,3,5925,1
8,3,6407,2
9,3,6296,2
10,3,8374,2
11,3,2833,0
12,3,1529,0
13,3,393,0
14,3,2908,0
15,3,2172,0
16,3,6849,2
17,3,1191,0
18,3,7465,2
19,3,1041,0
20,3,4409,1
21,3,5980,1
22,3,1865,0
23,3,505,0
24,3,788,0
25,3,4728,1
26,3,3646,1
27,3,5238,1
28,3,6961,2
29,3,4403,1
30,3,8311,2
31,3,4306,1
32,3,4042,1
33,3,2528,0
34,3,8033,2
35,3,2368,0
36,3,8589,2
37,3,7666,2
38,3,5837,1
39,3,7902,2
40,3,4641,1
41,3,4779,1
42,3,4508,1
43,3,3941,1
44,3,6756,2
45,3,2614,0
46,3,466,0
47,3,4090,1
48,3,81,0
49,3,5167,1
50,3,8098,2
51,3,3693,1
52,3,7071,2
53,3,5514,1
54,3,4710,1
55,3,4731,1
56,3,4193,1
57,3,8569,2
58,3,2915,0
59,3,6712,2
60,3,7802,2
61,3,6109,2
62,3,6685,2
63,3,1542,0
64,3,1313,0
65,3,6108,2
66,3,3408,1
67,3,343,0
68,3,191,0
69,3,108,0
70,3,3370,1
71,3,7209,2
72,3,5237,1
73,3,1489,0
74,3,8936,2
75,3,8306,2
76,3,7861,2
77,3,1689,0
78,3,7439,2
79,3,2123,0
80,3,4794,1
81,3,3571,1
82,3,2058,0
83,3,7269,2
84,3,5527,1
85,3,2353,0
86,3,8939,2
87,3,6645,2
88,3,2103,0
89,3,5694,1
90,3,7139,2
91,3,3764,1
92,3,5085,1
93,3,154,0
94,3,785,0
95,3,2047,0
96,3,7713,2
97,3,1601,0
98,3,1582,0
99,3,291,0
100,3,1182,0
101,3,8480,2
102,3,1534,0
103,3,4108,1
104,3,5600,1
105,3,2421,0
106,3,7097,2
107,3,4021,1
108,3,5772,1
109,3,4176,1
110,3,3787,1
111,3,4324,1
112,3,2789,0
113,3,6330,2
114,3,7544,2
115,3,3782,1
116,3,1769,0
117,3,6727,2
118,3,8938,2
119,3,5624,1
120,3,2350,0
121,3,3851,1
122,3,4459,1
123,3,1015,0
124,3,1842,0
125,3,7822,2
126,3,446,0
127,3,7233,2
128,3,1858,0
129,3,581,0
130,3,5346,1
131,3,6928,2
132,3,8483,2
133,3,1343,0
134,3,8029,2
135,3,1729,0
136,3,5212,1
137,3,6096,2
138,3,3811,1
139,3,3256,1
140,3,498,0
141,3,2604,0
142,3,287,0
143,3,2139,0
144,3,3607,1
145,3,953,0
146,3,8523,2
147,3,8167,2
148,3,6234,2
149,3,2913,0
150,3,6674,2
151,3,1868,0
152,3,816,0
153,3,8023,2
154,3,2230,0
155,3,6743,2
156,3,8081,2
157,3,7635,2
158,3,3460,1
159,3,2150,0
160,3,7265,2
161,3,5383,1
162,3,7566,2
163,3,7954,2
164,3,2574,0
165,3,6611,2
166,3,7095,2
167,3,8013,2
168,3,3283,1
169,3,5632,1
170,3,6681,2
171,3,2449,0
172,3,4766,1
173,3,7156,2
174,3,7872,2
175,3,5802,1
176,3,8667,2
177,3,2266,0
178,3,2264,0
179,3,383,0
180,3,5450,1
181,3,7536,2
182,3,6393,2
183,3,1027,0
184,3,199,0
185,3,3334,1
186,3,786,0
187,3,8541,2
188,3,7021,2
189,3,2095,0
190,3,1500,0
191,3,5051,1
192,3,7284,2
193,3,5931,1
194,3,2400,0
195,3,7750,2
196,3,5091,1
197,3,5953,1
198,3,3207,1
199,3,2176,0
200,3,6577,2
201,3,5964,1
202,3,8722,2
203,3,6870,2
204,3,8862,2
205,3,4264,1
206,3,1916,0
207,3,5884,1
208,3,6097,2
209,3,5080,1
210,3,7423,2
211,3,2823,0
212,3,2403,0
213,3,4079,1
214,3,2164,0
215,3,6784,2
216,3,56,0
217,3,6863,2
218,3,267,0
219,3,1520,0
220,3,8357,2
221,3,1898,0
222,3,7805,2
223,3,6357,2
224,3,1622,0
225,3,8564,2
226,3,6041,2
227,3,6751,2
228,3,1762,0
229,3,8493,2
230,3,982,0
231,3,939,0
232,3,1428,0
233,3,2393,0
234,3,1305,0
235,3,3221,1
236,3,728,0
237,3,2858,0
238,3,6437,2
239,3,1087,0
240,3,3355,1
241,3,8224,2
242,3,4784,1
243,3,657,0
244,3,8799,2
245,3,2056,0
246,3,3222,1
247,3,4161,1
248,3,5409,1
249,3,4374,1
250,3,7086,2
251,3,588,0
252,3,2949,0
253,3,6512,2
254,3,8402,2
255,3,5150,1
256,3,3629,1
257,3,7298,2
258,3,991,0
259,3,671,0
260,3,4271,1
261,3,8997,2
262,3,3672,1
263,3,3913,1
264,3,8697,2
265,3,8847,2
266,3,1957,0
267,3,6818,2
268,3,5541,1
269,3,5329,1
270,3,1114,0
271,3,4890,1
272,3,8409,2
273,3,1342,0
274,3,6553,2
275,3,4319,1
276,3,8375,2
277,3,7325,2
278,3,4317,1
279,3,3254,1
280,3,4143,1
281,3,3340,1
282,3,3731,1
283,3,4775,1
284,3,2971,0
285,3,4226,1
286,3,3316,1
287,3,2987,0
288,3,7603,2
289,3,5872,1
290,3,5593,1
291,3,1958,0
292,3,2402,0
293,3,2098,0
294,3,8972,2
295,3,3119,1
296,3,1020,0
297,3,5961,1
298,3,4629,1
299,3,5502,1
300,3,1537,0
301,3,4186,1
302,3,4767,1
303,3,6769,2
304,3,3130,1
305,3,847,0
306,3,2245,0
307,3,7556,2
308,3,7674,2
309,3,8630,2
310,3,1194,0
311,3,3716,1
312,3,8792,2
313,3,155,0
314,3,3522,1
315,3,6011,2
316,3,483,0
317,3,2911,0
318,3,7495,2
319,3,8537,2
320,3,123,0
321,3,5207,1
322,3,1424,0
323,3,386,0
324,3,3580,1
325,3,2873,0
326,3,4805,1
327,3,4771,1
328,3,6747,2
329,3,3933,1
330,3,7755,2
331,3,2361,0
332,3,5690,1
333,3,2663,0
334,3,7227,2
335,3,5940,1
336,3,7749,2
337,3,6796,2
338,3,477,0
339,3,1077,0
340,3,7893,2
341,3,1348,0
342,3,8547,2
343,3,3405,1
344,3,6061,2
345,3,3901,1
346,3,128,0
347,3,7214,2
348,3,436,0
349,3,8888,2
350,3,2446,0
351,3,113,0
352,3,6480,2
353,3,8684,2
354,3,6874,2
355,3,5474,1
356,3,5666,1
357,3,6898,2
358,3,4282,1
359,3,2766,0
360,3,5750,1
361,3,5171,1
362,3,4965,1
363,3,799,0
364,3,4513,1
365,3,3910,1
366,3,7681,2
367,3,3021,1
368,3,1103,0
369,3,5987,1
370,3,6242,2
371,3,3988,1
372,3,7155,2
373,3,3525,1
374,3,281,0
375,3,7417,2
376,3,579,0
377,3,842,0
378,3,3694,1
379,3,18,0
380,3,1974,0
381,3,1561,0
382,3,260,0
383,3,7593,2
384,3,8254,2
385,3,4920,1
386,3,8113,2
387,3,1811,0
388,3,908,0
389,3,6629,2
390,3,6773,2
391,3,3519,1
392,3,3181,1
393,3,5153,1
394,3,1677,0
395,3,5430,1
396,3,1014,0
397,3,3149,1
398,3,5677,1
399,3,4497,1
400,3,2186,0
401,3,7185,2
402,3,7083,2
403,3,1973,0
404,3,8935,2
405,3,3273,1
406,3,6601,2
407,3,2292,0
408,3,770,0
409,3,7300,2
410,3,7492,2
411,3,6785,2
412,3,4378,1
413,3,2692,0
414,3,1290,0
415,3,6834,2
416,3,5517,1
417,3,1417,0
418,3,7962,2
419,3,2916,0
420,3,1237,0
421,3,5273,1
422,3,4934,1
423,3,8703,2
424,3,3139,1
425,3,6566,2
426,3,3796,1
427,3,3390,1
428,3,2469,0
429,3,8344,2
430,3,4866,1
431,3,4416,1
432,3,8771,2
433,3,4381,1
434,3,174,0
435,3,6726,2
436,3,3458,1
437,3,4321,1
438,3,103,0
439,3,4056,1
440,3,7563,2
441,3,4371,1
442,3,2811,0
443,3,2787,0
444,3,1954,0
445,3,6162,2
446,3,1460,0
447,3,4041,1
448,3,4913,1
449,3,7309,2
450,3,1334,0
451,3,2627,0
452,3,8233,2
453,3,7444,2
454,3,1232,0
455,3,3414,1
456,3,5161,1
457,3,1485,0
458,3,5441,1
459,3,3409,1
460,3,3531,1
461,3,3310,1
462,3,5448,1
463,3,6465,2
464,3,3868,1
465,3,6569,2
466,3,7914,2
467,3,1282,0
468,3,5132,1
469,3,1829,0
470,3,6717,2
471,3,3521,1
472,3,8183,2
473,3,2121,0
474,3,2947,0
475,3,8991,2
476,3,4894,1
477,3,3107,1
478,3,1496,0
479,3,714,0
480,3,1118,0
481,3,402,0
482,3,1124,0
483,3,7567,2
484,3,6515,2
485,3,4827,1
486,3,5071,1
487,3,2550,0
488,3,2310,0
489,3,5364,1
490,3,8679,2
491,3,8270,2
492,3,4921,1
493,3,8478,2
494,3,1423,0
495,3,5041,1
496,3,3317,1
497,3,6151,2
498,3,6026,2
499,3,2501,0
500,3,4177,1
501,3,61,0
502,3,7288,2
503,3,2901,0
504,3,8210,2
505,3,4473,1
506,3,700,0
507,3,3045,1
508,3,5885,1
509,3,8423,2
510,3,8791,2
511,3,1558,0
512,3,5853,1
513,3,8875,2
514,3,1900,0
515,3,6545,2
516,3,5129,1
517,3,2867,0
518,3,6572,2
519,3,604,0
520,3,6260,2
521,3,339,0
522,3,5240,1
523,3,8913,2
524,3,8536,2
525,3,4724,1
526,3,8373,2
527,3,2233,0
528,3,4758,1
529,3,8712,2
530,3,5602,1
531,3,2994,0
532,3,662,0
533,3,8071,2
534,3,5719,1
535,3,1966,0
536,3,7655,2
537,3,6264,2
538,3,7324,2
539,3,6711,2
540,3,1549,0
541,3,3485,1
542,3,4008,1
543,3,2508,0
544,3,552,0
545,3,6458,2
546,3,1771,0
547,3,6651,2
548,3,3466,1
549,3,5962,1
550,3,2866,0
551,3,6764,2
552,3,6418,2
553,3,1427,0
554,3,7112,2
555,3,7743,2
556,3,7518,2
557,3,2764,0
558,3,8220,2
559,3,7697,2
560,3,2490,0
561,3,4034,1
562,3,3666,1
563,3,6488,2
564,3,6125,2
565,3,4231,1
566,3,7230,2
567,3,1147,0
568,3,6450,2
569,3,7865,2
570,3,851,0
571,3,2730,0
572,3,6746,2
573,3,367,0
574,3,8330,2
575,3,5776,1
576,3,7415,2
577,3,687,0
578,3,6676,2
579,3,3058,1
580,3,6867,2
581,3,4133,1
582,3,6215,2
583,3,8082,2
584,3,1574,0
585,3,6388,2
586,3,2740,0
587,3,7934,2
588,3,5528,1
589,3,2969,0
590,3,8032,2
591,3,6449,2
592,3,7040,2
593,3,357,0
594,3,5327,1
595,3,8394,2
596,3,1138,0
597,3,3477,1
598,3,7698,2
599,3,7923,2
600,3,6317,2
601,3,6255,2
602,3,5683,1
603,3,717,0
604,3,7882,2
605,3,1051,0
606,3,8104,2
607,3,737,0
608,3,3465,1
609,3,8686,2
610,3,5741,1
611,3,2375,0
612,3,6750,2
613,3,7668,2
614,3,2519,0
615,3,3815,1
616,3,4066,1
617,3,7946,2
618,3,3546,1
619,3,107,0
620,3,1827,0
621,3,5739,1
622,3,4995,1
623,3,1242,0
624,3,8716,2
625,3,2825,0
626,3,708,0
627,3,4683,1
628,3,3994,1
629,3,4017,1
630,3,7380,2
631,3,1117,0
632,3,3875,1
633,3,2374,0
634,3,875,0
635,3,2862,0
636,3,5607,1
637,3,3497,1
638,3,5642,1
639,3,2927,0
640,3,1600,0
641,3,5351,1
642,3,3410,1
643,3,1047,0
644,3,7240,2
645,3,6749,2
646,3,8580,2
647,3,3471,1
648,3,8851,2
649,3,6278,2
650,3,4569,1
651,3,4893,1
652,3,5895,1
653,3,3700,1
654,3,981,0
655,3,6246,2
656,3,4197,1
657,3,1831,0
658,3,4214,1
659,3,5840,1
660,3,409,0
661,3,362,0
662,3,4991,1
663,3,1184,0
664,3,4202,1
665,3,6811,2
666,3,1061,0
667,3,8844,2
668,3,8125,2
669,3,4314,1
670,3,8172,2
671,3,2846,0
672,3,1746,0
673,3,4704,1
674,3,5288,1
675,3,8788,2
676,3,8188,2
677,3,49,0
678,3,5876,1
679,3,133,0
680,3,1154,0
681,3,1662,0
682,3,4239,1
683,3,1276,0
684,3,7493,2
685,3,8654,2
686,3,6582,2
687,3,3227,1
688,3,3162,1
689,3,4836,1
690,3,8332,2
691,3,8751,2
692,3,524,0
693,3,6536,2
694,3,7164,2
695,3,3068,1
696,3,1443,0
697,3,1530,0
698,3,5363,1
699,3,7980,2
700,3,2392,0
701,3,3919,1
702,3,8696,2
703,3,6914,2
704,3,7950,2
705,3,8106,2
706,3,1719,0
707,3,6997,2
708,3,4722,1
709,3,1113,0
710,3,2515,0
711,3,1952,0
712,3,6605,2
713,3,5117,1
714,3,4945,1
715,3,4130,1
716,3,3435,1
717,3,3619,1
718,3,4361,1
719,3,2495,0
720,3,6315,2
721,3,8755,2
722,3,4385,1
723,3,3675,1
724,3,4376,1
725,3,5758,1
726,3,6175,2
727,3,8646,2
728,3,6688,2
729,3,3411,1
730,3,4311,1
731,3,8772,2
732,3,4242,1
733,3,4627,1
734,3,6968,2
735,3,6408,2
736,3,1755,0
737,3,976,0
738,3,6206,2
739,3,4190,1
740,3,3004,1
741,3,3676,1
742,3,601,0
743,3,3616,1
744,3,6373,2
745,3,4132,1
746,3,8595,2
747,3,1335,0
748,3,4646,1
749,3,8058,2
750,3,2807,0
751,3,1856,0
752,3,6033,2
753,3,251,0
754,3,3561,1
755,3,1143,0
756,3,7447,2
757,3,5996,1
758,3,7143,2
759,3,3720,1
760,3,7282,2
761,3,6273,2
762,3,954,0
763,3,2752,0
764,3,3226,1
765,3,7056,2
766,3,6871,2
767,3,4395,1
768,3,758,0
769,3,5179,1
770,3,6210,2
771,3,681,0
772,3,8928,2
773,3,5558,1
774,3,363,0
775,3,5173,1
776,3,6626,2
777,3,1967,0
778,3,797,0
779,3,6829,2
780,3,8328,2
781,3,4886,1
782,3,3697,1
783,3,274,0
784,3,5427,1
785,3,6312,2
786,3,618,0
787,3,3,0
788,3,3618,1
789,3,4748,1
790,3,7869,2
791,3,3827,1
792,3,8653,2
793,3,1591,0
794,3,7895,2
795,3,2038,0
796,3,1709,0
797,3,3581,1
798,3,450,0
799,3,950,0
800,3,6266,2
801,3,7014,2
802,3,4147,1
803,3,2010,0
804,3,2756,0
805,3,6607,2
806,3,5485,1
807,3,7473,2
808,3,7842,2
809,3,1502,0
810,3,3243,1
811,3,4048,1
812,3,8733,2
813,3,2051,0
814,3,6752,2
815,3,8989,2
816,3,4152,1
817,3,67,0
818,3,42,0
819,3,2210,0
820,3,1045,0
821,3,250,0
822,3,3942,1
823,3,4205,1
824,3,8150,2
825,3,3702,1
826,3,5735,1
827,3,8041,2
828,3,8515,2
829,3,5047,1
830,3,139,0
831,3,5634,1
832,3,4900,1
833,3,4795,1
834,3,7559,2
835,3,2441,0
836,3,6637,2
837,3,7184,2
838,3,5444,1
839,3,685,0
840,3,4217,1
841,3,1093,0
842,3,1681,0
843,3,5881,1
844,3,4129,1
845,3,2447,0
846,3,3639,1
847,3,1492,0
848,3,8367,2
849,3,6595,2
850,3,5110,1
851,3,5015,1
852,3,646,0
853,3,8000,2
854,3,6776,2
855,3,8439,2
856,3,3568,1
857,3,2580,0
858,3,3432,1
859,3,5124,1
860,3,8795,2
861,3,1102,0
862,3,6760,2
863,3,5277,1
864,3,5270,1
865,3,6413,2
866,3,4577,1
867,3,7812,2
868,3,5705,1
869,3,2962,0
870,3,1246,0
871,3,8417,2
872,3,7948,2
873,3,2641,0
874,3,2396,0
875,3,5480,1
876,3,5045,1
877,3,5913,1
878,3,8497,2
879,3,6494,2
880,3,7554,2
881,3,5764,1
882,3,5052,1
883,3,6265,2
884,3,7586,2
885,3,6196,2
886,3,879,0
887,3,4265,1
888,3,415,0
889,3,932,0
890,3,3403,1
891,3,2736,0
892,3,6014,2
893,3,8890,2
894,3,4064,1
895,3,1950,0
896,3,8678,2
897,3,2277,0
898,3,3786,1
899,3,7062,2
900,3,1299,0
901,3,6594,2
902,3,2429,0
903,3,556,0
904,3,7317,2
905,3,268,0
906,3,1726,0
907,3,8762,2
908,3,3360,1
909,3,50,0
910,3,3315,1
911,3,499,0
912,3,7751,2
913,3,6929,2
914,3,6524,2
915,3,7748,2
916,3,3822,1
917,3,4199,1
918,3,2166,0
919,3,2057,0
920,3,1445,0
921,3,6166,2
922,3,3684,1
923,3,8994,2
924,3,4824,1
925,3,5226,1
926,3,469,0
927,3,5192,1
928,3,2857,0
929,3,1404,0
930,3,8816,2
931,3,372,0
932,3,4727,1
933,3,8193,2
934,3,7991,2
935,3,5230,1
936,3,7862,2
937,3,8629,2
938,3,257,0
939,3,8790,2
940,3,7188,2
941,3,4332,1
942,3,1172,0
943,3,5019,1
944,3,3837,1
945,3,5792,1
946,3,8488,2
947,3,3674,1
948,3,791,0
949,3,6101,2
950,3,7285,2
951,3,7330,2
952,3,7228,2
953,3,3952,1
954,3,2136,0
955,3,2942,0
956,3,4653,1
957,3,1036,0
958,3,1736,0
959,3,1101,0
960,3,6344,2
961,3,2688,0
962,3,127,0
963,3,7969,2
964,3,8884,2
965,3,8092,2
966,3,8259,2
967,3,7178,2
968,3,6111,2
969,3,4118,1
970,3,603,0
971,3,8998,2
972,3,672,0
973,3,5473,1
974,3,1607,0
975,3,521,0
976,3,8470,2
977,3,4350,1
978,3,7891,2
979,3,7378,2
980,3,1627,0
981,3,1716,0
982,3,6316,2
983,3,5164,1
984,3,5272,1
985,3,8398,2
986,3,7000,2
987,3,6708,2
988,3,520,0
989,3,7379,2
990,3,6476,2
991,3,8115,2
992,3,1617,0
993,3,4997,1
994,3,8142,2
995,3,4692,1
996,3,4294,1
997,3,3808,1
998,3,756,0
999,3,7796,2
1000,3,6251,2
1001,3,1089,0
1002,3,8977,2
1003,3,1913,0
1004,3,7552,2
1005,3,4558,1
1006,3,3737,1
1007,3,1359,0
1008,3,4181,1
1009,3,6615,2
1010,3,7975,2
1011,3,6414,2
1012,3,4185,1
1013,3,99,0
1014,3,7915,2
1015,3,3374,1
1016,3,7500,2
1017,3,4719,1
1018,3,7642,2
1019,3,7222,2
1020,3,5133,1
1021,3,6233,2
1022,3,4491,1
1023,3,5988,1
1024,3,1745,0
1025,3,2068,0
1026,3,3080,1
1027,3,5307,1
1028,3,1940,0
1029,3,4457,1
1030,3,1134,0
1031,3,1336,0
1032,3,5868,1
1033,3,8710,2
1034,3,5503,1
1035,3,3715,1
1036,3,5722,1
1037,3,7924,2
1038,3,1998,0
1039,3,871,0
1040,3,2905,0
1041,3,4184,1
1042,3,1731,0
1043,3,3585,1
1044,3,7507,2
1045,3,5748,1
1046,3,6283,2
1047,3,1017,0
1048,3,8020,2
1049,3,1144,0
1050,3,5951,1
1051,3,3027,1
1052,3,8039,2
1053,3,1960,0
1054,3,5531,1
1055,3,69,0
1056,3,1832,0
1057,3,956,0
1058,3,4326,1
1059,3,9,0
1060,3,3186,1
1061,3,4013,1
1062,3,3625,1
1063,3,219,0
1064,3,2120,0
1065,3,8182,2
1066,3,7949,2
1067,3,5678,1
1068,3,3201,1
1069,3,1289,0
1070,3,804,0
1071,3,5149,1
1072,3,8789,2
1073,3,7113,2
1074,3,6469,2
1075,3,6806,2
1076,3,6704,2
1077,3,4019,1
1078,3,4568,1
1079,3,998,0
1080,3,4546,1
1081,3,8584,2
1082,3,7922,2
1083,3,6396,2
1084,3,1025,0
1085,3,4157,1
1086,3,5957,1
1087,3,4192,1
1088,3,3359,1
1089,3,6406,2
1090,3,5104,1
1091,3,7819,2
1092,3,303,0
1093,3,4616,1
1094,3,1538,0
1095,3,5465,1
1096,3,8361,2
1097,3,8007,2
1098,3,5718,1
1099,3,8800,2
1100,3,8504,2
1101,3,692,0
1102,3,4684,1
1103,3,2531,0
1104,3,3751,1
1105,3,6220,2
1106,3,5082,1
1107,3,8184,2
1108,3,3288,1
1109,3,4088,1
1110,3,8842,2
1111,3,7165,2
1112,3,2209,0
1113,3,320,0
1114,3,1419,0
1115,3,812,0
1116,3,4888,1
1117,3,4651,1
1118,3,7358,2
1119,3,8517,2
1120,3,4552,1
1121,3,6068,2
1122,3,1059,0
1123,3,5672,1
1124,3,3599,1
1125,3,7884,2
1126,3,4145,1
1127,3,1506,0
1128,3,8502,2
1129,3,6441,2
1130,3,8668,2
1131,3,550,0
1132,3,8073,2
1133,3,3157,1
1134,3,7645,2
1135,3,2819,0
1136,3,2156,0
1137,3,8616,2
1138,3,7328,2
1139,3,8099,2
1140,3,6814,2
1141,3,8157,2
1142,3,8334,2
1143,3,2498,0
1144,3,6894,2
1145,3,7622,2
1146,3,4880,1
1147,3,7384,2
1148,3,8835,2
1149,3,5798,1
1150,3,8723,2
1151,3,190,0
1152,3,5856,1
1153,3,7122,2
1154,3,8105,2
1155,3,7715,2
1156,3,1885,0
1157,3,2035,0
1158,3,8555,2
1159,3,4484,1
1160,3,7720,2
1161,3,6193,2
1162,3,8179,2
1163,3,8602,2
1164,3,7677,2
1165,3,1759,0
1166,3,6405,2
1167,3,7978,2
1168,3,5235,1
1169,3,5198,1
1170,3,1211,0
1171,3,398,0
1172,3,7448,2
1173,3,1016,0
1174,3,7187,2
1175,3,4928,1
1176,3,5185,1
1177,3,5816,1
1178,3,1231,0
1179,3,5008,1
1180,3,6263,2
1181,3,8514,2
1182,3,4823,1
1183,3,196,0
1184,3,3642,1
1185,3,4245,1
1186,3,7769,2
1187,3,3850,1
1188,3,152,0
1189,3,2026,0
1190,3,4341,1
1191,3,6052,2
1192,3,6570,2
1193,3,35,0
1194,3,1283,0
1195,3,1711,0
1196,3,5620,1
1197,3,4587,1
1198,3,5348,1
1199,3,5320,1
1200,3,3350,1
1201,3,8550,2
1202,3,5889,1
1203,3,546,0
1204,3,4864,1
1205,3,5112,1
1206,3,2313,0
1207,3,659,0
1208,3,3946,1
1209,3,5282,1
1210,3,1672,0
1211,3,5724,1
1212,3,8063,2
1213,3,3443,1
1214,3,763,0
1215,3,2360,0
1216,3,4087,1
1217,3,7130,2
1218,3,4977,1
1219,3,7799,2
1220,3,1888,0
1221,3,4095,1
1222,3,705,0
1223,3,6847,2
1224,3,4372,1
1225,3,4522,1
1226,3,1150,0
1227,3,4033,1
1228,3,225,0
1229,3,1416,0
1230,3,607,0
1231,3,7061,2
1232,3,382,0
1233,3,3797,1
1234,3,7631,2
1235,3,5601,1
1236,3,7716,2
1237,3,4278,1
1238,3,8257,2
1239,3,1854,0
1240,3,2202,0
1241,3,660,0
1242,3,4652,1
1243,3,903,0
1244,3,4857,1
1245,3,7764,2
1246,3,602,0
1247,3,5470,1
1248,3,8746,2
1249,3,7110,2
1250,3,1723,0
1251,3,1074,0
1252,3,5166,1
1253,3,2130,0
1254,3,3889,1
1255,3,8415,2
1256,3,884,0
1257,3,7933,2
1258,3,3037,1
1259,3,2564,0
1260,3,3175,1
1261,3,6170,2
1262,3,5815,1
1263,3,1646,0
1264,3,1552,0
1265,3,5623,1
1266,3,2586,0
1267,3,8195,2
1268,3,6274,2
1269,3,1936,0
1270,3,5063,1
1271,3,3976,1
1272,3,3912,1
1273,3,33,0
1274,3,7489,2
1275,3,7783,2
1276,3,6801,2
1277,3,272,0
1278,3,8320,2
1279,3,4483,1
1280,3,7650,2
1281,3,296,0
1282,3,1382,0
1283,3,761,0
1284,3,4335,1
1285,3,6771,2
1286,3,5949,1
1287,3,4844,1
1288,3,8769,2
1289,3,4656,1
1290,3,4250,1
1291,3,8371,2
1292,3,7854,2
1293,3,1432,0
1294,3,3643,1
1295,3,2875,0
1296,3,6292,2
1297,3,1750,0
1298,3,323,0
1299,3,6346,2
1300,3,620,0
1301,3,1252,0
1302,3,3922,1
1303,3,8544,2
1304,3,3687,1
1305,3,539,0
1306,3,901,0
1307,3,1405,0
1308,3,8381,2
1309,3,180,0
1310,3,5087,1
1311,3,7402,2
1312,3,766,0
1313,3,2605,0
1314,3,8907,2
1315,3,4525,1
1316,3,3155,1
1317,3,6763,2
1318,3,1894,0
1319,3,6238,2
1320,3,129,0
1321,3,7683,2
1322,3,3500,1
1323,3,4572,1
1324,3,2105,0
1325,3,4556,1
1326,3,193,0
1327,3,7724,2
1328,3,4216,1
1329,3,6360,2
1330,3,8180,2
1331,3,6793,2
1332,3,234,0
1333,3,5274,1
1334,3,4883,1
1335,3,8326,2
1336,3,3978,1
1337,3,6270,2
1338,3,7899,2
1339,3,70,0
1340,3,5367,1
1341,3,4968,1
1342,3,8048,2
1343,3,5121,1
1344,3,7701,2
1345,3,2497,0
1346,3,3278,1
1347,3,4344,1
1348,3,7411,2
1349,3,4234,1
1350,3,4329,1
1351,3,8981,2
1352,3,6444,2
1353,3,8631,2
1354,3,2680,0
1355,3,8349,2
1356,3,5495,1
1357,3,6908,2
1358,3,7031,2
1359,3,6839,2
1360,3,2746,0
1361,3,3770,1
1362,3,8481,2
1363,3,970,0
1364,3,2387,0
1365,3,1086,0
1366,3,4115,1
1367,3,5899,1
1368,3,7780,2
1369,3,6129,2
1370,3,7278,2
1371,3,77,0
1372,3,8038,2
1373,3,4334,1
1374,3,6276,2
1375,3,6620,2
1376,3,8869,2
1377,3,4821,1
1378,3,2358,0
1379,3,1824,0
1380,3,6089,2
1381,3,6146,2
1382,3,8971,2
1383,3,2291,0
1384,3,709,0
1385,3,6472,2
1386,3,7875,2
1387,3,2788,0
1388,3,6795,2
1389,3,5097,1
1390,3,4560,1
1391,3,8458,2
1392,3,5880,1
1393,3,7175,2
1394,3,4156,1
1395,3,4276,1
1396,3,5574,1
1397,3,5839,1
1398,3,4333,1
1399,3,574,0
1400,3,2090,0
1401,3,3368,1
1402,3,4096,1
1403,3,3395,1
1404,3,117,0
1405,3,3415,1
1406,3,8123,2
1407,3,6938,2
1408,3,7372,2
1409,3,5669,1
1410,3,2506,0
1411,3,8279,2
1412,3,2468,0
1413,3,606,0
1414,3,8885,2
1415,3,1879,0
1416,3,6336,2
1417,3,2086,0
1418,3,3054,1
1419,3,3095,1
1420,3,3565,1
1421,3,1214,0
1422,3,3168,1
1423,3,5265,1
1424,3,7654,2
1425,3,4414,1
1426,3,3806,1
1427,3,1233,0
1428,3,8315,2
1429,3,5431,1
1430,3,5057,1
1431,3,4807,1
1432,3,4806,1
1433,3,2333,0
1434,3,7930,2
1435,3,3993,1
1436,3,8600,2
1437,3,462,0
1438,3,5580,1
1439,3,6074,2
1440,3,622,0
1441,3,1245,0
1442,3,2882,0
1443,3,2089,0
1444,3,566,0
1445,3,5259,1
1446,3,6679,2
1447,3,1688,0
1448,3,6054,2
1449,3,2836,0
1450,3,6285,2
1451,3,5498,1
1452,3,2180,0
1453,3,3174,1
1454,3,2030,0
1455,3,5469,1
1456,3,8962,2
1457,3,4160,1
1458,3,6308,2
1459,3,7250,2
1460,3,4608,1
1461,3,4596,1
1462,3,6035,2
1463,3,5728,1
1464,3,7180,2
1465,3,6672,2
1466,3,4564,1
1467,3,4436,1
1468,3,4045,1
1469,3,5353,1
1470,3,5147,1
1471,3,7076,2
1472,3,8410,2
1473,3,6277,2
1474,3,5316,1
1475,3,3813,1
1476,3,8513,2
1477,3,5631,1
1478,3,7766,2
1479,3,1739,0
1480,3,1308,0
1481,3,7242,2
1482,3,3937,1
1483,3,8582,2
1484,3,1932,0
1485,3,1107,0
1486,3,6913,2
1487,3,4605,1
1488,3,768,0
1489,3,1209,0
1490,3,3083,1
1491,3,4057,1
1492,3,633,0
1493,3,1813,0
1494,3,324,0
1495,3,3957,1
1496,3,534,0
1497,3,4370,1
1498,3,6461,2
1499,3,5903,1
1500,3,7074,2
1501,3,4461,1
1502,3,5086,1
1503,3,8896,2
1504,3,3513,1
1505,3,8700,2
1506,3,7019,2
1507,3,3396,1
1508,3,3859,1
1509,3,6218,2
1510,3,7088,2
1511,3,992,0
1512,3,6957,2
1513,3,4347,1
1514,3,5416,1
1515,3,4320,1
1516,3,5559,1
1517,3,4167,1
1518,3,1265,0
1519,3,2979,0
1520,3,5028,1
1521,3,8657,2
1522,3,897,0
1523,3,4443,1
1524,3,5222,1
1525,3,596,0
1526,3,8937,2
1527,3,7589,2
1528,3,8145,2
1529,3,5916,1
1530,3,6663,2
1531,3,3509,1
1532,3,4482,1
1533,3,8107,2
1534,3,7734,2
1535,3,3754,1
1536,3,1202,0
1537,3,4790,1
1538,3,2181,0
1539,3,3369,1
1540,3,7605,2
1541,3,6309,2
1542,3,5464,1
1543,3,6259,2
1544,3,7391,2
1545,3,1244,0
1546,3,8319,2
1547,3,2939,0
1548,3,8819,2
1549,3,6777,2
1550,3,1912,0
1551,3,2196,0
1552,3,6992,2
1553,3,8817,2
1554,3,5700,1
1555,3,312,0
1556,3,162,0
1557,3,6526,2
1558,3,8025,2
1559,3,7225,2
1560,3,4701,1
1561,3,1137,0
1562,3,4761,1
1563,3,2343,0
1564,3,4086,1
1565,3,5203,1
1566,3,1195,0
1567,3,8235,2
1568,3,2187,0
1569,3,6098,2
1570,3,3669,1
1571,3,249,0
1572,3,5579,1
1573,3,4739,1
1574,3,7289,2
1575,3,2530,0
1576,3,1927,0
1577,3,2480,0
1578,3,1568,0
1579,3,4574,1
1580,3,4404,1
1581,3,374,0
1582,3,2434,0
1583,3,7594,2
1584,3,2373,0
1585,3,1140,0
1586,3,3242,1
1587,3,745,0
1588,3,7128,2
1589,3,4316,1
1590,3,8895,2
1591,3,7073,2
1592,3,337,0
1593,3,1559,0
1594,3,8608,2
1595,3,2984,0
1596,3,6592,2
1597,3,5604,1
1598,3,3852,1
1599,3,2623,0
1600,3,46,0
1601,3,6522,2
1602,3,2737,0
1603,3,3593,1
1604,3,6412,2
1605,3,5507,1
1606,3,848,0
1607,3,7813,2
1608,3,5229,1
1609,3,3293,1
1610,3,2165,0
1611,3,682,0
1612,3,8386,2
1613,3,8461,2
1614,3,6322,2
1615,3,7254,2
1616,3,212,0
1617,3,5841,1
1618,3,2880,0
1619,3,6482,2
1620,3,2715,0
1621,3,4285,1
1622,3,4011,1
1623,3,4481,1
1624,3,938,0
1625,3,8442,2
1626,3,1280,0
1627,3,4808,1
1628,3,6321,2
1629,3,3378,1
1630,3,2890,0
1631,3,484,0
1632,3,3426,1
1633,3,3172,1
1634,3,3451,1
1635,3,6868,2
1636,3,3898,1
1637,3,2283,0
1638,3,441,0
1639,3,7841,2
1640,3,4636,1
1641,3,5635,1
1642,3,6560,2
1643,3,1409,0
1644,3,3113,1
1645,3,5256,1
1646,3,7258,2
1647,3,1873,0
1648,3,6087,2
1649,3,1551,0
1650,3,2845,0
1651,3,6670,2
1652,3,7020,2
1653,3,5155,1
1654,3,5494,1
1655,3,2431,0
1656,3,5499,1
1657,3,1995,0
1658,3,1839,0
1659,3,197,0
1660,3,597,0
1661,3,7531,2
1662,3,2208,0
1663,3,4503,1
1664,3,8674,2
1665,3,6653,2
1666,3,5157,1
1667,3,5511,1
1668,3,4039,1
1669,3,208,0
1670,3,5422,1
1671,3,3608,1
1672,3,3866,1
1673,3,2106,0
1674,3,8201,2
1675,3,3356,1
1676,3,5923,1
1677,3,8413,2
1678,3,1259,0
1679,3,6557,2
1680,3,6180,2
1681,3,4258,1
1682,3,7643,2
1683,3,8620,2
1684,3,8592,2
1685,3,8021,2
1686,3,3548,1
1687,3,4926,1
1688,3,4732,1
1689,3,619,0
1690,3,7553,2
1691,3,8676,2
1692,3,2462,0
1693,3,3166,1
1694,3,8660,2
1695,3,2780,0
1696,3,8708,2
1697,3,258,0
1698,3,1683,0
1699,3,7788,2
1700,3,2644,0
1701,3,784,0
1702,3,8534,2
1703,3,4937,1
1704,3,4380,1
1705,3,5830,1
1706,3,5736,1
1707,3,6923,2
1708,3,7082,2
1709,3,2777,0
1710,3,5347,1
1711,3,3790,1
1712,3,4162,1
1713,3,1852,0
1714,3,5460,1
1715,3,3854,1
1716,3,2502,0
1717,3,1525,0
1718,3,3400,1
1719,3,5740,1
1720,3,1911,0
1721,3,8671,2
1722,3,2674,0
1723,3,7925,2
1724,3,7274,2
1725,3,6293,2
1726,3,3459,1
1727,3,288,0
1728,3,1104,0
1729,3,6113,2
1730,3,4733,1
1731,3,2439,0
1732,3,8601,2
1733,3,5753,1
1734,3,5058,1
1735,3,6328,2
1736,3,5568,1
1737,3,5590,1
1738,3,8364,2
1739,3,3329,1
1740,3,4983,1
1741,3,6655,2
1742,3,5067,1
1743,3,4283,1
1744,3,4400,1
1745,3,7181,2
1746,3,264,0
1747,3,7064,2
1748,3,2070,0
1749,3,6947,2
1750,3,4345,1
1751,3,5890,1
1752,3,4460,1
1753,3,5727,1
1754,3,6883,2
1755,3,2274,0
1756,3,1294,0
1757,3,2286,0
1758,3,3013,1
1759,3,4196,1
1760,3,5625,1
1761,3,4180,1
1762,3,2113,0
1763,3,354,0
1764,3,456,0
1765,3,6161,2
1766,3,6078,2
1767,3,8083,2
1768,3,4091,1
1769,3,3530,1
1770,3,802,0
1771,3,1532,0
1772,3,7399,2
1773,3,8163,2
1774,3,929,0
1775,3,3685,1
1776,3,178,0
1777,3,1668,0
1778,3,8861,2
1779,3,6608,2
1780,3,7781,2
1781,3,101,0
1782,3,4490,1
1783,3,5861,1
1784,3,2179,0
1785,3,8948,2
1786,3,8713,2
1787,3,3445,1
1788,3,746,0
1789,3,3318,1
1790,3,3248,1
1791,3,7787,2
1792,3,3992,1
1793,3,750,0
1794,3,6386,2
1795,3,5496,1
1796,3,832,0
1797,3,5144,1
1798,3,4429,1
1799,3,1482,0
1800,3,6058,2
1801,3,2170,0
1802,3,1234,0
1803,3,2163,0
1804,3,3105,1
1805,3,6884,2
1806,3,14,0
1807,3,2352,0
1808,3,7436,2
1809,3,2405,0
1810,3,1993,0
1811,3,4517,1
1812,3,388,0
1813,3,1032,0
1814,3,2611,0
1815,3,304,0
1816,3,1577,0
1817,3,5657,1
1818,3,6455,2
1819,3,4453,1
1820,3,5771,1
1821,3,7945,2
1822,3,6225,2
1823,3,5688,1
1824,3,6343,2
1825,3,2973,0
1826,3,6071,2
1827,3,5338,1
1828,3,4438,1
1829,3,3413,1
1830,3,1304,0
1831,3,4887,1
1832,3,279,0
1833,3,2513,0
1834,3,2958,0
1835,3,6364,2
1836,3,1874,0
1837,3,3079,1
1838,3,6224,2
1839,3,437,0
1840,3,4751,1
1841,3,3429,1
1842,3,3725,1
1843,3,3128,1
1844,3,4018,1
1845,3,3018,1
1846,3,7669,2
1847,3,1218,0
1848,3,3394,1
1849,3,1235,0
1850,3,7570,2
1851,3,8626,2
1852,3,2889,0
1853,3,7737,2
1854,3,4944,1
1855,3,295,0
1856,3,1728,0
1857,3,6152,2
1858,3,6452,2
1859,3,3289,1
1860,3,8801,2
1861,3,1385,0
1862,3,2536,0
1863,3,634,0
1864,3,8430,2
1865,3,6716,2
1866,3,6634,2
1867,3,2577,0
1868,3,5208,1
1869,3,7806,2
1870,3,1048,0
1871,3,472,0
1872,3,8217,2
1873,3,440,0
1874,3,8069,2
1875,3,8446,2
1876,3,8297,2
1877,3,2724,0
1878,3,8016,2
1879,3,485,0
1880,3,1339,0
1881,3,3031,1
1882,3,8206,2
1883,3,78,0
1884,3,8570,2
1885,3,1978,0
1886,3,5271,1
1887,3,3948,1
1888,3,7361,2
1889,3,6192,2
1890,3,4,0
1891,3,1982,0
1892,3,5315,1
1893,3,3373,1
1894,3,2551,0
1895,3,4862,1
1896,3,2214,0
1897,3,5089,1
1898,3,4155,1
1899,3,1634,0
1900,3,1186,0
1901,3,1956,0
1902,3,5176,1
1903,3,153,0
1904,3,8618,2
1905,3,8214,2
1906,3,6239,2
1907,3,6135,2
1908,3,301,0
1909,3,8850,2
1910,3,5692,1
1911,3,4978,1
1912,3,5818,1
1913,3,3234,1
1914,3,4049,1
1915,3,1548,0
1916,3,8245,2
1917,3,2999,0
1918,3,1324,0
1919,3,2657,0
1920,3,3022,1
1921,3,2389,0
1922,3,2776,0
1923,3,6705,2
1924,3,1126,0
1925,3,4754,1
1926,3,1346,0
1927,3,4097,1
1928,3,8565,2
1929,3,1642,0
1930,3,7503,2
1931,3,4170,1
1932,3,2131,0
1933,3,795,0
1934,3,6428,2
1935,3,2359,0
1936,3,87,0
1937,3,8736,2
1938,3,6427,2
1939,3,3829,1
1940,3,2385,0
1941,3,5857,1
1942,3,2479,0
1943,3,527,0
1944,3,5891,1
1945,3,1640,0
1946,3,7357,2
1947,3,5130,1
1948,3,8122,2
1949,3,2204,0
1950,3,4123,1
1951,3,5105,1
1952,3,8084,2
1953,3,5930,1
1954,3,7667,2
1955,3,308,0
1956,3,6812,2
1957,3,7629,2
1958,3,7695,2
1959,3,6619,2
1960,3,1156,0
1961,3,3789,1
1962,3,7275,2
1963,3,8377,2
1964,3,1907,0
1965,3,5184,1
1966,3,3131,1
1967,3,5589,1
1968,3,468,0
1969,3,6666,2
1970,3,8603,2
1971,3,1738,0
1972,3,2340,0
1973,3,1844,0
1974,3,1595,0
1975,3,946,0
1976,3,941,0
1977,3,7772,2
1978,3,5033,1
1979,3,8271,2
1980,3,4238,1
1981,3,3677,1
1982,3,4422,1
1983,3,7730,2
1984,3,8964,2
1985,3,5482,1
1986,3,7098,2
1987,3,6647,2
1988,3,5715,1
1989,3,4691,1
1990,3,8323,2
1991,3,1606,0
1992,3,1483,0
1993,3,6426,2
1994,3,2538,0
1995,3,862,0
1996,3,2114,0
1997,3,6020,2
1998,3,7564,2
1999,3,7583,2
2000,3,2557,0
2001,3,8587,2
2002,3,7176,2
2003,3,676,0
2004,3,6942,2
2005,3,6481,2
2006,3,4628,1
2007,3,4703,1
2008,3,8496,2
2009,3,969,0
2010,3,4496,1
2011,3,4566,1
2012,3,4519,1
2013,3,5567,1
2014,3,2747,0
2015,3,8234,2
2016,3,1054,0
2017,3,2503,0
2018,3,1621,0
2019,3,7673,2
2020,3,3916,1
2021,3,1853,0
2022,3,5424,1
2023,3,6382,2
2024,3,4842,1
2025,3,2493,0
2026,3,4140,1
2027,3,6015,2
2028,3,3719,1
2029,3,628,0
2030,3,161,0
2031,3,1013,0
2032,3,8130,2
2033,3,8331,2
2034,3,7273,2
2035,3,7231,2
2036,3,8609,2
2037,3,1240,0
2038,3,989,0
2039,3,110,0
2040,3,6442,2
2041,3,3793,1
2042,3,7257,2
2043,3,1612,0
2044,3,4964,1
2045,3,1825,0
2046,3,2236,0
2047,3,5140,1
2048,3,1128,0
2049,3,2914,0
2050,3,8823,2
2051,3,2769,0
2052,3,8637,2
2053,3,5536,1
2054,3,741,0
2055,3,4479,1
2056,3,5113,1
2057,3,6837,2
2058,3,6901,2
2059,3,2134,0
2060,3,8307,2
2061,3,7478,2
2062,3,8926,2
2063,3,8200,2
2064,3,3860,1
2065,3,942,0
2066,3,7152,2
2067,3,4120,1
2068,3,2492,0
2069,3,5973,1
2070,3,3393,1
2071,3,691,0
2072,3,80,0
2073,3,889,0
2074,3,7435,2
2075,3,8264,2
2076,3,3380,1
2077,3,6571,2
2078,3,1576,0
2079,3,5376,1
2080,3,4601,1
2081,3,1586,0
2082,3,1553,0
2083,3,8887,2
2084,3,5231,1
2085,3,6369,2
2086,3,1717,0
2087,3,3085,1
2088,3,3578,1
2089,3,5578,1
2090,3,4212,1
2091,3,6593,2
2092,3,4024,1
2093,3,6032,2
2094,3,4397,1
2095,3,4927,1
2096,3,1293,0
2097,3,696,0
2098,3,98,0
2099,3,6996,2
2100,3,971,0
2101,3,328,0
2102,3,881,0
2103,3,5746,1
2104,3,6980,2
2105,3,6836,2
2106,3,555,0
2107,3,5281,1
2108,3,834,0
2109,3,7486,2
2110,3,1453,0
2111,3,7625,2
2112,3,7172,2
2113,3,3678,1
2114,3,2448,0
2115,3,3929,1
2116,3,8205,2
2117,3,4107,1
2118,3,3158,1
2119,3,480,0
2120,3,6631,2
2121,3,8248,2
2122,3,900,0
2123,3,529,0
2124,3,2708,0
2125,3,2317,0
2126,3,4292,1
2127,3,6155,2
2128,3,7099,2
2129,3,1509,0
2130,3,3225,1
2131,3,8551,2
2132,3,1727,0
2133,3,7037,2
2134,3,7491,2
2135,3,8933,2
2136,3,872,0
2137,3,3067,1
2138,3,3187,1
2139,3,5547,1
2140,3,7620,2
2141,3,7319,2
2142,3,4863,1
2143,3,90,0
2144,3,1366,0
2145,3,53,0
2146,3,5905,1
2147,3,1779,0
2148,3,378,0
2149,3,1271,0
2150,3,1702,0
2151,3,7738,2
2152,3,6081,2
2153,3,6253,2
2154,3,2870,0
2155,3,4207,1
2156,3,4366,1
2157,3,244,0
2158,3,8682,2
2159,3,4563,1
2160,3,4835,1
2161,3,1458,0
2162,3,8490,2
2163,3,7747,2
2164,3,7820,2
2165,3,821,0
2166,3,214,0
2167,3,7561,2
2168,3,3887,1
2169,3,8779,2
2170,3,8757,2
2171,3,6862,2
2172,3,6327,2
2173,3,2893,0
2174,3,5285,1
2175,3,3857,1
2176,3,961,0
2177,3,5697,1
2178,3,8249,2
2179,3,826,0
2180,3,6095,2
2181,3,7779,2
2182,3,8085,2
2183,3,4851,1
2184,3,6542,2
2185,3,3153,1
2186,3,8553,2
2187,3,1066,0
2188,3,2922,0
2189,3,6370,2
2190,3,2972,0
2191,3,2584,0
2192,3,2159,0
2193,3,1151,0
2194,3,6825,2
2195,3,5344,1
2196,3,4830,1
2197,3,1164,0
2198,3,3611,1
2199,3,1533,0
2200,3,6982,2
2201,3,1527,0
2202,3,4624,1
2203,3,926,0
2204,3,673,0
2205,3,5950,1
2206,3,271,0
2207,3,6056,2
2208,3,7376,2
2209,3,5228,1
2210,3,4058,1
2211,3,2146,0
2212,3,1651,0
2213,3,5001,1
2214,3,2307,0
2215,3,7826,2
2216,3,8385,2
2217,3,6498,2
2218,3,7253,2
2219,3,686,0
2220,3,615,0
2221,3,6471,2
2222,3,8690,2
2223,3,8024,2
2224,3,5481,1
2225,3,3462,1
2226,3,4654,1
2227,3,6963,2
2228,3,1362,0
2229,3,8420,2
2230,3,4507,1
2231,3,4648,1
2232,3,8185,2
2233,3,2444,0
2234,3,6970,2
2235,3,5189,1
2236,3,7905,2
2237,3,5576,1
2238,3,5241,1
2239,3,321,0
2240,3,7700,2
2241,3,4512,1
2242,3,5773,1
2243,3,3567,1
2244,3,3456,1
2245,3,2757,0
2246,3,4584,1
2247,3,3712,1
2248,3,2891,0
2249,3,71,0
2250,3,3447,1
2251,3,6268,2
2252,3,6440,2
2253,3,3472,1
2254,3,4819,1
2255,3,5970,1
2256,3,3506,1
2257,3,3705,1
2258,3,6039,2
2259,3,7845,2
2260,3,5989,1
2261,3,1225,0
2262,3,7026,2
2263,3,4936,1
2264,3,3195,1
2265,3,1094,0
2266,3,5455,1
2267,3,8401,2
2268,3,269,0
2269,3,6779,2
2270,3,6380,2
2271,3,4268,1
2272,3,7817,2
2273,3,559,0
2274,3,4545,1
2275,3,2835,0
2276,3,3487,1
2277,3,3596,1
2278,3,6417,2
2279,3,8647,2
2280,3,6012,2
2281,3,8649,2
2282,3,8694,2
2283,3,3197,1
2284,3,1761,0
2285,3,5468,1
2286,3,8221,2
2287,3,5017,1
2288,3,1393,0
2289,3,3876,1
2290,3,6267,2
2291,3,4244,1
2292,3,6072,2
2293,3,6459,2
2294,3,7459,2
2295,3,1193,0
2296,3,3871,1
2297,3,1531,0
2298,3,6256,2
2299,3,1433,0
2300,3,5780,1
2301,3,8363,2
2302,3,7124,2
2303,3,6341,2
2304,3,8277,2
2305,3,6310,2
2306,3,4644,1
2307,3,2902,0
2308,3,2532,0
2309,3,7790,2
2310,3,7904,2
2311,3,4150,1
2312,3,1876,0
2313,3,4524,1
2314,3,8118,2
2315,3,352,0
2316,3,8289,2
2317,3,6048,2
2318,3,8250,2
2319,3,6537,2
2320,3,2276,0
2321,3,3524,1
2322,3,2018,0
2323,3,1364,0
2324,3,222,0
2325,3,4255,1
2326,3,7008,2
2327,3,729,0
2328,3,6788,2
2329,3,4502,1
2330,3,2791,0
2331,3,5793,1
2332,3,7310,2
2333,3,7490,2
2334,3,2269,0
2335,3,5863,1
2336,3,8011,2
2337,3,7943,2
2338,3,7210,2
2339,3,8153,2
2340,3,6718,2
2341,3,1160,0
2342,3,405,0
2343,3,7195,2
2344,3,7512,2
2345,3,6523,2
2346,3,4472,1
2347,3,3049,1
2348,3,7644,2
2349,3,6154,2
2350,3,2104,0
2351,3,5804,1
2352,3,7007,2
2353,3,166,0
2354,3,7634,2
2355,3,6069,2
2356,3,7702,2
2357,3,6692,2
2358,3,3768,1
2359,3,7312,2
2360,3,7592,2
2361,3,5584,1
2362,3,3257,1
2363,3,3488,1
2364,3,8342,2
2365,3,2831,0
2366,3,6324,2
2367,3,2741,0
2368,3,8951,2
2369,3,4500,1
2370,3,3688,1
2371,3,5967,1
2372,3,1236,0
2373,3,3617,1
2374,3,8625,2
2375,3,3023,1
2376,3,2648,0
2377,3,644,0
2378,3,5026,1
2379,3,1377,0
2380,3,4858,1
2381,3,495,0
2382,3,7262,2
2383,3,6886,2
2384,3,2865,0
2385,3,1670,0
2386,3,4848,1
2387,3,7657,2
2388,3,7572,2
2389,3,800,0
2390,3,5209,1
2391,3,1142,0
2392,3,5693,1
2393,3,7746,2
2394,3,2626,0
2395,3,8418,2
2396,3,8049,2
2397,3,8176,2
2398,3,7344,2
2399,3,3121,1
2400,3,6063,2
2401,3,7198,2
2402,3,1866,0
2403,3,5542,1
2404,3,3682,1
2405,3,8761,2
2406,3,1162,0
2407,3,1910,0
2408,3,8002,2
2409,3,5336,1
2410,3,5760,1
2411,3,3781,1
2412,3,79,0
2413,3,1705,0
2414,3,6436,2
2415,3,3252,1
2416,3,6383,2
2417,3,4700,1
2418,3,6910,2
2419,3,7206,2
2420,3,966,0
2421,3,5435,1
2422,3,1720,0
2423,3,2045,0
2424,3,7158,2
2425,3,1619,0
2426,3,6799,2
2427,3,2778,0
2428,3,6590,2
2429,3,6235,2
2430,3,2386,0
2431,3,3783,1
2432,3,1660,0
2433,3,419,0
2434,3,2602,0
2435,3,7256,2
2436,3,7800,2
2437,3,7104,2
2438,3,1742,0
2439,3,6092,2
2440,3,8953,2
2441,3,7307,2
2442,3,5400,1
2443,3,1247,0
2444,3,5453,1
2445,3,2228,0
2446,3,5215,1
2447,3,6091,2
2448,3,3711,1
2449,3,7263,2
2450,3,3165,1
2451,3,6962,2
2452,3,8535,2
2453,3,6616,2
2454,3,4723,1
2455,3,1092,0
2456,3,7127,2
2457,3,7990,2
2458,3,4219,1
2459,3,1161,0
2460,3,1540,0
2461,3,5809,1
2462,3,1040,0
2463,3,3304,1
2464,3,1669,0
2465,3,1840,0
2466,3,5392,1
2467,3,2341,0
2468,3,2319,0
2469,3,855,0
2470,3,1221,0
2471,3,1697,0
2472,3,3446,1
2473,3,2000,0
2474,3,4749,1
2475,3,8090,2
2476,3,4537,1
2477,3,7308,2
2478,3,4839,1
2479,3,7680,2
2480,3,8280,2
2481,3,7005,2
2482,3,7851,2
2483,3,6583,2
2484,3,7535,2
2485,3,2781,0
2486,3,4243,1
2487,3,7159,2
2488,3,2720,0
2489,3,3753,1
2490,3,4410,1
2491,3,395,0
2492,3,6810,2
2493,3,905,0
2494,3,5641,1
2495,3,3203,1
2496,3,1859,0
2497,3,3671,1
2498,3,7596,2
2499,3,4549,1
2500,3,4949,1
2501,3,1372,0
2502,3,1686,0
2503,3,150,0
2504,3,867,0
2505,3,8388,2
2506,3,6496,2
2507,3,5860,1
2508,3,7427,2
2509,3,6721,2
2510,3,835,0
2511,3,6102,2
2512,3,3996,1
2513,3,5982,1
2514,3,3825,1
2515,3,294,0
2516,3,2119,0
2517,3,8709,2
2518,3,5497,1
2519,3,5647,1
2520,3,8832,2
2521,3,8995,2
2522,3,8681,2
2523,3,7936,2
2524,3,2617,0
2525,3,6103,2
2526,3,2637,0
2527,3,215,0
2528,3,8532,2
2529,3,3019,1
2530,3,1892,0
2531,3,2327,0
2532,3,4773,1
2533,3,695,0
2534,3,2059,0
2535,3,8665,2
2536,3,4892,1
2537,3,7897,2
2538,3,6817,2
2539,3,7927,2
2540,3,7018,2
2541,3,6213,2
2542,3,3127,1
2543,3,1676,0
2544,3,2533,0
2545,3,5349,1
2546,3,4916,1
2547,3,4662,1
2548,3,4386,1
2549,3,6614,2
2550,3,7170,2
2551,3,5581,1
2552,3,7970,2
2553,3,1741,0
2554,3,1800,0
2555,3,6473,2
2556,3,1658,0
2557,3,1226,0
2558,3,5061,1
2559,3,654,0
2560,3,3780,1
2561,3,5978,1
2562,3,3576,1
2563,3,4073,1
2564,3,3309,1
2565,3,2336,0
2566,3,3240,1
2567,3,8261,2
2568,3,7685,2
2569,3,2529,0
2570,3,4580,1
2571,3,1687,0
2572,3,8431,2
2573,3,5278,1
2574,3,5023,1
2575,3,2079,0
2576,3,1340,0
2577,3,7009,2
2578,3,8324,2
2579,3,5022,1
2580,3,8652,2
2581,3,5429,1
2582,3,5069,1
2583,3,1076,0
2584,3,1613,0
2585,3,7092,2
2586,3,7767,2
2587,3,3005,1
2588,3,8191,2
2589,3,6391,2
2590,3,3606,1
2591,3,6775,2
2592,3,3557,1
2593,3,8474,2
2594,3,5619,1
2595,3,4080,1
2596,3,8520,2
2597,3,3590,1
2598,3,5553,1
2599,3,3739,1
2600,3,8695,2
2601,3,2222,0
2602,3,8298,2
2603,3,1661,0
2604,3,5908,1
2605,3,4063,1
2606,3,7463,2
2607,3,650,0
2608,3,8809,2
2609,3,3776,1
2610,3,6578,2
2611,3,4124,1
2612,3,4367,1
2613,3,2054,0
2614,3,3670,1
2615,3,995,0
2616,3,7466,2
2617,3,7909,2
2618,3,2868,0
2619,3,8037,2
2620,3,4401,1
2621,3,2151,0
2622,3,8561,2
2623,3,853,0
2624,3,2207,0
2625,3,5039,1
2626,3,4745,1
2627,3,3404,1
2628,3,8108,2
2629,3,6077,2
2630,3,5551,1
2631,3,1929,0
2632,3,4067,1
2633,3,2563,0
2634,3,5611,1
2635,3,5919,1
2636,3,8973,2
2637,3,6142,2
2638,3,2863,0
2639,3,697,0
2640,3,1367,0
2641,3,2085,0
2642,3,4082,1
2643,3,3989,1
2644,3,360,0
2645,3,5491,1
2646,3,8243,2
2647,3,3366,1
2648,3,4448,1
2649,3,3091,1
2650,3,6843,2
2651,3,8591,2
2652,3,403,0
2653,3,1589,0
2654,3,1970,0
2655,3,4032,1
2656,3,6424,2
2657,3,7336,2
2658,3,3840,1
2659,3,1924,0
2660,3,7675,2
2661,3,8097,2
2662,3,2478,0
2663,3,7430,2
2664,3,6896,2
2665,3,8204,2
2666,3,4829,1
2667,3,3142,1
2668,3,4694,1
2669,3,6990,2
2670,3,4251,1
2671,3,7929,2
2672,3,4300,1
2673,3,5998,1
2674,3,626,0
2675,3,4770,1
2676,3,3907,1
2677,3,3496,1
2678,3,7888,2
2679,3,7985,2
2680,3,1353,0
2681,3,1715,0
2682,3,17,0
2683,3,4111,1
2684,3,4200,1
2685,3,4144,1
2686,3,1799,0
2687,3,3612,1
2688,3,4248,1
2689,3,3468,1
2690,3,2813,0
2691,3,909,0
2692,3,8963,2
2693,3,6107,2
2694,3,996,0
2695,3,7910,2
2696,3,4804,1
2697,3,747,0
2698,3,20,0
2699,3,3029,1
2700,3,6002,2
2701,3,1467,0
2702,3,3434,1
2703,3,2063,0
2704,3,8932,2
2705,3,7245,2
2706,3,7109,2
2707,3,5102,1
2708,3,3122,1
2709,3,4356,1
2710,3,3209,1
2711,3,5059,1
2712,3,4210,1
2713,3,3801,1
2714,3,4896,1
2715,3,637,0
2716,3,3118,1
2717,3,7575,2
2718,3,6632,2
2719,3,38,0
2720,3,5115,1
2721,3,6379,2
2722,3,5050,1
2723,3,6059,2
2724,3,523,0
2725,3,8843,2
2726,3,8530,2
2727,3,5934,1
2728,3,1674,0
2729,3,6918,2
2730,3,2909,0
2731,3,7794,2
2732,3,3518,1
2733,3,5311,1
2734,3,145,0
2735,3,1429,0
2736,3,4362,1
2737,3,4555,1
2738,3,7941,2
2739,3,1565,0
2740,3,439,0
2741,3,8750,2
2742,3,4735,1
2743,3,2548,0
2744,3,4757,1
2745,3,915,0
2746,3,19,0
2747,3,735,0
2748,3,2606,0
2749,3,6630,2
2750,3,7011,2
2751,3,7785,2
2752,3,8132,2
2753,3,5302,1
2754,3,2562,0
2755,3,643,0
2756,3,6334,2
2757,3,4149,1
2758,3,8491,2
2759,3,1780,0
2760,3,5928,1
2761,3,6574,2
2762,3,6134,2
2763,3,5937,1
2764,3,7546,2
2765,3,5629,1
2766,3,8961,2
2767,3,8260,2
2768,3,7646,2
2769,3,1312,0
2770,3,2935,0
2771,3,4935,1
2772,3,92,0
2773,3,6551,2
2774,3,5362,1
2775,3,6040,2
2776,3,5599,1
2777,3,2278,0
2778,3,8370,2
2779,3,6339,2
2780,3,331,0
2781,3,6223,2
2782,3,7392,2
2783,3,1084,0
2784,3,3276,1
2785,3,3260,1
2786,3,6353,2
2787,3,7731,2
2788,3,1055,0
2789,3,3504,1
2790,3,7765,2
2791,3,1031,0
2792,3,6065,2
2793,3,3171,1
2794,3,504,0
2795,3,2900,0
2796,3,4938,1
2797,3,3888,1
2798,3,7106,2
2799,3,2108,0
2800,3,1281,0
2801,3,7047,2
2802,3,4540,1
2803,3,5912,1
2804,3,8343,2
2805,3,3057,1
2806,3,7699,2
2807,3,849,0
2808,3,6475,2
2809,3,8614,2
2810,3,6184,2
2811,3,3968,1
2812,3,4884,1
2813,3,8056,2
2814,3,7880,2
2815,3,8903,2
2816,3,5907,1
2817,3,8853,2
2818,3,5763,1
2819,3,4812,1
2820,3,6358,2
2821,3,5827,1
2822,3,725,0
2823,3,2959,0
2824,3,7453,2
2825,3,5405,1
2826,3,3474,1
2827,3,8680,2
2828,3,3483,1
2829,3,8141,2
2830,3,1981,0
2831,3,3778,1
2832,3,7205,2
2833,3,5280,1
2834,3,2454,0
2835,3,4776,1
2836,3,5305,1
2837,3,7956,2
2838,3,4846,1
2839,3,1360,0
2840,3,1860,0
2841,3,919,0
2842,3,1111,0
2843,3,2749,0
2844,3,1328,0
2845,3,1821,0
2846,3,6159,2
2847,3,1081,0
2848,3,3245,1
2849,3,467,0
2850,3,8428,2
2851,3,8267,2
2852,3,4852,1
2853,3,5703,1
2854,3,3025,1
2855,3,4520,1
2856,3,6222,2
2857,3,5065,1
2858,3,3923,1
2859,3,3150,1
2860,3,8978,2
2861,3,2296,0
2862,3,1659,0
2863,3,1091,0
2864,3,973,0
2865,3,7387,2
2866,3,2566,0
2867,3,1,0
2868,3,8615,2
2869,3,1461,0
2870,3,1357,0
2871,3,8143,2
2872,3,3569,1
2873,3,1593,0
2874,3,3890,1
2875,3,4442,1
2876,3,4547,1
2877,3,1490,0
2878,3,6443,2
2879,3,759,0
2880,3,6677,2
2881,3,7517,2
2882,3,3879,1
2883,3,5947,1
2884,3,7863,2
2885,3,5062,1
2886,3,1210,0
2887,3,7693,2
2888,3,8212,2
2889,3,1597,0
2890,3,1510,0
2891,3,4488,1
2892,3,8464,2
2893,3,3905,1
2894,3,3836,1
2895,3,493,0
2896,3,7163,2
2897,3,5433,1
2898,3,4078,1
2899,3,598,0
2900,3,7334,2
2901,3,5717,1
2902,3,5638,1
2903,3,3430,1
2904,3,4643,1
2905,3,2459,0
2906,3,1070,0
2907,3,4113,1
2908,3,4001,1
2909,3,3495,1
2910,3,3220,1
2911,3,7951,2
2912,3,2924,0
2913,3,1871,0
2914,3,861,0
2915,3,516,0
2916,3,925,0
2917,3,7182,2
2918,3,7588,2
2919,3,7196,2
2920,3,8266,2
2921,3,2258,0
2922,3,7347,2
2923,3,6500,2
2924,3,7602,2
2925,3,525,0
2926,3,88,0
2927,3,3800,1
2928,3,1835,0
2929,3,4142,1
2930,3,5060,1
2931,3,6920,2
2932,3,7745,2
2933,3,2055,0
2934,3,6021,2
2935,3,3189,1
2936,3,5729,1
2937,3,2888,0
2938,3,4430,1
2939,3,2839,0
2940,3,5492,1
2941,3,8924,2
2942,3,112,0
2943,3,2337,0
2944,3,4369,1
2945,3,7877,2
2946,3,1495,0
2947,3,4726,1
2948,3,8237,2
2949,3,3986,1
2950,3,2020,0
2951,3,7928,2
2952,3,1192,0
2953,3,1781,0
2954,3,1395,0
2955,3,1129,0
2956,3,2712,0
2957,3,8970,2
2958,3,8619,2
2959,3,8648,2
2960,3,5449,1
2961,3,5025,1
2962,3,7363,2
2963,3,224,0
2964,3,377,0
2965,3,2062,0
2966,3,62,0
2967,3,6187,2
2968,3,205,0
2969,3,1106,0
2970,3,4756,1
2971,3,2565,0
2972,3,7353,2
2973,3,7515,2
2974,3,6350,2
2975,3,3624,1
2976,3,5610,1
2977,3,4958,1
2978,3,8870,2
2979,3,5691,1
2980,3,3055,1
2981,3,6702,2
2982,3,684,0
2983,3,5845,1
2984,3,8706,2
2985,3,7266,2
2986,3,3489,1
2987,3,7394,2
2988,3,3212,1
2989,3,8238,2
2990,3,247,0
2991,3,8734,2
2992,3,5261,1
2993,3,1645,0
2994,3,4188,1
2995,3,6333,2
2996,3,5501,1
2997,3,5391,1
2998,3,1141,0
2999,3,8500,2
3000,3,3699,1
3001,3,4003,1
3002,3,8065,2
3003,3,6013,2
3004,3,6581,2
3005,3,5300,1
3006,3,1501,0
3007,3,6531,2
3008,3,4576,1
3009,3,4586,1
3010,3,3661,1
3011,3,8949,2
3012,3,6355,2
3013,3,2064,0
3014,3,1806,0
3015,3,7830,2
3016,3,3206,1
3017,3,1673,0
3018,3,651,0
3019,3,2306,0
3020,3,8455,2
3021,3,4194,1
3022,3,6575,2
3023,3,4295,1
3024,3,2173,0
3025,3,4297,1
3026,3,6715,2
3027,3,1159,0
3028,3,5406,1
3029,3,7276,2
3030,3,3563,1
3031,3,2190,0
3032,3,7684,2
3033,3,4466,1
3034,3,2633,0
3035,3,2280,0
3036,3,8990,2
3037,3,2457,0
3038,3,4044,1
3039,3,7921,2
3040,3,2087,0
3041,3,6348,2
3042,3,4423,1
3043,3,8322,2
3044,3,7356,2
3045,3,315,0
3046,3,2025,0
3047,3,5116,1
3048,3,4716,1
3049,3,828,0
3050,3,573,0
3051,3,6389,2
3052,3,5,0
3053,3,3178,1
3054,3,8296,2
3055,3,68,0
3056,3,7804,2
3057,3,4674,1
3058,3,2219,0
3059,3,4182,1
3060,3,4661,1
3061,3,8008,2
3062,3,6127,2
3063,3,1864,0
3064,3,1351,0
3065,3,4456,1
3066,3,1125,0
3067,3,5345,1
3068,3,8701,2
3069,3,6786,2
3070,3,4489,1
3071,3,8571,2
3072,3,4602,1
3073,3,2840,0
3074,3,3147,1
3075,3,6345,2
3076,3,5790,1
3077,3,2320,0
3078,3,6564,2
3079,3,4567,1
3080,3,8425,2
3081,3,5726,1
3082,3,661,0
3083,3,8759,2
3084,3,5451,1
3085,3,599,0
3086,3,458,0
3087,3,2287,0
3088,3,8456,2
3089,3,1934,0
3090,3,8246,2
3091,3,5838,1
3092,3,4233,1
3093,3,6121,2
3094,3,4670,1
3095,3,2884,0
3096,3,960,0
3097,3,627,0
3098,3,8291,2
3099,3,8313,2
3100,3,8336,2
3101,3,7395,2
3102,3,8691,2
3103,3,8253,2
3104,3,1718,0
3105,3,2802,0
3106,3,7211,2
3107,3,1171,0
3108,3,5965,1
3109,3,7027,2
3110,3,1403,0
3111,3,3261,1
3112,3,3545,1
3113,3,6833,2
3114,3,647,0
3115,3,8228,2
3116,3,8834,2
3117,3,5452,1
3118,3,8089,2
3119,3,5803,1
3120,3,6172,2
3121,3,7871,2
3122,3,2601,0
3123,3,3626,1
3124,3,8460,2
3125,3,2898,0
3126,3,5862,1
3127,3,8597,2
3128,3,2881,0
3129,3,978,0
3130,3,389,0
3131,3,7010,2
3132,3,6514,2
3133,3,7147,2
3134,3,8407,2
3135,3,8581,2
3136,3,8009,2
3137,3,8659,2
3138,3,6587,2
3139,3,7639,2
3140,3,4298,1
3141,3,7662,2
3142,3,7151,2
3143,3,2729,0
3144,3,2246,0
3145,3,1157,0
3146,3,4223,1
3147,3,2483,0
3148,3,3389,1
3149,3,7604,2
3150,3,3600,1
3151,3,4632,1
3152,3,6232,2
3153,3,3551,1
3154,3,5218,1
3155,3,3003,1
3156,3,8576,2
3157,3,284,0
3158,3,6610,2
3159,3,5665,1
3160,3,2273,0
3161,3,7374,2
3162,3,1177,0
3163,3,2725,0
3164,3,2718,0
3165,3,5156,1
3166,3,7688,2
3167,3,4940,1
3168,3,5538,1
3169,3,8593,2
3170,3,4340,1
3171,3,5204,1
3172,3,4516,1
3173,3,8526,2
3174,3,2308,0
3175,3,4713,1
3176,3,5188,1
3177,3,37,0
3178,3,3281,1
3179,3,3633,1
3180,3,359,0
3181,3,3120,1
3182,3,8594,2
3183,3,7562,2
3184,3,6209,2
3185,3,5710,1
3186,3,8911,2
3187,3,1257,0
3188,3,3579,1
3189,3,1319,0
3190,3,5756,1
3191,3,3436,1
3192,3,765,0
3193,3,4470,1
3194,3,2755,0
3195,3,7004,2
3196,3,4105,1
3197,3,445,0
3198,3,8661,2
3199,3,2710,0
3200,3,3636,1
3201,3,2288,0
3202,3,5098,1
3203,3,6397,2
3204,3,7711,2
3205,3,3832,1
3206,3,2540,0
3207,3,2242,0
3208,3,7032,2
3209,3,1170,0
3210,3,1784,0
3211,3,12,0
3212,3,5917,1
3213,3,7686,2
3214,3,278,0
3215,3,3906,1
3216,3,4228,1
3217,3,5385,1
3218,3,4811,1
3219,3,3024,1
3220,3,4514,1
3221,3,2576,0
3222,3,4845,1
3223,3,7343,2
3224,3,8566,2
3225,3,1298,0
3226,3,8079,2
3227,3,1543,0
3228,3,854,0
3229,3,3246,1
3230,3,7864,2
3231,3,7689,2
3232,3,8918,2
3233,3,3921,1
3234,3,1786,0
3235,3,4669,1
3236,3,3664,1
3237,3,2069,0
3238,3,8508,2
3239,3,614,0
3240,3,2735,0
3241,3,5378,1
3242,3,5493,1
3243,3,8754,2
3244,3,6509,2
3245,3,4476,1
3246,3,5126,1
3247,3,6888,2
3248,3,1625,0
3249,3,6419,2
3250,3,86,0
3251,3,7857,2
3252,3,3111,1
3253,3,931,0
3254,3,8781,2
3255,3,6425,2
3256,3,3673,1
3257,3,3691,1
3258,3,8720,2
3259,3,8718,2
3260,3,2534,0
3261,3,4247,1
3262,3,3655,1
3263,3,5369,1
3264,3,3573,1
3265,3,1939,0
3266,3,7091,2
3267,3,8826,2
3268,3,45,0
3269,3,5745,1
3270,3,1296,0
3271,3,5341,1
3272,3,8372,2
3273,3,5322,1
3274,3,5617,1
3275,3,1358,0
3276,3,2631,0
3277,3,2722,0
3278,3,442,0
3279,3,3418,1
3280,3,2612,0
3281,3,5582,1
3282,3,7963,2
3283,3,8560,2
3284,3,4313,1
3285,3,491,0
3286,3,6649,2
3287,3,1679,0
3288,3,7212,2
3289,3,5083,1
3290,3,8427,2
3291,3,8917,2
3292,3,4531,1
3293,3,4840,1
3294,3,381,0
3295,3,4780,1
3296,3,892,0
3297,3,5586,1
3298,3,6099,2
3299,3,5032,1
3300,3,6404,2
3301,3,3928,1
3302,3,5695,1
3303,3,8216,2
3304,3,2112,0
3305,3,567,0
3306,3,4462,1
3307,3,2832,0
3308,3,1862,0
3309,3,1665,0
3310,3,1163,0
3311,3,7252,2
3312,3,7460,2
3313,3,2820,0
3314,3,6742,2
3315,3,2093,0
3316,3,5942,1
3317,3,3388,1
3318,3,4711,1
3319,3,3799,1
3320,3,2960,0
3321,3,4495,1
3322,3,111,0
3323,3,8258,2
3324,3,2895,0
3325,3,2342,0
3326,3,2205,0
3327,3,8621,2
3328,3,5187,1
3329,3,4639,1
3330,3,8797,2
3331,3,5458,1
3332,3,3343,1
3333,3,141,0
3334,3,1877,0
3335,3,5471,1
3336,3,2885,0
3337,3,4687,1
3338,3,3812,1
3339,3,1441,0
3340,3,379,0
3341,3,3792,1
3342,3,1418,0
3343,3,5177,1
3344,3,3526,1
3345,3,2790,0
3346,3,97,0
3347,3,2541,0
3348,3,4583,1
3349,3,305,0
3350,3,8448,2
3351,3,5751,1
3352,3,8465,2
3353,3,2992,0
3354,3,5181,1
3355,3,3492,1
3356,3,1517,0
3357,3,4797,1
3358,3,7403,2
3359,3,8120,2
3360,3,3605,1
3361,3,5883,1
3362,3,8230,2
3363,3,3939,1
3364,3,4139,1
3365,3,4164,1
3366,3,625,0
3367,3,7524,2
3368,3,7647,2
3369,3,3951,1
3370,3,2615,0
3371,3,1402,0
3372,3,8119,2
3373,3,261,0
3374,3,7955,2
3375,3,5393,1
3376,3,5974,1
3377,3,827,0
3378,3,6044,2
3379,3,4434,1
3380,3,8765,2
3381,3,5721,1
3382,3,1109,0
3383,3,3279,1
3384,3,833,0
3385,3,7354,2
3386,3,1986,0
3387,3,4375,1
3388,3,6965,2
3389,3,2603,0
3390,3,2638,0
3391,3,2549,0
3392,3,7732,2
3393,3,7449,2
3394,3,7162,2
3395,3,4486,1
3396,3,8612,2
3397,3,6922,2
3398,3,121,0
3399,3,4881,1
3400,3,2167,0
3401,3,4281,1
3402,3,41,0
3403,3,8744,2
3404,3,5244,1
3405,3,611,0
3406,3,2268,0
3407,3,1112,0
3408,3,1462,0
3409,3,4198,1
3410,3,2369,0
3411,3,5879,1
3412,3,6744,2
3413,3,5999,1
3414,3,164,0
3415,3,580,0
3416,3,890,0
3417,3,7117,2
3418,3,3723,1
3419,3,5247,1
3420,3,1906,0
3421,3,1466,0
3422,3,6981,2
3423,3,5070,1
3424,3,2869,0
3425,3,1149,0
3426,3,8796,2
3427,3,858,0
3428,3,6791,2
3429,3,7079,2
3430,3,122,0
3431,3,5847,1
3432,3,6181,2
3433,3,3662,1
3434,3,2785,0
3435,3,3244,1
3436,3,413,0
3437,3,5380,1
3438,3,7894,2
3439,3,7998,2
3440,3,3517,1
3441,3,6118,2
3442,3,2248,0
3443,3,6547,2
3444,3,5900,1
3445,3,6226,2
3446,3,5251,1
3447,3,3351,1
3448,3,7532,2
3449,3,4993,1
3450,3,4972,1
3451,3,8368,2
3452,3,5626,1
3453,3,5461,1
3454,3,118,0
3455,3,8739,2
3456,3,2632,0
3457,3,3274,1
3458,3,8043,2
3459,3,7551,2
3460,3,3059,1
3461,3,2067,0
3462,3,2175,0
3463,3,6912,2
3464,3,2527,0
3465,3,1691,0
3466,3,7957,2
3467,3,3140,1
3468,3,7576,2
3469,3,5732,1
3470,3,5169,1
3471,3,91,0
3472,3,4591,1
3473,3,6550,2
3474,3,4825,1
3475,3,8511,2
3476,3,8310,2
3477,3,8548,2
3478,3,423,0
3479,3,3250,1
3480,3,5977,1
3481,3,7530,2
3482,3,6617,2
3483,3,3016,1
3484,3,933,0
3485,3,4618,1
3486,3,8040,2
3487,3,3903,1
3488,3,7401,2
3489,3,4204,1
3490,3,4801,1
3491,3,1987,0
3492,3,5948,1
3493,3,1098,0
3494,3,8351,2
3495,3,5608,1
3496,3,2036,0
3497,3,5319,1
3498,3,874,0
3499,3,5111,1
3500,3,7558,2
3501,3,3093,1
3502,3,5794,1
3503,3,5901,1
3504,3,7611,2
3505,3,1535,0
3506,3,3078,1
3507,3,1255,0
3508,3,3570,1
3509,3,1569,0
3510,3,4810,1
3511,3,6294,2
3512,3,8943,2
3513,3,3040,1
3514,3,8974,2
3515,3,1933,0
3516,3,2450,0
3517,3,8662,2
3518,3,5421,1
3519,3,5571,1
3520,3,6555,2
3521,3,6644,2
3522,3,7093,2
3523,3,2945,0
3524,3,589,0
3525,3,5205,1
3526,3,4673,1
3527,3,2596,0
3528,3,1615,0
3529,3,6083,2
3530,3,6937,2
3531,3,8753,2
3532,3,5447,1
3533,3,8821,2
3534,3,3367,1
3535,3,4660,1
3536,3,25,0
3537,3,6191,2
3538,3,6925,2
3539,3,7837,2
3540,3,4565,1
3541,3,5437,1
3542,3,7615,2
3543,3,7190,2
3544,3,5787,1
3545,3,8611,2
3546,3,8117,2
3547,3,4833,1
3548,3,8838,2
3549,3,5125,1
3550,3,841,0
3551,3,5201,1
3552,3,3167,1
3553,3,6939,2
3554,3,1248,0
3555,3,1914,0
3556,3,7521,2
3557,3,3308,1
3558,3,5073,1
3559,3,1217,0
3560,3,3214,1
3561,3,7847,2
3562,3,5160,1
3563,3,4392,1
3564,3,4016,1
3565,3,3352,1
3566,3,5137,1
3567,3,5010,1
3568,3,1941,0
3569,3,2650,0
3570,3,2267,0
3571,3,3784,1
3572,3,2599,0
3573,3,2137,0
3574,3,7768,2
3575,3,4689,1
3576,3,2027,0
3577,3,3552,1
3578,3,4102,1
3579,3,8190,2
3580,3,7456,2
3581,3,584,0
3582,3,7621,2
3583,3,4924,1
3584,3,5384,1
3585,3,4635,1
3586,3,6624,2
3587,3,3527,1
3588,3,5990,1
3589,3,4633,1
3590,3,3927,1
3591,3,4550,1
3592,3,6860,2
3593,3,4331,1
3594,3,2977,0
3595,3,3945,1
3596,3,5535,1
3597,3,8820,2
3598,3,2522,0
3599,3,936,0
3600,3,3376,1
3601,3,4590,1
3602,3,5645,1
3603,3,6554,2
3604,3,5786,1
3605,3,2330,0
3606,3,1887,0
3607,3,1227,0
3608,3,3894,1
3609,3,8855,2
3610,3,6249,2
3611,3,4521,1
3612,3,8290,2
3613,3,8451,2
3614,3,3295,1
3615,3,3218,1
3616,3,6104,2
3617,3,2145,0
3618,3,837,0
3619,3,2201,0
3620,3,5944,1
3621,3,2354,0
3622,3,6975,2
3623,3,6371,2
3624,3,2346,0
3625,3,186,0
3626,3,8954,2
3627,3,2420,0
3628,3,3975,1
3629,3,3931,1
3630,3,7208,2
3631,3,713,0
3632,3,26,0
3633,3,994,0
3634,3,2561,0
3635,3,1448,0
3636,3,7259,2
3637,3,8794,2
3638,3,3215,1
3639,3,7120,2
3640,3,7509,2
3641,3,3469,1
3642,3,6602,2
3643,3,3668,1
3644,3,6682,2
3645,3,8967,2
3646,3,3649,1
3647,3,4286,1
3648,3,1743,0
3649,3,757,0
3650,3,5152,1
3651,3,7457,2
3652,3,2762,0
3653,3,8941,2
3654,3,2414,0
3655,3,2193,0
3656,3,2946,0
3657,3,8247,2
3658,3,5440,1
3659,3,6070,2
3660,3,1798,0
3661,3,8793,2
3662,3,335,0
3663,3,6899,2
3664,3,754,0
3665,3,1592,0
3666,3,2407,0
3667,3,2681,0
3668,3,2555,0
3669,3,5767,1
3670,3,612,0
3671,3,5706,1
3672,3,5630,1
3673,3,8476,2
3674,3,8136,2
3675,3,1884,0
3676,3,2372,0
3677,3,5882,1
3678,3,8760,2
3679,3,2702,0
3680,3,2177,0
3681,3,5337,1
3682,3,5163,1
3683,3,7393,2
3684,3,8202,2
3685,3,2917,0
3686,3,5318,1
3687,3,7260,2
3688,3,5676,1
3689,3,2608,0
3690,3,7383,2
3691,3,6439,2
3692,3,6269,2
3693,3,3224,1
3694,3,1789,0
3695,3,5640,1
3696,3,7633,2
3697,3,8036,2
3698,3,7169,2
3699,3,655,0
3700,3,6652,2
3701,3,5549,1
3702,3,3398,1
3703,3,2293,0
3704,3,5914,1
3705,3,2809,0
3706,3,3943,1
3707,3,3219,1
3708,3,8672,2
3709,3,1624,0
3710,3,3421,1
3711,3,6525,2
3712,3,1812,0
3713,3,8366,2
3714,3,5844,1
3715,3,5955,1
3716,3,7881,2
3717,3,6541,2
3718,3,329,0
3719,3,4592,1
3720,3,8070,2
3721,3,5463,1
3722,3,2217,0
3723,3,6467,2
3724,3,8663,2
3725,3,8074,2
3726,3,5655,1
3727,3,1322,0
3728,3,649,0
3729,3,1251,0
3730,3,8358,2
3731,3,4469,1
3732,3,2335,0
3733,3,4671,1
3734,3,1980,0
3735,3,8639,2
3736,3,2240,0
3737,3,1158,0
3738,3,2660,0
3739,3,4619,1
3740,3,8763,2
3741,3,6804,2
3742,3,7327,2
3743,3,2332,0
3744,3,8437,2
3745,3,8272,2
3746,3,899,0
3747,3,3123,1
3748,3,4290,1
3749,3,5733,1
3750,3,8877,2
3751,3,6131,2
3752,3,5712,1
3753,3,6318,2
3754,3,8575,2
3755,3,85,0
3756,3,4059,1
3757,3,1734,0
3758,3,1088,0
3759,3,2804,0
3760,3,6018,2
3761,3,7890,2
3762,3,4506,1
3763,3,6772,2
3764,3,8987,2
3765,3,5350,1
3766,3,5546,1
3767,3,3205,1
3768,3,238,0
3769,3,2409,0
3770,3,1756,0
3771,3,6725,2
3772,3,7397,2
3773,3,4187,1
3774,3,2672,0
3775,3,6024,2
3776,3,7426,2
3777,3,7729,2
3778,3,6768,2
3779,3,6243,2
3780,3,7022,2
3781,3,1680,0
3782,3,4796,1
3783,3,7440,2
3784,3,4109,1
3785,3,2961,0
3786,3,341,0
3787,3,8719,2
3788,3,1807,0
3789,3,985,0
3790,3,5742,1
3791,3,7173,2
3792,3,310,0
3793,3,5334,1
3794,3,6221,2
3795,3,6627,2
3796,3,1349,0
3797,3,1778,0
3798,3,3595,1
3799,3,5831,1
3800,3,1988,0
3801,3,4597,1
3802,3,2595,0
3803,3,3730,1
3804,3,6636,2
3805,3,52,0
3806,3,4355,1
3807,3,1410,0
3808,3,3470,1
3809,3,2849,0
3810,3,3255,1
3811,3,7371,2
3812,3,1292,0
3813,3,8354,2
3814,3,8134,2
3815,3,1374,0
3816,3,3338,1
3817,3,8383,2
3818,3,227,0
3819,3,949,0
3820,3,2878,0
3821,3,8186,2
3822,3,8102,2
3823,3,1452,0
3824,3,2364,0
3825,3,3230,1
3826,3,6728,2
3827,3,4764,1
3828,3,8590,2
3829,3,7931,2
3830,3,6361,2
3831,3,8160,2
3832,3,6916,2
3833,3,5134,1
3834,3,1297,0
3835,3,198,0
3836,3,6864,2
3837,3,4426,1
3838,3,6770,2
3839,3,8802,2
3840,3,6374,2
3841,3,8219,2
3842,3,3097,1
3843,3,2652,0
3844,3,8252,2
3845,3,3070,1
3846,3,7959,2
3847,3,8656,2
3848,3,177,0
3849,3,7638,2
3850,3,330,0
3851,3,109,0
3852,3,2556,0
3853,3,7433,2
3854,3,3346,1
3855,3,4645,1
3856,3,6722,2
3857,3,3870,1
3858,3,1792,0
3859,3,4224,1
3860,3,5014,1
3861,3,6532,2
3862,3,1498,0
3863,3,5866,1
3864,3,5100,1
3865,3,4030,1
3866,3,7514,2
3867,3,5175,1
3868,3,2642,0
3869,3,2923,0
3870,3,5819,1
3871,3,2620,0
3872,3,1414,0
3873,3,1783,0
3874,3,911,0
3875,3,4986,1
3876,3,3858,1
3877,3,1710,0
3878,3,2366,0
3879,3,5689,1
3880,3,8687,2
3881,3,1554,0
3882,3,7984,2
3883,3,6958,2
3884,3,3015,1
3885,3,8633,2
3886,3,6830,2
3887,3,387,0
3888,3,6182,2
3889,3,1398,0
3890,3,2828,0
3891,3,2034,0
3892,3,3911,1
3893,3,2874,0
3894,3,3635,1
3895,3,3363,1
3896,3,4501,1
3897,3,1875,0
3898,3,8947,2
3899,3,1394,0
3900,3,7694,2
3901,3,2553,0
3902,3,967,0
3903,3,2686,0
3904,3,839,0
3905,3,7292,2
3906,3,6530,2
3907,3,138,0
3908,3,115,0
3909,3,2379,0
3910,3,2803,0
3911,3,4865,1
3912,3,5562,1
3913,3,1626,0
3914,3,4274,1
3915,3,230,0
3916,3,3271,1
3917,3,1975,0
3918,3,6977,2
3919,3,3973,1
3920,3,7832,2
3921,3,7741,2
3922,3,4570,1
3923,3,575,0
3924,3,1000,0
3925,3,3892,1
3926,3,7942,2
3927,3,818,0
3928,3,433,0
3929,3,2117,0
3930,3,6144,2
3931,3,2445,0
3932,3,4813,1
3933,3,2218,0
3934,3,3145,1
3935,3,7636,2
3936,3,6395,2
3937,3,340,0
3938,3,4918,1
3939,3,4847,1
3940,3,4398,1
3941,3,5946,1
3942,3,7999,2
3943,3,1752,0
3944,3,7215,2
3945,3,2203,0
3946,3,1843,0
3947,3,8756,2
3948,3,211,0
3949,3,2318,0
3950,3,3924,1
3951,3,6662,2
3952,3,1274,0
3953,3,7119,2
3954,3,2435,0
3955,3,2223,0
3956,3,6487,2
3957,3,5005,1
3958,3,165,0
3959,3,3301,1
3960,3,6163,2
3961,3,6740,2
3962,3,7938,2
3963,3,1507,0
3964,3,7052,2
3965,3,6710,2
3966,3,7522,2
3967,3,3399,1
3968,3,3761,1
3969,3,5654,1
3970,3,3280,1
3971,3,4999,1
3972,3,136,0
3973,3,4581,1
3974,3,5698,1
3975,3,2257,0
3976,3,3834,1
3977,3,5276,1
3978,3,1302,0
3979,3,6463,2
3980,3,4625,1
3981,3,7996,2
3982,3,6903,2
3983,3,6720,2
3984,3,8051,2
3985,3,1735,0
3986,3,896,0
3987,3,1096,0
3988,3,6826,2
3989,3,4554,1
3990,3,290,0
3991,3,8546,2
3992,3,4871,1
3993,3,8912,2
3994,3,3249,1
3995,3,2424,0
3996,3,6320,2
3997,3,2932,0
3998,3,4843,1
3999,3,6117,2
4000,3,5810,1
4001,3,3589,1
4002,3,4163,1
4003,4,1596,0
4004,4,4432,1
4005,4,486,0
4006,4,6503,0
4007,4,4650,1
4008,4,5925,1
4009,4,6407,0
4010,4,6296,1
4011,4,8374,1
4012,4,2833,0
4013,4,1529,0
4014,4,393,0
4015,4,2908,0
4016,4,2172,0
4017,4,6849,0
4018,4,1191,0
4019,4,7465,1
4020,4,1041,0
4021,4,4409,1
4022,4,5980,1
4023,4,1865,0
4024,4,505,0
4025,4,788,0
4026,4,4728,1
4027,4,3646,1
4028,4,5238,1
4029,4,6961,0
4030,4,4403,1
4031,4,8311,1
4032,4,4306,1
4033,4,4042,1
4034,4,2528,0
4035,4,8033,0
4036,4,2368,0
4037,4,8589,1
4038,4,7666,0
4039,4,5837,1
4040,4,7902,0
4041,4,4641,1
4042,4,4779,1
4043,4,4508,1
4044,4,3941,1
4045,4,6756,0
4046,4,2614,0
4047,4,466,0
4048,4,4090,1
4049,4,81,0
4050,4,5167,1
4051,4,8098,0
4052,4,3693,1
4053,4,7071,0
4054,4,5514,1
4055,4,4710,1
4056,4,4731,1
4057,4,4193,1
4058,4,8569,0
4059,4,2915,0
4060,4,6712,0
4061,4,7802,0
4062,4,6109,0
4063,4,6685,0
4064,4,1542,0
4065,4,1313,0
4066,4,6108,1
4067,4,3408,1
4068,4,343,0
4069,4,191,0
4070,4,108,0
4071,4,3370,1
4072,4,7209,1
4073,4,5237,1
4074,4,1489,0
4075,4,8936,0
4076,4,8306,0
4077,4,7861,0
4078,4,1689,0
4079,4,7439,1
4080,4,2123,0
4081,4,4794,1
4082,4,3571,1
4083,4,2058,0
4084,4,7269,1
4085,4,5527,1
4086,4,2353,0
4087,4,8939,0
4088,4,6645,0
4089,4,2103,0
4090,4,5694,1
4091,4,7139,0
4092,4,3764,1
4093,4,5085,1
4094,4,154,0
4095,4,785,0
4096,4,2047,0
4097,4,7713,0
4098,4,1601,0
4099,4,1582,0
4100,4,291,0
4101,4,1182,0
4102,4,8480,0
4103,4,1534,0
4104,4,4108,1
4105,4,5600,1
4106,4,2421,0
4107,4,7097,0
4108,4,4021,1
4109,4,5772,1
4110,4,4176,1
4111,4,3787,1
4112,4,4324,1
4113,4,2789,0
4114,4,6330,0
4115,4,7544,0
4116,4,3782,1
4117,4,1769,0
4118,4,6727,0
4119,4,8938,0
4120,4,5624,1
4121,4,2350,0
4122,4,3851,1
4123,4,4459,1
4124,4,1015,0
4125,4,1842,0
4126,4,7822,0
4127,4,446,0
4128,4,7233,0
4129,4,1858,0
4130,4,581,0
4131,4,5346,1
4132,4,6928,1
4133,4,8483,0
4134,4,1343,0
4135,4,8029,1
4136,4,1729,0
4137,4,5212,1
4138,4,6096,0
4139,4,3811,1
4140,4,3256,1
4141,4,498,0
4142,4,2604,0
4143,4,287,0
4144,4,2139,0
4145,4,3607,1
4146,4,953,0
4147,4,8523,0
4148,4,8167,0
4149,4,6234,0
4150,4,2913,0
4151,4,6674,0
4152,4,1868,0
4153,4,816,0
4154,4,8023,1
4155,4,2230,0
4156,4,6743,1
4157,4,8081,1
4158,4,7635,0
4159,4,3460,1
4160,4,2150,0
4161,4,7265,1
4162,4,5383,1
4163,4,7566,0
4164,4,7954,0
4165,4,2574,0
4166,4,6611,0
4167,4,7095,0
4168,4,8013,0
4169,4,3283,1
4170,4,5632,1
4171,4,6681,1
4172,4,2449,0
4173,4,4766,1
4174,4,7156,1
4175,4,7872,0
4176,4,5802,1
4177,4,8667,0
4178,4,2266,0
4179,4,2264,0
4180,4,383,0
4181,4,5450,1
4182,4,7536,0
4183,4,6393,0
4184,4,1027,0
4185,4,199,0
4186,4,3334,1
4187,4,786,0
4188,4,8541,0
4189,4,7021,0
4190,4,2095,0
4191,4,1500,0
4192,4,5051,1
4193,4,7284,1
4194,4,5931,1
4195,4,2400,0
4196,4,7750,0
4197,4,5091,1
4198,4,5953,1
4199,4,3207,1
4200,4,2176,0
4201,4,6577,1
4202,4,5964,1
4203,4,8722,0
4204,4,6870,0
4205,4,8862,1
4206,4,4264,1
4207,4,1916,0
4208,4,5884,1
4209,4,6097,0
4210,4,5080,1
4211,4,7423,0
4212,4,2823,0
4213,4,2403,0
4214,4,4079,1
4215,4,2164,0
4216,4,6784,1
4217,4,56,0
4218,4,6863,0
4219,4,267,0
4220,4,1520,0
4221,4,8357,0
4222,4,1898,0
4223,4,7805,0
4224,4,6357,0
4225,4,1622,0
4226,4,8564,0
4227,4,6041,0
4228,4,6751,0
4229,4,1762,0
4230,4,8493,0
4231,4,982,0
4232,4,939,0
4233,4,1428,0
4234,4,2393,0
4235,4,1305,0
4236,4,3221,1
4237,4,728,0
4238,4,2858,0
4239,4,6437,0
4240,4,1087,0
4241,4,3355,1
4242,4,8224,0
4243,4,4784,1
4244,4,657,0
4245,4,8799,0
4246,4,2056,0
4247,4,3222,1
4248,4,4161,1
4249,4,5409,1
4250,4,4374,1
4251,4,7086,1
4252,4,588,0
4253,4,2949,0
4254,4,6512,0
4255,4,8402,0
4256,4,5150,1
4257,4,3629,1
4258,4,7298,0
4259,4,991,0
4260,4,671,0
4261,4,4271,1
4262,4,8997,1
4263,4,3672,1
4264,4,3913,1
4265,4,8697,0
4266,4,8847,0
4267,4,1957,0
4268,4,6818,0
4269,4,5541,1
4270,4,5329,1
4271,4,1114,0
4272,4,4890,1
4273,4,8409,0
4274,4,1342,0
4275,4,6553,0
4276,4,4319,1
4277,4,8375,1
4278,4,7325,1
4279,4,4317,1
4280,4,3254,1
4281,4,4143,1
4282,4,3340,1
4283,4,3731,1
4284,4,4775,1
4285,4,2971,0
4286,4,4226,1
4287,4,3316,1
4288,4,2987,0
4289,4,7603,0
4290,4,5872,1
4291,4,5593,1
4292,4,1958,0
4293,4,2402,0
4294,4,2098,0
4295,4,8972,0
4296,4,3119,1
4297,4,1020,0
4298,4,5961,1
4299,4,4629,1
4300,4,5502,1
4301,4,1537,0
4302,4,4186,1
4303,4,4767,1
4304,4,6769,0
4305,4,3130,1
4306,4,847,0
4307,4,2245,0
4308,4,7556,0
4309,4,7674,1
4310,4,8630,0
4311,4,1194,0
4312,4,3716,1
4313,4,8792,0
4314,4,155,0
4315,4,3522,1
4316,4,6011,0
4317,4,483,0
4318,4,2911,0
4319,4,7495,0
4320,4,8537,0
4321,4,123,0
4322,4,5207,1
4323,4,1424,0
4324,4,386,0
4325,4,3580,1
4326,4,2873,0
4327,4,4805,1
4328,4,4771,1
4329,4,6747,1
4330,4,3933,1
4331,4,7755,0
4332,4,2361,0
4333,4,5690,1
4334,4,2663,0
4335,4,7227,1
4336,4,5940,1
4337,4,7749,0
4338,4,6796,0
4339,4,477,0
4340,4,1077,0
4341,4,7893,0
4342,4,1348,0
4343,4,8547,1
4344,4,3405,1
4345,4,6061,0
4346,4,3901,1
4347,4,128,0
4348,4,7214,0
4349,4,436,0
4350,4,8888,0
4351,4,2446,0
4352,4,113,0
4353,4,6480,1
4354,4,8684,1
4355,4,6874,1
4356,4,5474,1
4357,4,5666,1
4358,4,6898,1
4359,4,4282,1
4360,4,2766,0
4361,4,5750,1
4362,4,5171,1
4363,4,4965,1
4364,4,799,0
4365,4,4513,1
4366,4,3910,1
4367,4,7681,0
4368,4,3021,1
4369,4,1103,0
4370,4,5987,1
4371,4,6242,0
4372,4,3988,1
4373,4,7155,0
4374,4,3525,1
4375,4,281,0
4376,4,7417,0
4377,4,579,0
4378,4,842,0
4379,4,3694,1
4380,4,18,0
4381,4,1974,0
4382,4,1561,0
4383,4,260,0
4384,4,7593,1
4385,4,8254,1
4386,4,4920,1
4387,4,8113,0
4388,4,1811,0
4389,4,908,0
4390,4,6629,0
4391,4,6773,0
4392,4,3519,1
4393,4,3181,1
4394,4,5153,1
4395,4,1677,0
4396,4,5430,1
4397,4,1014,0
4398,4,3149,1
4399,4,5677,1
4400,4,4497,1
4401,4,2186,0
4402,4,7185,0
4403,4,7083,0
4404,4,1973,0
4405,4,8935,1
4406,4,3273,1
4407,4,6601,0
4408,4,2292,0
4409,4,770,0
4410,4,7300,0
4411,4,7492,1
4412,4,6785,0
4413,4,4378,1
4414,4,2692,0
4415,4,1290,0
4416,4,6834,1
4417,4,5517,1
4418,4,1417,0
4419,4,7962,0
4420,4,2916,0
4421,4,1237,0
4422,4,5273,1
4423,4,4934,1
4424,4,8703,0
4425,4,3139,1
4426,4,6566,1
4427,4,3796,1
4428,4,3390,1
4429,4,2469,0
4430,4,8344,1
4431,4,4866,1
4432,4,4416,1
4433,4,8771,0
4434,4,4381,1
4435,4,174,0
4436,4,6726,0
4437,4,3458,1
4438,4,4321,1
4439,4,103,0
4440,4,4056,1
4441,4,7563,0
4442,4,4371,1
4443,4,2811,0
4444,4,2787,0
4445,4,1954,0
4446,4,6162,1
4447,4,1460,0
4448,4,4041,1
4449,4,4913,1
4450,4,7309,0
4451,4,1334,0
4452,4,2627,0
4453,4,8233,0
4454,4,7444,1
4455,4,1232,0
4456,4,3414,1
4457,4,5161,1
4458,4,1485,0
4459,4,5441,1
4460,4,3409,1
4461,4,3531,1
4462,4,3310,1
4463,4,5448,1
4464,4,6465,1
4465,4,3868,1
4466,4,6569,0
4467,4,7914,0
4468,4,1282,0
4469,4,5132,1
4470,4,1829,0
4471,4,6717,0
4472,4,3521,1
4473,4,8183,0
4474,4,2121,0
4475,4,2947,0
4476,4,8991,0
4477,4,4894,1
4478,4,3107,1
4479,4,1496,0
4480,4,714,0
4481,4,1118,0
4482,4,402,0
4483,4,1124,0
4484,4,7567,1
4485,4,6515,0
4486,4,4827,1
4487,4,5071,1
4488,4,2550,0
4489,4,2310,0
4490,4,5364,1
4491,4,8679,0
4492,4,8270,1
4493,4,4921,1
4494,4,8478,0
4495,4,1423,0
4496,4,5041,1
4497,4,3317,1
4498,4,6151,1
4499,4,6026,0
4500,4,2501,0
4501,4,4177,1
4502,4,61,0
4503,4,7288,1
4504,4,2901,0
4505,4,8210,0
4506,4,4473,1
4507,4,700,0
4508,4,3045,1
4509,4,5885,1
4510,4,8423,0
4511,4,8791,0
4512,4,1558,0
4513,4,5853,1
4514,4,8875,0
4515,4,1900,0
4516,4,6545,1
4517,4,5129,1
4518,4,2867,0
4519,4,6572,0
4520,4,604,0
4521,4,6260,1
4522,4,339,0
4523,4,5240,1
4524,4,8913,0
4525,4,8536,1
4526,4,4724,1
4527,4,8373,0
4528,4,2233,0
4529,4,4758,1
4530,4,8712,0
4531,4,5602,1
4532,4,2994,0
4533,4,662,0
4534,4,8071,0
4535,4,5719,1
4536,4,1966,0
4537,4,7655,1
4538,4,6264,0
4539,4,7324,0
4540,4,6711,1
4541,4,1549,0
4542,4,3485,1
4543,4,4008,1
4544,4,2508,0
4545,4,552,0
4546,4,6458,0
4547,4,1771,0
4548,4,6651,0
4549,4,3466,1
4550,4,5962,1
4551,4,2866,0
4552,4,6764,0
4553,4,6418,0
4554,4,1427,0
4555,4,7112,1
4556,4,7743,1
4557,4,7518,0
4558,4,2764,0
4559,4,8220,0
4560,4,7697,0
4561,4,2490,0
4562,4,4034,1
4563,4,3666,1
4564,4,6488,1
4565,4,6125,0
4566,4,4231,1
4567,4,7230,0
4568,4,1147,0
4569,4,6450,0
4570,4,7865,0
4571,4,851,0
4572,4,2730,0
4573,4,6746,0
4574,4,367,0
4575,4,8330,0
4576,4,5776,1
4577,4,7415,0
4578,4,687,0
4579,4,6676,0
4580,4,3058,1
4581,4,6867,0
4582,4,4133,1
4583,4,6215,1
4584,4,8082,0
4585,4,1574,0
4586,4,6388,0
4587,4,2740,0
4588,4,7934,0
4589,4,5528,1
4590,4,2969,0
4591,4,8032,1
4592,4,6449,0
4593,4,7040,0
4594,4,357,0
4595,4,5327,1
4596,4,8394,0
4597,4,1138,0
4598,4,3477,1
4599,4,7698,1
4600,4,7923,0
4601,4,6317,0
4602,4,6255,0
4603,4,5683,1
4604,4,717,0
4605,4,7882,1
4606,4,1051,0
4607,4,8104,1
4608,4,737,0
4609,4,3465,1
4610,4,8686,0
4611,4,5741,1
4612,4,2375,0
4613,4,6750,0
4614,4,7668,0
4615,4,2519,0
4616,4,3815,1
4617,4,4066,1
4618,4,7946,0
4619,4,3546,1
4620,4,107,0
4621,4,1827,0
4622,4,5739,1
4623,4,4995,1
4624,4,1242,0
4625,4,8716,1
4626,4,2825,0
4627,4,708,0
4628,4,4683,1
4629,4,3994,1
4630,4,4017,1
4631,4,7380,1
4632,4,1117,0
4633,4,3875,1
4634,4,2374,0
4635,4,875,0
4636,4,2862,0
4637,4,5607,1
4638,4,3497,1
4639,4,5642,1
4640,4,2927,0
4641,4,1600,0
4642,4,5351,1
4643,4,3410,1
4644,4,1047,0
4645,4,7240,1
4646,4,6749,0
4647,4,8580,0
4648,4,3471,1
4649,4,8851,0
4650,4,6278,0
4651,4,4569,1
4652,4,4893,1
4653,4,5895,1
4654,4,3700,1
4655,4,981,0
4656,4,6246,0
4657,4,4197,1
4658,4,1831,0
4659,4,4214,1
4660,4,5840,1
4661,4,409,0
4662,4,362,0
4663,4,4991,1
4664,4,1184,0
4665,4,4202,1
4666,4,6811,1
4667,4,1061,0
4668,4,8844,1
4669,4,8125,0
4670,4,4314,1
4671,4,8172,0
4672,4,2846,0
4673,4,1746,0
4674,4,4704,1
4675,4,5288,1
4676,4,8788,0
4677,4,8188,0
4678,4,49,0
4679,4,5876,1
4680,4,133,0
4681,4,1154,0
4682,4,1662,0
4683,4,4239,1
4684,4,1276,0
4685,4,7493,0
4686,4,8654,0
4687,4,6582,1
4688,4,3227,1
4689,4,3162,1
4690,4,4836,1
4691,4,8332,0
4692,4,8751,0
4693,4,524,0
4694,4,6536,1
4695,4,7164,0
4696,4,3068,1
4697,4,1443,0
4698,4,1530,0
4699,4,5363,1
4700,4,7980,0
4701,4,2392,0
4702,4,3919,1
4703,4,8696,0
4704,4,6914,0
4705,4,7950,0
4706,4,8106,0
4707,4,1719,0
4708,4,6997,0
4709,4,4722,1
4710,4,1113,0
4711,4,2515,0
4712,4,1952,0
4713,4,6605,0
4714,4,5117,1
4715,4,4945,1
4716,4,4130,1
4717,4,3435,1
4718,4,3619,1
4719,4,4361,1
4720,4,2495,0
4721,4,6315,0
4722,4,8755,1
4723,4,4385,1
4724,4,3675,1
4725,4,4376,1
4726,4,5758,1
4727,4,6175,0
4728,4,8646,0
4729,4,6688,1
4730,4,3411,1
4731,4,4311,1
4732,4,8772,1
4733,4,4242,1
4734,4,4627,1
4735,4,6968,0
4736,4,6408,0
4737,4,1755,0
4738,4,976,0
4739,4,6206,0
4740,4,4190,1
4741,4,3004,1
4742,4,3676,1
4743,4,601,0
4744,4,3616,1
4745,4,6373,0
4746,4,4132,1
4747,4,8595,1
4748,4,1335,0
4749,4,4646,1
4750,4,8058,1
4751,4,2807,0
4752,4,1856,0
4753,4,6033,1
4754,4,251,0
4755,4,3561,1
4756,4,1143,0
4757,4,7447,1
4758,4,5996,1
4759,4,7143,0
4760,4,3720,1
4761,4,7282,0
4762,4,6273,0
4763,4,954,0
4764,4,2752,0
4765,4,3226,1
4766,4,7056,0
4767,4,6871,0
4768,4,4395,1
4769,4,758,0
4770,4,5179,1
4771,4,6210,0
4772,4,681,0
4773,4,8928,0
4774,4,5558,1
4775,4,363,0
4776,4,5173,1
4777,4,6626,0
4778,4,1967,0
4779,4,797,0
4780,4,6829,0
4781,4,8328,0
4782,4,4886,1
4783,4,3697,1
4784,4,274,0
4785,4,5427,1
4786,4,6312,0
4787,4,618,0
4788,4,3,0
4789,4,3618,1
4790,4,4748,1
4791,4,7869,0
4792,4,3827,1
4793,4,8653,1
4794,4,1591,0
4795,4,7895,0
4796,4,2038,0
4797,4,1709,0
4798,4,3581,1
4799,4,450,0
4800,4,950,0
4801,4,6266,1
4802,4,7014,0
4803,4,4147,1
4804,4,2010,0
4805,4,2756,0
4806,4,6607,0
4807,4,5485,1
4808,4,7473,0
4809,4,7842,0
4810,4,1502,0
4811,4,3243,1
4812,4,4048,1
4813,4,8733,0
4814,4,2051,0
4815,4,6752,0
4816,4,8989,0
4817,4,4152,1
4818,4,67,0
4819,4,42,0
4820,4,2210,0
4821,4,1045,0
4822,4,250,0
4823,4,3942,1
4824,4,4205,1
4825,4,8150,0
4826,4,3702,1
4827,4,5735,1
4828,4,8041,0
4829,4,8515,0
4830,4,5047,1
4831,4,139,0
4832,4,5634,1
4833,4,4900,1
4834,4,4795,1
4835,4,7559,1
4836,4,2441,0
4837,4,6637,1
4838,4,7184,0
4839,4,5444,1
4840,4,685,0
4841,4,4217,1
4842,4,1093,0
4843,4,1681,0
4844,4,5881,1
4845,4,4129,1
4846,4,2447,0
4847,4,3639,1
4848,4,1492,0
4849,4,8367,0
4850,4,6595,0
4851,4,5110,1
4852,4,5015,1
4853,4,646,0
4854,4,8000,0
4855,4,6776,0
4856,4,8439,1
4857,4,3568,1
4858,4,2580,0
4859,4,3432,1
4860,4,5124,1
4861,4,8795,0
4862,4,1102,0
4863,4,6760,0
4864,4,5277,1
4865,4,5270,1
4866,4,6413,0
4867,4,4577,1
4868,4,7812,0
4869,4,5705,1
4870,4,2962,0
4871,4,1246,0
4872,4,8417,0
4873,4,7948,0
4874,4,2641,0
4875,4,2396,0
4876,4,5480,1
4877,4,5045,1
4878,4,5913,1
4879,4,8497,0
4880,4,6494,1
4881,4,7554,0
4882,4,5764,1
4883,4,5052,1
4884,4,6265,0
4885,4,7586,0
4886,4,6196,0
4887,4,879,0
4888,4,4265,1
4889,4,415,0
4890,4,932,0
4891,4,3403,1
4892,4,2736,0
4893,4,6014,0
4894,4,8890,0
4895,4,4064,1
4896,4,1950,0
4897,4,8678,1
4898,4,2277,0
4899,4,3786,1
4900,4,7062,0
4901,4,1299,0
4902,4,6594,0
4903,4,2429,0
4904,4,556,0
4905,4,7317,0
4906,4,268,0
4907,4,1726,0
4908,4,8762,0
4909,4,3360,1
4910,4,50,0
4911,4,3315,1
4912,4,499,0
4913,4,7751,0
4914,4,6929,0
4915,4,6524,0
4916,4,7748,0
4917,4,3822,1
4918,4,4199,1
4919,4,2166,0
4920,4,2057,0
4921,4,1445,0
4922,4,6166,0
4923,4,3684,1
4924,4,8994,0
4925,4,4824,1
4926,4,5226,1
4927,4,469,0
4928,4,5192,1
4929,4,2857,0
4930,4,1404,0
4931,4,8816,0
4932,4,372,0
4933,4,4727,1
4934,4,8193,0
4935,4,7991,0
4936,4,5230,1
4937,4,7862,0
4938,4,8629,0
4939,4,257,0
4940,4,8790,0
4941,4,7188,1
4942,4,4332,1
4943,4,1172,0
4944,4,5019,1
4945,4,3837,1
4946,4,5792,1
4947,4,8488,0
4948,4,3674,1
4949,4,791,0
4950,4,6101,1
4951,4,7285,0
4952,4,7330,0
4953,4,7228,0
4954,4,3952,1
4955,4,2136,0
4956,4,2942,0
4957,4,4653,1
4958,4,1036,0
4959,4,1736,0
4960,4,1101,0
4961,4,6344,0
4962,4,2688,0
4963,4,127,0
4964,4,7969,0
4965,4,8884,0
4966,4,8092,0
4967,4,8259,0
4968,4,7178,1
4969,4,6111,0
4970,4,4118,1
4971,4,603,0
4972,4,8998,0
4973,4,672,0
4974,4,5473,1
4975,4,1607,0
4976,4,521,0
4977,4,8470,0
4978,4,4350,1
4979,4,7891,0
4980,4,7378,1
4981,4,1627,0
4982,4,1716,0
4983,4,6316,0
4984,4,5164,1
4985,4,5272,1
4986,4,8398,0
4987,4,7000,0
4988,4,6708,1
4989,4,520,0
4990,4,7379,1
4991,4,6476,0
4992,4,8115,0
4993,4,1617,0
4994,4,4997,1
4995,4,8142,0
4996,4,4692,1
4997,4,4294,1
4998,4,3808,1
4999,4,756,0
5000,4,7796,0
5001,4,6251,0
5002,4,1089,0
5003,4,8977,0
5004,4,1913,0
5005,4,7552,1
5006,4,4558,1
5007,4,3737,1
5008,4,1359,0
5009,4,4181,1
5010,4,6615,1
5011,4,7975,0
5012,4,6414,0
5013,4,4185,1
5014,4,99,0
5015,4,7915,1
5016,4,3374,1
5017,4,7500,1
5018,4,4719,1
5019,4,7642,0
5020,4,7222,0
5021,4,5133,1
5022,4,6233,0
5023,4,4491,1
5024,4,5988,1
5025,4,1745,0
5026,4,2068,0
5027,4,3080,1
5028,4,5307,1
5029,4,1940,0
5030,4,4457,1
5031,4,1134,0
5032,4,1336,0
5033,4,5868,1
5034,4,8710,1
5035,4,5503,1
5036,4,3715,1
5037,4,5722,1
5038,4,7924,0
5039,4,1998,0
5040,4,871,0
5041,4,2905,0
5042,4,4184,1
5043,4,1731,0
5044,4,3585,1
5045,4,7507,1
5046,4,5748,1
5047,4,6283,0
5048,4,1017,0
5049,4,8020,0
5050,4,1144,0
5051,4,5951,1
5052,4,3027,1
5053,4,8039,0
5054,4,1960,0
5055,4,5531,1
5056,4,69,0
5057,4,1832,0
5058,4,956,0
5059,4,4326,1
5060,4,9,0
5061,4,3186,1
5062,4,4013,1
5063,4,3625,1
5064,4,219,0
5065,4,2120,0
5066,4,8182,0
5067,4,7949,0
5068,4,5678,1
5069,4,3201,1
5070,4,1289,0
5071,4,804,0
5072,4,5149,1
5073,4,8789,0
5074,4,7113,0
5075,4,6469,0
5076,4,6806,1
5077,4,6704,0
5078,4,4019,1
5079,4,4568,1
5080,4,998,0
5081,4,4546,1
5082,4,8584,0
5083,4,7922,0
5084,4,6396,0
5085,4,1025,0
5086,4,4157,1
5087,4,5957,1
5088,4,4192,1
5089,4,3359,1
5090,4,6406,0
5091,4,5104,1
5092,4,7819,0
5093,4,303,0
5094,4,4616,1
5095,4,1538,0
5096,4,5465,1
5097,4,8361,0
5098,4,8007,1
5099,4,5718,1
5100,4,8800,1
5101,4,8504,0
5102,4,692,0
5103,4,4684,1
5104,4,2531,0
5105,4,3751,1
5106,4,6220,1
5107,4,5082,1
5108,4,8184,0
5109,4,3288,1
5110,4,4088,1
5111,4,8842,1
5112,4,7165,0
5113,4,2209,0
5114,4,320,0
5115,4,1419,0
5116,4,812,0
5117,4,4888,1
5118,4,4651,1
5119,4,7358,0
5120,4,8517,0
5121,4,4552,1
5122,4,6068,0
5123,4,1059,0
5124,4,5672,1
5125,4,3599,1
5126,4,7884,0
5127,4,4145,1
5128,4,1506,0
5129,4,8502,1
5130,4,6441,1
5131,4,8668,0
5132,4,550,0
5133,4,8073,0
5134,4,3157,1
5135,4,7645,0
5136,4,2819,0
5137,4,2156,0
5138,4,8616,0
5139,4,7328,0
5140,4,8099,0
5141,4,6814,0
5142,4,8157,1
5143,4,8334,1
5144,4,2498,0
5145,4,6894,0
5146,4,7622,1
5147,4,4880,1
5148,4,7384,0
5149,4,8835,1
5150,4,5798,1
5151,4,8723,0
5152,4,190,0
5153,4,5856,1
5154,4,7122,0
5155,4,8105,0
5156,4,7715,0
5157,4,1885,0
5158,4,2035,0
5159,4,8555,1
5160,4,4484,1
5161,4,7720,0
5162,4,6193,1
5163,4,8179,0
5164,4,8602,0
5165,4,7677,0
5166,4,1759,0
5167,4,6405,0
5168,4,7978,1
5169,4,5235,1
5170,4,5198,1
5171,4,1211,0
5172,4,398,0
5173,4,7448,0
5174,4,1016,0
5175,4,7187,0
5176,4,4928,1
5177,4,5185,1
5178,4,5816,1
5179,4,1231,0
5180,4,5008,1
5181,4,6263,0
5182,4,8514,0
5183,4,4823,1
5184,4,196,0
5185,4,3642,1
5186,4,4245,1
5187,4,7769,0
5188,4,3850,1
5189,4,152,0
5190,4,2026,0
5191,4,4341,1
5192,4,6052,0
5193,4,6570,0
5194,4,35,0
5195,4,1283,0
5196,4,1711,0
5197,4,5620,1
5198,4,4587,1
5199,4,5348,1
5200,4,5320,1
5201,4,3350,1
5202,4,8550,0
5203,4,5889,1
5204,4,546,0
5205,4,4864,1
5206,4,5112,1
5207,4,2313,0
5208,4,659,0
5209,4,3946,1
5210,4,5282,1
5211,4,1672,0
5212,4,5724,1
5213,4,8063,1
5214,4,3443,1
5215,4,763,0
5216,4,2360,0
5217,4,4087,1
5218,4,7130,0
5219,4,4977,1
5220,4,7799,0
5221,4,1888,0
5222,4,4095,1
5223,4,705,0
5224,4,6847,0
5225,4,4372,1
5226,4,4522,1
5227,4,1150,0
5228,4,4033,1
5229,4,225,0
5230,4,1416,0
5231,4,607,0
5232,4,7061,0
5233,4,382,0
5234,4,3797,1
5235,4,7631,0
5236,4,5601,1
5237,4,7716,0
5238,4,4278,1
5239,4,8257,1
5240,4,1854,0
5241,4,2202,0
5242,4,660,0
5243,4,4652,1
5244,4,903,0
5245,4,4857,1
5246,4,7764,0
5247,4,602,0
5248,4,5470,1
5249,4,8746,0
5250,4,7110,0
5251,4,1723,0
5252,4,1074,0
5253,4,5166,1
5254,4,2130,0
5255,4,3889,1
5256,4,8415,1
5257,4,884,0
5258,4,7933,0
5259,4,3037,1
5260,4,2564,0
5261,4,3175,1
5262,4,6170,0
5263,4,5815,1
5264,4,1646,0
5265,4,1552,0
5266,4,5623,1
5267,4,2586,0
5268,4,8195,0
5269,4,6274,0
5270,4,1936,0
5271,4,5063,1
5272,4,3976,1
5273,4,3912,1
5274,4,33,0
5275,4,7489,0
5276,4,7783,0
5277,4,6801,0
5278,4,272,0
5279,4,8320,1
5280,4,4483,1
5281,4,7650,0
5282,4,296,0
5283,4,1382,0
5284,4,761,0
5285,4,4335,1
5286,4,6771,0
5287,4,5949,1
5288,4,4844,1
5289,4,8769,0
5290,4,4656,1
5291,4,4250,1
5292,4,8371,0
5293,4,7854,0
5294,4,1432,0
5295,4,3643,1
5296,4,2875,0
5297,4,6292,0
5298,4,1750,0
5299,4,323,0
5300,4,6346,1
5301,4,620,0
5302,4,1252,0
5303,4,3922,1
5304,4,8544,0
5305,4,3687,1
5306,4,539,0
5307,4,901,0
5308,4,1405,0
5309,4,8381,1
5310,4,180,0
5311,4,5087,1
5312,4,7402,0
5313,4,766,0
5314,4,2605,0
5315,4,8907,0
5316,4,4525,1
5317,4,3155,1
5318,4,6763,1
5319,4,1894,0
5320,4,6238,0
5321,4,129,0
5322,4,7683,1
5323,4,3500,1
5324,4,4572,1
5325,4,2105,0
5326,4,4556,1
5327,4,193,0
5328,4,7724,0
5329,4,4216,1
5330,4,6360,0
5331,4,8180,1
5332,4,6793,0
5333,4,234,0
5334,4,5274,1
5335,4,4883,1
5336,4,8326,0
5337,4,3978,1
5338,4,6270,0
5339,4,7899,0
5340,4,70,0
5341,4,5367,1
5342,4,4968,1
5343,4,8048,1
5344,4,5121,1
5345,4,7701,1
5346,4,2497,0
5347,4,3278,1
5348,4,4344,1
5349,4,7411,0
5350,4,4234,1
5351,4,4329,1
5352,4,8981,0
5353,4,6444,0
5354,4,8631,0
5355,4,2680,0
5356,4,8349,1
5357,4,5495,1
5358,4,6908,0
5359,4,7031,0
5360,4,6839,0
5361,4,2746,0
5362,4,3770,1
5363,4,8481,0
5364,4,970,0
5365,4,2387,0
5366,4,1086,0
5367,4,4115,1
5368,4,5899,1
5369,4,7780,1
5370,4,6129,0
5371,4,7278,0
5372,4,77,0
5373,4,8038,0
5374,4,4334,1
5375,4,6276,0
5376,4,6620,0
5377,4,8869,1
5378,4,4821,1
5379,4,2358,0
5380,4,1824,0
5381,4,6089,0
5382,4,6146,0
5383,4,8971,0
5384,4,2291,0
5385,4,709,0
5386,4,6472,0
5387,4,7875,0
5388,4,2788,0
5389,4,6795,0
5390,4,5097,1
5391,4,4560,1
5392,4,8458,1
5393,4,5880,1
5394,4,7175,0
5395,4,4156,1
5396,4,4276,1
5397,4,5574,1
5398,4,5839,1
5399,4,4333,1
5400,4,574,0
5401,4,2090,0
5402,4,3368,1
5403,4,4096,1
5404,4,3395,1
5405,4,117,0
5406,4,3415,1
5407,4,8123,0
5408,4,6938,0
5409,4,7372,0
5410,4,5669,1
5411,4,2506,0
5412,4,8279,0
5413,4,2468,0
5414,4,606,0
5415,4,8885,0
5416,4,1879,0
5417,4,6336,0
5418,4,2086,0
5419,4,3054,1
5420,4,3095,1
5421,4,3565,1
5422,4,1214,0
5423,4,3168,1
5424,4,5265,1
5425,4,7654,0
5426,4,4414,1
5427,4,3806,1
5428,4,1233,0
5429,4,8315,0
5430,4,5431,1
5431,4,5057,1
5432,4,4807,1
5433,4,4806,1
5434,4,2333,0
5435,4,7930,0
5436,4,3993,1
5437,4,8600,0
5438,4,462,0
5439,4,5580,1
5440,4,6074,1
5441,4,622,0
5442,4,1245,0
5443,4,2882,0
5444,4,2089,0
5445,4,566,0
5446,4,5259,1
5447,4,6679,1
5448,4,1688,0
5449,4,6054,0
5450,4,2836,0
5451,4,6285,0
5452,4,5498,1
5453,4,2180,0
5454,4,3174,1
5455,4,2030,0
5456,4,5469,1
5457,4,8962,0
5458,4,4160,1
5459,4,6308,0
5460,4,7250,0
5461,4,4608,1
5462,4,4596,1
5463,4,6035,0
5464,4,5728,1
5465,4,7180,0
5466,4,6672,0
5467,4,4564,1
5468,4,4436,1
5469,4,4045,1
5470,4,5353,1
5471,4,5147,1
5472,4,7076,0
5473,4,8410,0
5474,4,6277,0
5475,4,5316,1
5476,4,3813,1
5477,4,8513,1
5478,4,5631,1
5479,4,7766,0
5480,4,1739,0
5481,4,1308,0
5482,4,7242,0
5483,4,3937,1
5484,4,8582,0
5485,4,1932,0
5486,4,1107,0
5487,4,6913,0
5488,4,4605,1
5489,4,768,0
5490,4,1209,0
5491,4,3083,1
5492,4,4057,1
5493,4,633,0
5494,4,1813,0
5495,4,324,0
5496,4,3957,1
5497,4,534,0
5498,4,4370,1
5499,4,6461,1
5500,4,5903,1
5501,4,7074,0
5502,4,4461,1
5503,4,5086,1
5504,4,8896,1
5505,4,3513,1
5506,4,8700,0
5507,4,7019,0
5508,4,3396,1
5509,4,3859,1
5510,4,6218,0
5511,4,7088,1
5512,4,992,0
5513,4,6957,1
5514,4,4347,1
5515,4,5416,1
5516,4,4320,1
5517,4,5559,1
5518,4,4167,1
5519,4,1265,0
5520,4,2979,0
5521,4,5028,1
5522,4,8657,0
5523,4,897,0
5524,4,4443,1
5525,4,5222,1
5526,4,596,0
5527,4,8937,1
5528,4,7589,0
5529,4,8145,0
5530,4,5916,1
5531,4,6663,0
5532,4,3509,1
5533,4,4482,1
5534,4,8107,0
5535,4,7734,1
5536,4,3754,1
5537,4,1202,0
5538,4,4790,1
5539,4,2181,0
5540,4,3369,1
5541,4,7605,0
5542,4,6309,1
5543,4,5464,1
5544,4,6259,0
5545,4,7391,0
5546,4,1244,0
5547,4,8319,0
5548,4,2939,0
5549,4,8819,0
5550,4,6777,1
5551,4,1912,0
5552,4,2196,0
5553,4,6992,0
5554,4,8817,0
5555,4,5700,1
5556,4,312,0
5557,4,162,0
5558,4,6526,1
5559,4,8025,0
5560,4,7225,0
5561,4,4701,1
5562,4,1137,0
5563,4,4761,1
5564,4,2343,0
5565,4,4086,1
5566,4,5203,1
5567,4,1195,0
5568,4,8235,1
5569,4,2187,0
5570,4,6098,0
5571,4,3669,1
5572,4,249,0
5573,4,5579,1
5574,4,4739,1
5575,4,7289,0
5576,4,2530,0
5577,4,1927,0
5578,4,2480,0
5579,4,1568,0
5580,4,4574,1
5581,4,4404,1
5582,4,374,0
5583,4,2434,0
5584,4,7594,1
5585,4,2373,0
5586,4,1140,0
5587,4,3242,1
5588,4,745,0
5589,4,7128,0
5590,4,4316,1
5591,4,8895,0
5592,4,7073,1
5593,4,337,0
5594,4,1559,0
5595,4,8608,0
5596,4,2984,0
5597,4,6592,0
5598,4,5604,1
5599,4,3852,1
5600,4,2623,0
5601,4,46,0
5602,4,6522,0
5603,4,2737,0
5604,4,3593,1
5605,4,6412,0
5606,4,5507,1
5607,4,848,0
5608,4,7813,0
5609,4,5229,1
5610,4,3293,1
5611,4,2165,0
5612,4,682,0
5613,4,8386,1
5614,4,8461,1
5615,4,6322,1
5616,4,7254,0
5617,4,212,0
5618,4,5841,1
5619,4,2880,0
5620,4,6482,0
5621,4,2715,0
5622,4,4285,1
5623,4,4011,1
5624,4,4481,1
5625,4,938,0
5626,4,8442,0
5627,4,1280,0
5628,4,4808,1
5629,4,6321,0
5630,4,3378,1
5631,4,2890,0
5632,4,484,0
5633,4,3426,1
5634,4,3172,1
5635,4,3451,1
5636,4,6868,0
5637,4,3898,1
5638,4,2283,0
5639,4,441,0
5640,4,7841,0
5641,4,4636,1
5642,4,5635,1
5643,4,6560,0
5644,4,1409,0
5645,4,3113,1
5646,4,5256,1
5647,4,7258,0
5648,4,1873,0
5649,4,6087,0
5650,4,1551,0
5651,4,2845,0
5652,4,6670,0
5653,4,7020,0
5654,4,5155,1
5655,4,5494,1
5656,4,2431,0
5657,4,5499,1
5658,4,1995,0
5659,4,1839,0
5660,4,197,0
5661,4,597,0
5662,4,7531,0
5663,4,2208,0
5664,4,4503,1
5665,4,8674,1
5666,4,6653,0
5667,4,5157,1
5668,4,5511,1
5669,4,4039,1
5670,4,208,0
5671,4,5422,1
5672,4,3608,1
5673,4,3866,1
5674,4,2106,0
5675,4,8201,0
5676,4,3356,1
5677,4,5923,1
5678,4,8413,0
5679,4,1259,0
5680,4,6557,0
5681,4,6180,0
5682,4,4258,1
5683,4,7643,1
5684,4,8620,1
5685,4,8592,0
5686,4,8021,0
5687,4,3548,1
5688,4,4926,1
5689,4,4732,1
5690,4,619,0
5691,4,7553,0
5692,4,8676,1
5693,4,2462,0
5694,4,3166,1
5695,4,8660,1
5696,4,2780,0
5697,4,8708,0
5698,4,258,0
5699,4,1683,0
5700,4,7788,1
5701,4,2644,0
5702,4,784,0
5703,4,8534,0
5704,4,4937,1
5705,4,4380,1
5706,4,5830,1
5707,4,5736,1
5708,4,6923,0
5709,4,7082,0
5710,4,2777,0
5711,4,5347,1
5712,4,3790,1
5713,4,4162,1
5714,4,1852,0
5715,4,5460,1
5716,4,3854,1
5717,4,2502,0
5718,4,1525,0
5719,4,3400,1
5720,4,5740,1
5721,4,1911,0
5722,4,8671,1
5723,4,2674,0
5724,4,7925,0
5725,4,7274,0
5726,4,6293,1
5727,4,3459,1
5728,4,288,0
5729,4,1104,0
5730,4,6113,0
5731,4,4733,1
5732,4,2439,0
5733,4,8601,1
5734,4,5753,1
5735,4,5058,1
5736,4,6328,0
5737,4,5568,1
5738,4,5590,1
5739,4,8364,0
5740,4,3329,1
5741,4,4983,1
5742,4,6655,0
5743,4,5067,1
5744,4,4283,1
5745,4,4400,1
5746,4,7181,0
5747,4,264,0
5748,4,7064,0
5749,4,2070,0
5750,4,6947,1
5751,4,4345,1
5752,4,5890,1
5753,4,4460,1
5754,4,5727,1
5755,4,6883,0
5756,4,2274,0
5757,4,1294,0
5758,4,2286,0
5759,4,3013,1
5760,4,4196,1
5761,4,5625,1
5762,4,4180,1
5763,4,2113,0
5764,4,354,0
5765,4,456,0
5766,4,6161,0
5767,4,6078,1
5768,4,8083,0
5769,4,4091,1
5770,4,3530,1
5771,4,802,0
5772,4,1532,0
5773,4,7399,0
5774,4,8163,0
5775,4,929,0
5776,4,3685,1
5777,4,178,0
5778,4,1668,0
5779,4,8861,1
5780,4,6608,0
5781,4,7781,0
5782,4,101,0
5783,4,4490,1
5784,4,5861,1
5785,4,2179,0
5786,4,8948,1
5787,4,8713,0
5788,4,3445,1
5789,4,746,0
5790,4,3318,1
5791,4,3248,1
5792,4,7787,0
5793,4,3992,1
5794,4,750,0
5795,4,6386,0
5796,4,5496,1
5797,4,832,0
5798,4,5144,1
5799,4,4429,1
5800,4,1482,0
5801,4,6058,0
5802,4,2170,0
5803,4,1234,0
5804,4,2163,0
5805,4,3105,1
5806,4,6884,0
5807,4,14,0
5808,4,2352,0
5809,4,7436,0
5810,4,2405,0
5811,4,1993,0
5812,4,4517,1
5813,4,388,0
5814,4,1032,0
5815,4,2611,0
5816,4,304,0
5817,4,1577,0
5818,4,5657,1
5819,4,6455,0
5820,4,4453,1
5821,4,5771,1
5822,4,7945,0
5823,4,6225,1
5824,4,5688,1
5825,4,6343,0
5826,4,2973,0
5827,4,6071,0
5828,4,5338,1
5829,4,4438,1
5830,4,3413,1
5831,4,1304,0
5832,4,4887,1
5833,4,279,0
5834,4,2513,0
5835,4,2958,0
5836,4,6364,0
5837,4,1874,0
5838,4,3079,1
5839,4,6224,0
5840,4,437,0
5841,4,4751,1
5842,4,3429,1
5843,4,3725,1
5844,4,3128,1
5845,4,4018,1
5846,4,3018,1
5847,4,7669,1
5848,4,1218,0
5849,4,3394,1
5850,4,1235,0
5851,4,7570,0
5852,4,8626,0
5853,4,2889,0
5854,4,7737,0
5855,4,4944,1
5856,4,295,0
5857,4,1728,0
5858,4,6152,1
5859,4,6452,0
5860,4,3289,1
5861,4,8801,0
5862,4,1385,0
5863,4,2536,0
5864,4,634,0
5865,4,8430,0
5866,4,6716,0
5867,4,6634,1
5868,4,2577,0
5869,4,5208,1
5870,4,7806,0
5871,4,1048,0
5872,4,472,0
5873,4,8217,1
5874,4,440,0
5875,4,8069,0
5876,4,8446,0
5877,4,8297,0
5878,4,2724,0
5879,4,8016,0
5880,4,485,0
5881,4,1339,0
5882,4,3031,1
5883,4,8206,0
5884,4,78,0
5885,4,8570,0
5886,4,1978,0
5887,4,5271,1
5888,4,3948,1
5889,4,7361,0
5890,4,6192,0
5891,4,4,0
5892,4,1982,0
5893,4,5315,1
5894,4,3373,1
5895,4,2551,0
5896,4,4862,1
5897,4,2214,0
5898,4,5089,1
5899,4,4155,1
5900,4,1634,0
5901,4,1186,0
5902,4,1956,0
5903,4,5176,1
5904,4,153,0
5905,4,8618,0
5906,4,8214,1
5907,4,6239,0
5908,4,6135,1
5909,4,301,0
5910,4,8850,0
5911,4,5692,1
5912,4,4978,1
5913,4,5818,1
5914,4,3234,1
5915,4,4049,1
5916,4,1548,0
5917,4,8245,0
5918,4,2999,0
5919,4,1324,0
5920,4,2657,0
5921,4,3022,1
5922,4,2389,0
5923,4,2776,0
5924,4,6705,1
5925,4,1126,0
5926,4,4754,1
5927,4,1346,0
5928,4,4097,1
5929,4,8565,0
5930,4,1642,0
5931,4,7503,1
5932,4,4170,1
5933,4,2131,0
5934,4,795,0
5935,4,6428,0
5936,4,2359,0
5937,4,87,0
5938,4,8736,0
5939,4,6427,1
5940,4,3829,1
5941,4,2385,0
5942,4,5857,1
5943,4,2479,0
5944,4,527,0
5945,4,5891,1
5946,4,1640,0
5947,4,7357,0
5948,4,5130,1
5949,4,8122,0
5950,4,2204,0
5951,4,4123,1
5952,4,5105,1
5953,4,8084,0
5954,4,5930,1
5955,4,7667,0
5956,4,308,0
5957,4,6812,0
5958,4,7629,1
5959,4,7695,0
5960,4,6619,0
5961,4,1156,0
5962,4,3789,1
5963,4,7275,0
5964,4,8377,0
5965,4,1907,0
5966,4,5184,1
5967,4,3131,1
5968,4,5589,1
5969,4,468,0
5970,4,6666,0
5971,4,8603,0
5972,4,1738,0
5973,4,2340,0
5974,4,1844,0
5975,4,1595,0
5976,4,946,0
5977,4,941,0
5978,4,7772,1
5979,4,5033,1
5980,4,8271,0
5981,4,4238,1
5982,4,3677,1
5983,4,4422,1
5984,4,7730,0
5985,4,8964,1
5986,4,5482,1
5987,4,7098,0
5988,4,6647,0
5989,4,5715,1
5990,4,4691,1
5991,4,8323,1
5992,4,1606,0
5993,4,1483,0
5994,4,6426,0
5995,4,2538,0
5996,4,862,0
5997,4,2114,0
5998,4,6020,0
5999,4,7564,0
6000,4,7583,0
6001,4,2557,0
6002,4,8587,0
6003,4,7176,0
6004,4,676,0
6005,4,6942,0
6006,4,6481,0
6007,4,4628,1
6008,4,4703,1
6009,4,8496,0
6010,4,969,0
6011,4,4496,1
6012,4,4566,1
6013,4,4519,1
6014,4,5567,1
6015,4,2747,0
6016,4,8234,0
6017,4,1054,0
6018,4,2503,0
6019,4,1621,0
6020,4,7673,0
6021,4,3916,1
6022,4,1853,0
6023,4,5424,1
6024,4,6382,0
6025,4,4842,1
6026,4,2493,0
6027,4,4140,1
6028,4,6015,1
6029,4,3719,1
6030,4,628,0
6031,4,161,0
6032,4,1013,0
6033,4,8130,0
6034,4,8331,0
6035,4,7273,1
6036,4,7231,1
6037,4,8609,0
6038,4,1240,0
6039,4,989,0
6040,4,110,0
6041,4,6442,0
6042,4,3793,1
6043,4,7257,0
6044,4,1612,0
6045,4,4964,1
6046,4,1825,0
6047,4,2236,0
6048,4,5140,1
6049,4,1128,0
6050,4,2914,0
6051,4,8823,0
6052,4,2769,0
6053,4,8637,1
6054,4,5536,1
6055,4,741,0
6056,4,4479,1
6057,4,5113,1
6058,4,6837,1
6059,4,6901,1
6060,4,2134,0
6061,4,8307,0
6062,4,7478,0
6063,4,8926,0
6064,4,8200,0
6065,4,3860,1
6066,4,942,0
6067,4,7152,1
6068,4,4120,1
6069,4,2492,0
6070,4,5973,1
6071,4,3393,1
6072,4,691,0
6073,4,80,0
6074,4,889,0
6075,4,7435,0
6076,4,8264,0
6077,4,3380,1
6078,4,6571,1
6079,4,1576,0
6080,4,5376,1
6081,4,4601,1
6082,4,1586,0
6083,4,1553,0
6084,4,8887,0
6085,4,5231,1
6086,4,6369,0
6087,4,1717,0
6088,4,3085,1
6089,4,3578,1
6090,4,5578,1
6091,4,4212,1
6092,4,6593,0
6093,4,4024,1
6094,4,6032,0
6095,4,4397,1
6096,4,4927,1
6097,4,1293,0
6098,4,696,0
6099,4,98,0
6100,4,6996,0
6101,4,971,0
6102,4,328,0
6103,4,881,0
6104,4,5746,1
6105,4,6980,0
6106,4,6836,0
6107,4,555,0
6108,4,5281,1
6109,4,834,0
6110,4,7486,1
6111,4,1453,0
6112,4,7625,1
6113,4,7172,0
6114,4,3678,1
6115,4,2448,0
6116,4,3929,1
6117,4,8205,0
6118,4,4107,1
6119,4,3158,1
6120,4,480,0
6121,4,6631,0
6122,4,8248,1
6123,4,900,0
6124,4,529,0
6125,4,2708,0
6126,4,2317,0
6127,4,4292,1
6128,4,6155,0
6129,4,7099,0
6130,4,1509,0
6131,4,3225,1
6132,4,8551,0
6133,4,1727,0
6134,4,7037,0
6135,4,7491,0
6136,4,8933,0
6137,4,872,0
6138,4,3067,1
6139,4,3187,1
6140,4,5547,1
6141,4,7620,0
6142,4,7319,0
6143,4,4863,1
6144,4,90,0
6145,4,1366,0
6146,4,53,0
6147,4,5905,1
6148,4,1779,0
6149,4,378,0
6150,4,1271,0
6151,4,1702,0
6152,4,7738,0
6153,4,6081,0
6154,4,6253,0
6155,4,2870,0
6156,4,4207,1
6157,4,4366,1
6158,4,244,0
6159,4,8682,0
6160,4,4563,1
6161,4,4835,1
6162,4,1458,0
6163,4,8490,0
6164,4,7747,0
6165,4,7820,1
6166,4,821,0
6167,4,214,0
6168,4,7561,0
6169,4,3887,1
6170,4,8779,0
6171,4,8757,0
6172,4,6862,1
6173,4,6327,0
6174,4,2893,0
6175,4,5285,1
6176,4,3857,1
6177,4,961,0
6178,4,5697,1
6179,4,8249,0
6180,4,826,0
6181,4,6095,1
6182,4,7779,1
6183,4,8085,0
6184,4,4851,1
6185,4,6542,0
6186,4,3153,1
6187,4,8553,0
6188,4,1066,0
6189,4,2922,0
6190,4,6370,1
6191,4,2972,0
6192,4,2584,0
6193,4,2159,0
6194,4,1151,0
6195,4,6825,0
6196,4,5344,1
6197,4,4830,1
6198,4,1164,0
6199,4,3611,1
6200,4,1533,0
6201,4,6982,1
6202,4,1527,0
6203,4,4624,1
6204,4,926,0
6205,4,673,0
6206,4,5950,1
6207,4,271,0
6208,4,6056,0
6209,4,7376,0
6210,4,5228,1
6211,4,4058,1
6212,4,2146,0
6213,4,1651,0
6214,4,5001,1
6215,4,2307,0
6216,4,7826,0
6217,4,8385,1
6218,4,6498,0
6219,4,7253,1
6220,4,686,0
6221,4,615,0
6222,4,6471,0
6223,4,8690,0
6224,4,8024,0
6225,4,5481,1
6226,4,3462,1
6227,4,4654,1
6228,4,6963,0
6229,4,1362,0
6230,4,8420,0
6231,4,4507,1
6232,4,4648,1
6233,4,8185,0
6234,4,2444,0
6235,4,6970,0
6236,4,5189,1
6237,4,7905,1
6238,4,5576,1
6239,4,5241,1
6240,4,321,0
6241,4,7700,1
6242,4,4512,1
6243,4,5773,1
6244,4,3567,1
6245,4,3456,1
6246,4,2757,0
6247,4,4584,1
6248,4,3712,1
6249,4,2891,0
6250,4,71,0
6251,4,3447,1
6252,4,6268,0
6253,4,6440,0
6254,4,3472,1
6255,4,4819,1
6256,4,5970,1
6257,4,3506,1
6258,4,3705,1
6259,4,6039,0
6260,4,7845,1
6261,4,5989,1
6262,4,1225,0
6263,4,7026,0
6264,4,4936,1
6265,4,3195,1
6266,4,1094,0
6267,4,5455,1
6268,4,8401,0
6269,4,269,0
6270,4,6779,0
6271,4,6380,0
6272,4,4268,1
6273,4,7817,1
6274,4,559,0
6275,4,4545,1
6276,4,2835,0
6277,4,3487,1
6278,4,3596,1
6279,4,6417,0
6280,4,8647,1
6281,4,6012,1
6282,4,8649,0
6283,4,8694,0
6284,4,3197,1
6285,4,1761,0
6286,4,5468,1
6287,4,8221,0
6288,4,5017,1
6289,4,1393,0
6290,4,3876,1
6291,4,6267,1
6292,4,4244,1
6293,4,6072,0
6294,4,6459,0
6295,4,7459,0
6296,4,1193,0
6297,4,3871,1
6298,4,1531,0
6299,4,6256,1
6300,4,1433,0
6301,4,5780,1
6302,4,8363,0
6303,4,7124,0
6304,4,6341,0
6305,4,8277,0
6306,4,6310,0
6307,4,4644,1
6308,4,2902,0
6309,4,2532,0
6310,4,7790,0
6311,4,7904,0
6312,4,4150,1
6313,4,1876,0
6314,4,4524,1
6315,4,8118,0
6316,4,352,0
6317,4,8289,0
6318,4,6048,0
6319,4,8250,0
6320,4,6537,0
6321,4,2276,0
6322,4,3524,1
6323,4,2018,0
6324,4,1364,0
6325,4,222,0
6326,4,4255,1
6327,4,7008,1
6328,4,729,0
6329,4,6788,0
6330,4,4502,1
6331,4,2791,0
6332,4,5793,1
6333,4,7310,0
6334,4,7490,1
6335,4,2269,0
6336,4,5863,1
6337,4,8011,1
6338,4,7943,0
6339,4,7210,0
6340,4,8153,1
6341,4,6718,0
6342,4,1160,0
6343,4,405,0
6344,4,7195,0
6345,4,7512,1
6346,4,6523,1
6347,4,4472,1
6348,4,3049,1
6349,4,7644,0
6350,4,6154,1
6351,4,2104,0
6352,4,5804,1
6353,4,7007,0
6354,4,166,0
6355,4,7634,1
6356,4,6069,0
6357,4,7702,0
6358,4,6692,0
6359,4,3768,1
6360,4,7312,0
6361,4,7592,0
6362,4,5584,1
6363,4,3257,1
6364,4,3488,1
6365,4,8342,0
6366,4,2831,0
6367,4,6324,0
6368,4,2741,0
6369,4,8951,0
6370,4,4500,1
6371,4,3688,1
6372,4,5967,1
6373,4,1236,0
6374,4,3617,1
6375,4,8625,1
6376,4,3023,1
6377,4,2648,0
6378,4,644,0
6379,4,5026,1
6380,4,1377,0
6381,4,4858,1
6382,4,495,0
6383,4,7262,1
6384,4,6886,0
6385,4,2865,0
6386,4,1670,0
6387,4,4848,1
6388,4,7657,0
6389,4,7572,0
6390,4,800,0
6391,4,5209,1
6392,4,1142,0
6393,4,5693,1
6394,4,7746,1
6395,4,2626,0
6396,4,8418,0
6397,4,8049,0
6398,4,8176,0
6399,4,7344,0
6400,4,3121,1
6401,4,6063,1
6402,4,7198,0
6403,4,1866,0
6404,4,5542,1
6405,4,3682,1
6406,4,8761,0
6407,4,1162,0
6408,4,1910,0
6409,4,8002,0
6410,4,5336,1
6411,4,5760,1
6412,4,3781,1
6413,4,79,0
6414,4,1705,0
6415,4,6436,0
6416,4,3252,1
6417,4,6383,0
6418,4,4700,1
6419,4,6910,0
6420,4,7206,1
6421,4,966,0
6422,4,5435,1
6423,4,1720,0
6424,4,2045,0
6425,4,7158,0
6426,4,1619,0
6427,4,6799,0
6428,4,2778,0
6429,4,6590,0
6430,4,6235,0
6431,4,2386,0
6432,4,3783,1
6433,4,1660,0
6434,4,419,0
6435,4,2602,0
6436,4,7256,0
6437,4,7800,0
6438,4,7104,0
6439,4,1742,0
6440,4,6092,0
6441,4,8953,1
6442,4,7307,0
6443,4,5400,1
6444,4,1247,0
6445,4,5453,1
6446,4,2228,0
6447,4,5215,1
6448,4,6091,0
6449,4,3711,1
6450,4,7263,0
6451,4,3165,1
6452,4,6962,0
6453,4,8535,0
6454,4,6616,0
6455,4,4723,1
6456,4,1092,0
6457,4,7127,1
6458,4,7990,0
6459,4,4219,1
6460,4,1161,0
6461,4,1540,0
6462,4,5809,1
6463,4,1040,0
6464,4,3304,1
6465,4,1669,0
6466,4,1840,0
6467,4,5392,1
6468,4,2341,0
6469,4,2319,0
6470,4,855,0
6471,4,1221,0
6472,4,1697,0
6473,4,3446,1
6474,4,2000,0
6475,4,4749,1
6476,4,8090,0
6477,4,4537,1
6478,4,7308,1
6479,4,4839,1
6480,4,7680,1
6481,4,8280,1
6482,4,7005,1
6483,4,7851,0
6484,4,6583,0
6485,4,7535,0
6486,4,2781,0
6487,4,4243,1
6488,4,7159,0
6489,4,2720,0
6490,4,3753,1
6491,4,4410,1
6492,4,395,0
6493,4,6810,1
6494,4,905,0
6495,4,5641,1
6496,4,3203,1
6497,4,1859,0
6498,4,3671,1
6499,4,7596,0
6500,4,4549,1
6501,4,4949,1
6502,4,1372,0
6503,4,1686,0
6504,4,150,0
6505,4,867,0
6506,4,8388,0
6507,4,6496,0
6508,4,5860,1
6509,4,7427,0
6510,4,6721,1
6511,4,835,0
6512,4,6102,0
6513,4,3996,1
6514,4,5982,1
6515,4,3825,1
6516,4,294,0
6517,4,2119,0
6518,4,8709,0
6519,4,5497,1
6520,4,5647,1
6521,4,8832,0
6522,4,8995,0
6523,4,8681,1
6524,4,7936,0
6525,4,2617,0
6526,4,6103,0
6527,4,2637,0
6528,4,215,0
6529,4,8532,1
6530,4,3019,1
6531,4,1892,0
6532,4,2327,0
6533,4,4773,1
6534,4,695,0
6535,4,2059,0
6536,4,8665,0
6537,4,4892,1
6538,4,7897,0
6539,4,6817,0
6540,4,7927,0
6541,4,7018,0
6542,4,6213,0
6543,4,3127,1
6544,4,1676,0
6545,4,2533,0
6546,4,5349,1
6547,4,4916,1
6548,4,4662,1
6549,4,4386,1
6550,4,6614,0
6551,4,7170,0
6552,4,5581,1
6553,4,7970,0
6554,4,1741,0
6555,4,1800,0
6556,4,6473,0
6557,4,1658,0
6558,4,1226,0
6559,4,5061,1
6560,4,654,0
6561,4,3780,1
6562,4,5978,1
6563,4,3576,1
6564,4,4073,1
6565,4,3309,1
6566,4,2336,0
6567,4,3240,1
6568,4,8261,0
6569,4,7685,1
6570,4,2529,0
6571,4,4580,1
6572,4,1687,0
6573,4,8431,0
6574,4,5278,1
6575,4,5023,1
6576,4,2079,0
6577,4,1340,0
6578,4,7009,0
6579,4,8324,0
6580,4,5022,1
6581,4,8652,0
6582,4,5429,1
6583,4,5069,1
6584,4,1076,0
6585,4,1613,0
6586,4,7092,0
6587,4,7767,1
6588,4,3005,1
6589,4,8191,0
6590,4,6391,0
6591,4,3606,1
6592,4,6775,1
6593,4,3557,1
6594,4,8474,0
6595,4,5619,1
6596,4,4080,1
6597,4,8520,1
6598,4,3590,1
6599,4,5553,1
6600,4,3739,1
6601,4,8695,0
6602,4,2222,0
6603,4,8298,0
6604,4,1661,0
6605,4,5908,1
6606,4,4063,1
6607,4,7463,0
6608,4,650,0
6609,4,8809,0
6610,4,3776,1
6611,4,6578,1
6612,4,4124,1
6613,4,4367,1
6614,4,2054,0
6615,4,3670,1
6616,4,995,0
6617,4,7466,0
6618,4,7909,0
6619,4,2868,0
6620,4,8037,1
6621,4,4401,1
6622,4,2151,0
6623,4,8561,1
6624,4,853,0
6625,4,2207,0
6626,4,5039,1
6627,4,4745,1
6628,4,3404,1
6629,4,8108,0
6630,4,6077,0
6631,4,5551,1
6632,4,1929,0
6633,4,4067,1
6634,4,2563,0
6635,4,5611,1
6636,4,5919,1
6637,4,8973,0
6638,4,6142,0
6639,4,2863,0
6640,4,697,0
6641,4,1367,0
6642,4,2085,0
6643,4,4082,1
6644,4,3989,1
6645,4,360,0
6646,4,5491,1
6647,4,8243,1
6648,4,3366,1
6649,4,4448,1
6650,4,3091,1
6651,4,6843,1
6652,4,8591,0
6653,4,403,0
6654,4,1589,0
6655,4,1970,0
6656,4,4032,1
6657,4,6424,1
6658,4,7336,0
6659,4,3840,1
6660,4,1924,0
6661,4,7675,0
6662,4,8097,1
6663,4,2478,0
6664,4,7430,0
6665,4,6896,0
6666,4,8204,0
6667,4,4829,1
6668,4,3142,1
6669,4,4694,1
6670,4,6990,0
6671,4,4251,1
6672,4,7929,0
6673,4,4300,1
6674,4,5998,1
6675,4,626,0
6676,4,4770,1
6677,4,3907,1
6678,4,3496,1
6679,4,7888,0
6680,4,7985,0
6681,4,1353,0
6682,4,1715,0
6683,4,17,0
6684,4,4111,1
6685,4,4200,1
6686,4,4144,1
6687,4,1799,0
6688,4,3612,1
6689,4,4248,1
6690,4,3468,1
6691,4,2813,0
6692,4,909,0
6693,4,8963,0
6694,4,6107,0
6695,4,996,0
6696,4,7910,0
6697,4,4804,1
6698,4,747,0
6699,4,20,0
6700,4,3029,1
6701,4,6002,0
6702,4,1467,0
6703,4,3434,1
6704,4,2063,0
6705,4,8932,0
6706,4,7245,0
6707,4,7109,0
6708,4,5102,1
6709,4,3122,1
6710,4,4356,1
6711,4,3209,1
6712,4,5059,1
6713,4,4210,1
6714,4,3801,1
6715,4,4896,1
6716,4,637,0
6717,4,3118,1
6718,4,7575,0
6719,4,6632,0
6720,4,38,0
6721,4,5115,1
6722,4,6379,0
6723,4,5050,1
6724,4,6059,0
6725,4,523,0
6726,4,8843,0
6727,4,8530,1
6728,4,5934,1
6729,4,1674,0
6730,4,6918,0
6731,4,2909,0
6732,4,7794,1
6733,4,3518,1
6734,4,5311,1
6735,4,145,0
6736,4,1429,0
6737,4,4362,1
6738,4,4555,1
6739,4,7941,1
6740,4,1565,0
6741,4,439,0
6742,4,8750,1
6743,4,4735,1
6744,4,2548,0
6745,4,4757,1
6746,4,915,0
6747,4,19,0
6748,4,735,0
6749,4,2606,0
6750,4,6630,0
6751,4,7011,0
6752,4,7785,0
6753,4,8132,0
6754,4,5302,1
6755,4,2562,0
6756,4,643,0
6757,4,6334,0
6758,4,4149,1
6759,4,8491,0
6760,4,1780,0
6761,4,5928,1
6762,4,6574,0
6763,4,6134,0
6764,4,5937,1
6765,4,7546,0
6766,4,5629,1
6767,4,8961,0
6768,4,8260,0
6769,4,7646,1
6770,4,1312,0
6771,4,2935,0
6772,4,4935,1
6773,4,92,0
6774,4,6551,0
6775,4,5362,1
6776,4,6040,0
6777,4,5599,1
6778,4,2278,0
6779,4,8370,0
6780,4,6339,1
6781,4,331,0
6782,4,6223,0
6783,4,7392,0
6784,4,1084,0
6785,4,3276,1
6786,4,3260,1
6787,4,6353,1
6788,4,7731,0
6789,4,1055,0
6790,4,3504,1
6791,4,7765,0
6792,4,1031,0
6793,4,6065,0
6794,4,3171,1
6795,4,504,0
6796,4,2900,0
6797,4,4938,1
6798,4,3888,1
6799,4,7106,0
6800,4,2108,0
6801,4,1281,0
6802,4,7047,0
6803,4,4540,1
6804,4,5912,1
6805,4,8343,0
6806,4,3057,1
6807,4,7699,0
6808,4,849,0
6809,4,6475,0
6810,4,8614,0
6811,4,6184,1
6812,4,3968,1
6813,4,4884,1
6814,4,8056,0
6815,4,7880,0
6816,4,8903,0
6817,4,5907,1
6818,4,8853,0
6819,4,5763,1
6820,4,4812,1
6821,4,6358,1
6822,4,5827,1
6823,4,725,0
6824,4,2959,0
6825,4,7453,0
6826,4,5405,1
6827,4,3474,1
6828,4,8680,0
6829,4,3483,1
6830,4,8141,1
6831,4,1981,0
6832,4,3778,1
6833,4,7205,0
6834,4,5280,1
6835,4,2454,0
6836,4,4776,1
6837,4,5305,1
6838,4,7956,0
6839,4,4846,1
6840,4,1360,0
6841,4,1860,0
6842,4,919,0
6843,4,1111,0
6844,4,2749,0
6845,4,1328,0
6846,4,1821,0
6847,4,6159,0
6848,4,1081,0
6849,4,3245,1
6850,4,467,0
6851,4,8428,1
6852,4,8267,0
6853,4,4852,1
6854,4,5703,1
6855,4,3025,1
6856,4,4520,1
6857,4,6222,0
6858,4,5065,1
6859,4,3923,1
6860,4,3150,1
6861,4,8978,0
6862,4,2296,0
6863,4,1659,0
6864,4,1091,0
6865,4,973,0
6866,4,7387,0
6867,4,2566,0
6868,4,1,0
6869,4,8615,0
6870,4,1461,0
6871,4,1357,0
6872,4,8143,1
6873,4,3569,1
6874,4,1593,0
6875,4,3890,1
6876,4,4442,1
6877,4,4547,1
6878,4,1490,0
6879,4,6443,0
6880,4,759,0
6881,4,6677,0
6882,4,7517,0
6883,4,3879,1
6884,4,5947,1
6885,4,7863,0
6886,4,5062,1
6887,4,1210,0
6888,4,7693,0
6889,4,8212,0
6890,4,1597,0
6891,4,1510,0
6892,4,4488,1
6893,4,8464,0
6894,4,3905,1
6895,4,3836,1
6896,4,493,0
6897,4,7163,1
6898,4,5433,1
6899,4,4078,1
6900,4,598,0
6901,4,7334,0
6902,4,5717,1
6903,4,5638,1
6904,4,3430,1
6905,4,4643,1
6906,4,2459,0
6907,4,1070,0
6908,4,4113,1
6909,4,4001,1
6910,4,3495,1
6911,4,3220,1
6912,4,7951,0
6913,4,2924,0
6914,4,1871,0
6915,4,861,0
6916,4,516,0
6917,4,925,0
6918,4,7182,0
6919,4,7588,0
6920,4,7196,0
6921,4,8266,1
6922,4,2258,0
6923,4,7347,0
6924,4,6500,0
6925,4,7602,0
6926,4,525,0
6927,4,88,0
6928,4,3800,1
6929,4,1835,0
6930,4,4142,1
6931,4,5060,1
6932,4,6920,0
6933,4,7745,1
6934,4,2055,0
6935,4,6021,1
6936,4,3189,1
6937,4,5729,1
6938,4,2888,0
6939,4,4430,1
6940,4,2839,0
6941,4,5492,1
6942,4,8924,1
6943,4,112,0
6944,4,2337,0
6945,4,4369,1
6946,4,7877,1
6947,4,1495,0
6948,4,4726,1
6949,4,8237,0
6950,4,3986,1
6951,4,2020,0
6952,4,7928,0
6953,4,1192,0
6954,4,1781,0
6955,4,1395,0
6956,4,1129,0
6957,4,2712,0
6958,4,8970,0
6959,4,8619,1
6960,4,8648,1
6961,4,5449,1
6962,4,5025,1
6963,4,7363,0
6964,4,224,0
6965,4,377,0
6966,4,2062,0
6967,4,62,0
6968,4,6187,0
6969,4,205,0
6970,4,1106,0
6971,4,4756,1
6972,4,2565,0
6973,4,7353,0
6974,4,7515,0
6975,4,6350,0
6976,4,3624,1
6977,4,5610,1
6978,4,4958,1
6979,4,8870,0
6980,4,5691,1
6981,4,3055,1
6982,4,6702,0
6983,4,684,0
6984,4,5845,1
6985,4,8706,0
6986,4,7266,0
6987,4,3489,1
6988,4,7394,1
6989,4,3212,1
6990,4,8238,0
6991,4,247,0
6992,4,8734,0
6993,4,5261,1
6994,4,1645,0
6995,4,4188,1
6996,4,6333,0
6997,4,5501,1
6998,4,5391,1
6999,4,1141,0
7000,4,8500,0
7001,4,3699,1
7002,4,4003,1
7003,4,8065,0
7004,4,6013,0
7005,4,6581,0
7006,4,5300,1
7007,4,1501,0
7008,4,6531,0
7009,4,4576,1
7010,4,4586,1
7011,4,3661,1
7012,4,8949,0
7013,4,6355,1
7014,4,2064,0
7015,4,1806,0
7016,4,7830,0
7017,4,3206,1
7018,4,1673,0
7019,4,651,0
7020,4,2306,0
7021,4,8455,0
7022,4,4194,1
7023,4,6575,1
7024,4,4295,1
7025,4,2173,0
7026,4,4297,1
7027,4,6715,0
7028,4,1159,0
7029,4,5406,1
7030,4,7276,0
7031,4,3563,1
7032,4,2190,0
7033,4,7684,0
7034,4,4466,1
7035,4,2633,0
7036,4,2280,0
7037,4,8990,1
7038,4,2457,0
7039,4,4044,1
7040,4,7921,0
7041,4,2087,0
7042,4,6348,0
7043,4,4423,1
7044,4,8322,0
7045,4,7356,0
7046,4,315,0
7047,4,2025,0
7048,4,5116,1
7049,4,4716,1
7050,4,828,0
7051,4,573,0
7052,4,6389,0
7053,4,5,0
7054,4,3178,1
7055,4,8296,0
7056,4,68,0
7057,4,7804,1
7058,4,4674,1
7059,4,2219,0
7060,4,4182,1
7061,4,4661,1
7062,4,8008,0
7063,4,6127,0
7064,4,1864,0
7065,4,1351,0
7066,4,4456,1
7067,4,1125,0
7068,4,5345,1
7069,4,8701,1
7070,4,6786,1
7071,4,4489,1
7072,4,8571,0
7073,4,4602,1
7074,4,2840,0
7075,4,3147,1
7076,4,6345,0
7077,4,5790,1
7078,4,2320,0
7079,4,6564,1
7080,4,4567,1
7081,4,8425,0
7082,4,5726,1
7083,4,661,0
7084,4,8759,0
7085,4,5451,1
7086,4,599,0
7087,4,458,0
7088,4,2287,0
7089,4,8456,1
7090,4,1934,0
7091,4,8246,1
7092,4,5838,1
7093,4,4233,1
7094,4,6121,1
7095,4,4670,1
7096,4,2884,0
7097,4,960,0
7098,4,627,0
7099,4,8291,0
7100,4,8313,0
7101,4,8336,0
7102,4,7395,0
7103,4,8691,1
7104,4,8253,0
7105,4,1718,0
7106,4,2802,0
7107,4,7211,0
7108,4,1171,0
7109,4,5965,1
7110,4,7027,0
7111,4,1403,0
7112,4,3261,1
7113,4,3545,1
7114,4,6833,0
7115,4,647,0
7116,4,8228,0
7117,4,8834,0
7118,4,5452,1
7119,4,8089,0
7120,4,5803,1
7121,4,6172,0
7122,4,7871,0
7123,4,2601,0
7124,4,3626,1
7125,4,8460,0
7126,4,2898,0
7127,4,5862,1
7128,4,8597,1
7129,4,2881,0
7130,4,978,0
7131,4,389,0
7132,4,7010,1
7133,4,6514,1
7134,4,7147,0
7135,4,8407,0
7136,4,8581,0
7137,4,8009,1
7138,4,8659,0
7139,4,6587,0
7140,4,7639,1
7141,4,4298,1
7142,4,7662,0
7143,4,7151,0
7144,4,2729,0
7145,4,2246,0
7146,4,1157,0
7147,4,4223,1
7148,4,2483,0
7149,4,3389,1
7150,4,7604,1
7151,4,3600,1
7152,4,4632,1
7153,4,6232,1
7154,4,3551,1
7155,4,5218,1
7156,4,3003,1
7157,4,8576,0
7158,4,284,0
7159,4,6610,0
7160,4,5665,1
7161,4,2273,0
7162,4,7374,0
7163,4,1177,0
7164,4,2725,0
7165,4,2718,0
7166,4,5156,1
7167,4,7688,1
7168,4,4940,1
7169,4,5538,1
7170,4,8593,0
7171,4,4340,1
7172,4,5204,1
7173,4,4516,1
7174,4,8526,0
7175,4,2308,0
7176,4,4713,1
7177,4,5188,1
7178,4,37,0
7179,4,3281,1
7180,4,3633,1
7181,4,359,0
7182,4,3120,1
7183,4,8594,0
7184,4,7562,1
7185,4,6209,0
7186,4,5710,1
7187,4,8911,0
7188,4,1257,0
7189,4,3579,1
7190,4,1319,0
7191,4,5756,1
7192,4,3436,1
7193,4,765,0
7194,4,4470,1
7195,4,2755,0
7196,4,7004,0
7197,4,4105,1
7198,4,445,0
7199,4,8661,0
7200,4,2710,0
7201,4,3636,1
7202,4,2288,0
7203,4,5098,1
7204,4,6397,0
7205,4,7711,0
7206,4,3832,1
7207,4,2540,0
7208,4,2242,0
7209,4,7032,1
7210,4,1170,0
7211,4,1784,0
7212,4,12,0
7213,4,5917,1
7214,4,7686,0
7215,4,278,0
7216,4,3906,1
7217,4,4228,1
7218,4,5385,1
7219,4,4811,1
7220,4,3024,1
7221,4,4514,1
7222,4,2576,0
7223,4,4845,1
7224,4,7343,0
7225,4,8566,0
7226,4,1298,0
7227,4,8079,0
7228,4,1543,0
7229,4,854,0
7230,4,3246,1
7231,4,7864,0
7232,4,7689,0
7233,4,8918,0
7234,4,3921,1
7235,4,1786,0
7236,4,4669,1
7237,4,3664,1
7238,4,2069,0
7239,4,8508,0
7240,4,614,0
7241,4,2735,0
7242,4,5378,1
7243,4,5493,1
7244,4,8754,1
7245,4,6509,0
7246,4,4476,1
7247,4,5126,1
7248,4,6888,0
7249,4,1625,0
7250,4,6419,1
7251,4,86,0
7252,4,7857,1
7253,4,3111,1
7254,4,931,0
7255,4,8781,1
7256,4,6425,0
7257,4,3673,1
7258,4,3691,1
7259,4,8720,0
7260,4,8718,0
7261,4,2534,0
7262,4,4247,1
7263,4,3655,1
7264,4,5369,1
7265,4,3573,1
7266,4,1939,0
7267,4,7091,0
7268,4,8826,1
7269,4,45,0
7270,4,5745,1
7271,4,1296,0
7272,4,5341,1
7273,4,8372,1
7274,4,5322,1
7275,4,5617,1
7276,4,1358,0
7277,4,2631,0
7278,4,2722,0
7279,4,442,0
7280,4,3418,1
7281,4,2612,0
7282,4,5582,1
7283,4,7963,0
7284,4,8560,0
7285,4,4313,1
7286,4,491,0
7287,4,6649,1
7288,4,1679,0
7289,4,7212,0
7290,4,5083,1
7291,4,8427,0
7292,4,8917,0
7293,4,4531,1
7294,4,4840,1
7295,4,381,0
7296,4,4780,1
7297,4,892,0
7298,4,5586,1
7299,4,6099,0
7300,4,5032,1
7301,4,6404,0
7302,4,3928,1
7303,4,5695,1
7304,4,8216,0
7305,4,2112,0
7306,4,567,0
7307,4,4462,1
7308,4,2832,0
7309,4,1862,0
7310,4,1665,0
7311,4,1163,0
7312,4,7252,0
7313,4,7460,0
7314,4,2820,0
7315,4,6742,0
7316,4,2093,0
7317,4,5942,1
7318,4,3388,1
7319,4,4711,1
7320,4,3799,1
7321,4,2960,0
7322,4,4495,1
7323,4,111,0
7324,4,8258,0
7325,4,2895,0
7326,4,2342,0
7327,4,2205,0
7328,4,8621,0
7329,4,5187,1
7330,4,4639,1
7331,4,8797,0
7332,4,5458,1
7333,4,3343,1
7334,4,141,0
7335,4,1877,0
7336,4,5471,1
7337,4,2885,0
7338,4,4687,1
7339,4,3812,1
7340,4,1441,0
7341,4,379,0
7342,4,3792,1
7343,4,1418,0
7344,4,5177,1
7345,4,3526,1
7346,4,2790,0
7347,4,97,0
7348,4,2541,0
7349,4,4583,1
7350,4,305,0
7351,4,8448,0
7352,4,5751,1
7353,4,8465,0
7354,4,2992,0
7355,4,5181,1
7356,4,3492,1
7357,4,1517,0
7358,4,4797,1
7359,4,7403,0
7360,4,8120,0
7361,4,3605,1
7362,4,5883,1
7363,4,8230,0
7364,4,3939,1
7365,4,4139,1
7366,4,4164,1
7367,4,625,0
7368,4,7524,1
7369,4,7647,0
7370,4,3951,1
7371,4,2615,0
7372,4,1402,0
7373,4,8119,0
7374,4,261,0
7375,4,7955,0
7376,4,5393,1
7377,4,5974,1
7378,4,827,0
7379,4,6044,0
7380,4,4434,1
7381,4,8765,1
7382,4,5721,1
7383,4,1109,0
7384,4,3279,1
7385,4,833,0
7386,4,7354,0
7387,4,1986,0
7388,4,4375,1
7389,4,6965,0
7390,4,2603,0
7391,4,2638,0
7392,4,2549,0
7393,4,7732,0
7394,4,7449,0
7395,4,7162,0
7396,4,4486,1
7397,4,8612,0
7398,4,6922,0
7399,4,121,0
7400,4,4881,1
7401,4,2167,0
7402,4,4281,1
7403,4,41,0
7404,4,8744,0
7405,4,5244,1
7406,4,611,0
7407,4,2268,0
7408,4,1112,0
7409,4,1462,0
7410,4,4198,1
7411,4,2369,0
7412,4,5879,1
7413,4,6744,0
7414,4,5999,1
7415,4,164,0
7416,4,580,0
7417,4,890,0
7418,4,7117,0
7419,4,3723,1
7420,4,5247,1
7421,4,1906,0
7422,4,1466,0
7423,4,6981,0
7424,4,5070,1
7425,4,2869,0
7426,4,1149,0
7427,4,8796,0
7428,4,858,0
7429,4,6791,0
7430,4,7079,0
7431,4,122,0
7432,4,5847,1
7433,4,6181,0
7434,4,3662,1
7435,4,2785,0
7436,4,3244,1
7437,4,413,0
7438,4,5380,1
7439,4,7894,0
7440,4,7998,1
7441,4,3517,1
7442,4,6118,0
7443,4,2248,0
7444,4,6547,0
7445,4,5900,1
7446,4,6226,0
7447,4,5251,1
7448,4,3351,1
7449,4,7532,1
7450,4,4993,1
7451,4,4972,1
7452,4,8368,1
7453,4,5626,1
7454,4,5461,1
7455,4,118,0
7456,4,8739,0
7457,4,2632,0
7458,4,3274,1
7459,4,8043,0
7460,4,7551,0
7461,4,3059,1
7462,4,2067,0
7463,4,2175,0
7464,4,6912,1
7465,4,2527,0
7466,4,1691,0
7467,4,7957,1
7468,4,3140,1
7469,4,7576,0
7470,4,5732,1
7471,4,5169,1
7472,4,91,0
7473,4,4591,1
7474,4,6550,0
7475,4,4825,1
7476,4,8511,1
7477,4,8310,0
7478,4,8548,1
7479,4,423,0
7480,4,3250,1
7481,4,5977,1
7482,4,7530,0
7483,4,6617,1
7484,4,3016,1
7485,4,933,0
7486,4,4618,1
7487,4,8040,0
7488,4,3903,1
7489,4,7401,0
7490,4,4204,1
7491,4,4801,1
7492,4,1987,0
7493,4,5948,1
7494,4,1098,0
7495,4,8351,0
7496,4,5608,1
7497,4,2036,0
7498,4,5319,1
7499,4,874,0
7500,4,5111,1
7501,4,7558,0
7502,4,3093,1
7503,4,5794,1
7504,4,5901,1
7505,4,7611,1
7506,4,1535,0
7507,4,3078,1
7508,4,1255,0
7509,4,3570,1
7510,4,1569,0
7511,4,4810,1
7512,4,6294,1
7513,4,8943,1
7514,4,3040,1
7515,4,8974,0
7516,4,1933,0
7517,4,2450,0
7518,4,8662,1
7519,4,5421,1
7520,4,5571,1
7521,4,6555,1
7522,4,6644,0
7523,4,7093,0
7524,4,2945,0
7525,4,589,0
7526,4,5205,1
7527,4,4673,1
7528,4,2596,0
7529,4,1615,0
7530,4,6083,1
7531,4,6937,0
7532,4,8753,1
7533,4,5447,1
7534,4,8821,0
7535,4,3367,1
7536,4,4660,1
7537,4,25,0
7538,4,6191,0
7539,4,6925,0
7540,4,7837,1
7541,4,4565,1
7542,4,5437,1
7543,4,7615,1
7544,4,7190,0
7545,4,5787,1
7546,4,8611,0
7547,4,8117,0
7548,4,4833,1
7549,4,8838,0
7550,4,5125,1
7551,4,841,0
7552,4,5201,1
7553,4,3167,1
7554,4,6939,1
7555,4,1248,0
7556,4,1914,0
7557,4,7521,0
7558,4,3308,1
7559,4,5073,1
7560,4,1217,0
7561,4,3214,1
7562,4,7847,0
7563,4,5160,1
7564,4,4392,1
7565,4,4016,1
7566,4,3352,1
7567,4,5137,1
7568,4,5010,1
7569,4,1941,0
7570,4,2650,0
7571,4,2267,0
7572,4,3784,1
7573,4,2599,0
7574,4,2137,0
7575,4,7768,1
7576,4,4689,1
7577,4,2027,0
7578,4,3552,1
7579,4,4102,1
7580,4,8190,0
7581,4,7456,0
7582,4,584,0
7583,4,7621,1
7584,4,4924,1
7585,4,5384,1
7586,4,4635,1
7587,4,6624,0
7588,4,3527,1
7589,4,5990,1
7590,4,4633,1
7591,4,3927,1
7592,4,4550,1
7593,4,6860,1
7594,4,4331,1
7595,4,2977,0
7596,4,3945,1
7597,4,5535,1
7598,4,8820,0
7599,4,2522,0
7600,4,936,0
7601,4,3376,1
7602,4,4590,1
7603,4,5645,1
7604,4,6554,0
7605,4,5786,1
7606,4,2330,0
7607,4,1887,0
7608,4,1227,0
7609,4,3894,1
7610,4,8855,0
7611,4,6249,1
7612,4,4521,1
7613,4,8290,1
7614,4,8451,0
7615,4,3295,1
7616,4,3218,1
7617,4,6104,0
7618,4,2145,0
7619,4,837,0
7620,4,2201,0
7621,4,5944,1
7622,4,2354,0
7623,4,6975,0
7624,4,6371,0
7625,4,2346,0
7626,4,186,0
7627,4,8954,0
7628,4,2420,0
7629,4,3975,1
7630,4,3931,1
7631,4,7208,0
7632,4,713,0
7633,4,26,0
7634,4,994,0
7635,4,2561,0
7636,4,1448,0
7637,4,7259,0
7638,4,8794,0
7639,4,3215,1
7640,4,7120,1
7641,4,7509,1
7642,4,3469,1
7643,4,6602,0
7644,4,3668,1
7645,4,6682,1
7646,4,8967,1
7647,4,3649,1
7648,4,4286,1
7649,4,1743,0
7650,4,757,0
7651,4,5152,1
7652,4,7457,1
7653,4,2762,0
7654,4,8941,0
7655,4,2414,0
7656,4,2193,0
7657,4,2946,0
7658,4,8247,0
7659,4,5440,1
7660,4,6070,0
7661,4,1798,0
7662,4,8793,0
7663,4,335,0
7664,4,6899,0
7665,4,754,0
7666,4,1592,0
7667,4,2407,0
7668,4,2681,0
7669,4,2555,0
7670,4,5767,1
7671,4,612,0
7672,4,5706,1
7673,4,5630,1
7674,4,8476,1
7675,4,8136,0
7676,4,1884,0
7677,4,2372,0
7678,4,5882,1
7679,4,8760,0
7680,4,2702,0
7681,4,2177,0
7682,4,5337,1
7683,4,5163,1
7684,4,7393,0
7685,4,8202,0
7686,4,2917,0
7687,4,5318,1
7688,4,7260,1
7689,4,5676,1
7690,4,2608,0
7691,4,7383,0
7692,4,6439,1
7693,4,6269,1
7694,4,3224,1
7695,4,1789,0
7696,4,5640,1
7697,4,7633,0
7698,4,8036,0
7699,4,7169,0
7700,4,655,0
7701,4,6652,0
7702,4,5549,1
7703,4,3398,1
7704,4,2293,0
7705,4,5914,1
7706,4,2809,0
7707,4,3943,1
7708,4,3219,1
7709,4,8672,0
7710,4,1624,0
7711,4,3421,1
7712,4,6525,0
7713,4,1812,0
7714,4,8366,0
7715,4,5844,1
7716,4,5955,1
7717,4,7881,0
7718,4,6541,0
7719,4,329,0
7720,4,4592,1
7721,4,8070,1
7722,4,5463,1
7723,4,2217,0
7724,4,6467,1
7725,4,8663,0
7726,4,8074,0
7727,4,5655,1
7728,4,1322,0
7729,4,649,0
7730,4,1251,0
7731,4,8358,0
7732,4,4469,1
7733,4,2335,0
7734,4,4671,1
7735,4,1980,0
7736,4,8639,0
7737,4,2240,0
7738,4,1158,0
7739,4,2660,0
7740,4,4619,1
7741,4,8763,0
7742,4,6804,0
7743,4,7327,0
7744,4,2332,0
7745,4,8437,0
7746,4,8272,0
7747,4,899,0
7748,4,3123,1
7749,4,4290,1
7750,4,5733,1
7751,4,8877,1
7752,4,6131,0
7753,4,5712,1
7754,4,6318,0
7755,4,8575,0
7756,4,85,0
7757,4,4059,1
7758,4,1734,0
7759,4,1088,0
7760,4,2804,0
7761,4,6018,1
7762,4,7890,0
7763,4,4506,1
7764,4,6772,0
7765,4,8987,0
7766,4,5350,1
7767,4,5546,1
7768,4,3205,1
7769,4,238,0
7770,4,2409,0
7771,4,1756,0
7772,4,6725,0
7773,4,7397,0
7774,4,4187,1
7775,4,2672,0
7776,4,6024,0
7777,4,7426,1
7778,4,7729,0
7779,4,6768,1
7780,4,6243,0
7781,4,7022,1
7782,4,1680,0
7783,4,4796,1
7784,4,7440,0
7785,4,4109,1
7786,4,2961,0
7787,4,341,0
7788,4,8719,0
7789,4,1807,0
7790,4,985,0
7791,4,5742,1
7792,4,7173,0
7793,4,310,0
7794,4,5334,1
7795,4,6221,0
7796,4,6627,0
7797,4,1349,0
7798,4,1778,0
7799,4,3595,1
7800,4,5831,1
7801,4,1988,0
7802,4,4597,1
7803,4,2595,0
7804,4,3730,1
7805,4,6636,1
7806,4,52,0
7807,4,4355,1
7808,4,1410,0
7809,4,3470,1
7810,4,2849,0
7811,4,3255,1
7812,4,7371,0
7813,4,1292,0
7814,4,8354,1
7815,4,8134,0
7816,4,1374,0
7817,4,3338,1
7818,4,8383,1
7819,4,227,0
7820,4,949,0
7821,4,2878,0
7822,4,8186,0
7823,4,8102,1
7824,4,1452,0
7825,4,2364,0
7826,4,3230,1
7827,4,6728,0
7828,4,4764,1
7829,4,8590,0
7830,4,7931,1
7831,4,6361,0
7832,4,8160,0
7833,4,6916,0
7834,4,5134,1
7835,4,1297,0
7836,4,198,0
7837,4,6864,0
7838,4,4426,1
7839,4,6770,0
7840,4,8802,0
7841,4,6374,1
7842,4,8219,0
7843,4,3097,1
7844,4,2652,0
7845,4,8252,1
7846,4,3070,1
7847,4,7959,0
7848,4,8656,1
7849,4,177,0
7850,4,7638,0
7851,4,330,0
7852,4,109,0
7853,4,2556,0
7854,4,7433,0
7855,4,3346,1
7856,4,4645,1
7857,4,6722,0
7858,4,3870,1
7859,4,1792,0
7860,4,4224,1
7861,4,5014,1
7862,4,6532,0
7863,4,1498,0
7864,4,5866,1
7865,4,5100,1
7866,4,4030,1
7867,4,7514,0
7868,4,5175,1
7869,4,2642,0
7870,4,2923,0
7871,4,5819,1
7872,4,2620,0
7873,4,1414,0
7874,4,1783,0
7875,4,911,0
7876,4,4986,1
7877,4,3858,1
7878,4,1710,0
7879,4,2366,0
7880,4,5689,1
7881,4,8687,0
7882,4,1554,0
7883,4,7984,1
7884,4,6958,0
7885,4,3015,1
7886,4,8633,0
7887,4,6830,1
7888,4,387,0
7889,4,6182,0
7890,4,1398,0
7891,4,2828,0
7892,4,2034,0
7893,4,3911,1
7894,4,2874,0
7895,4,3635,1
7896,4,3363,1
7897,4,4501,1
7898,4,1875,0
7899,4,8947,0
7900,4,1394,0
7901,4,7694,0
7902,4,2553,0
7903,4,967,0
7904,4,2686,0
7905,4,839,0
7906,4,7292,1
7907,4,6530,0
7908,4,138,0
7909,4,115,0
7910,4,2379,0
7911,4,2803,0
7912,4,4865,1
7913,4,5562,1
7914,4,1626,0
7915,4,4274,1
7916,4,230,0
7917,4,3271,1
7918,4,1975,0
7919,4,6977,1
7920,4,3973,1
7921,4,7832,1
7922,4,7741,0
7923,4,4570,1
7924,4,575,0
7925,4,1000,0
7926,4,3892,1
7927,4,7942,0
7928,4,818,0
7929,4,433,0
7930,4,2117,0
7931,4,6144,0
7932,4,2445,0
7933,4,4813,1
7934,4,2218,0
7935,4,3145,1
7936,4,7636,0
7937,4,6395,1
7938,4,340,0
7939,4,4918,1
7940,4,4847,1
7941,4,4398,1
7942,4,5946,1
7943,4,7999,0
7944,4,1752,0
7945,4,7215,0
7946,4,2203,0
7947,4,1843,0
7948,4,8756,0
7949,4,211,0
7950,4,2318,0
7951,4,3924,1
7952,4,6662,0
7953,4,1274,0
7954,4,7119,0
7955,4,2435,0
7956,4,2223,0
7957,4,6487,1
7958,4,5005,1
7959,4,165,0
7960,4,3301,1
7961,4,6163,0
7962,4,6740,0
7963,4,7938,0
7964,4,1507,0
7965,4,7052,0
7966,4,6710,0
7967,4,7522,0
7968,4,3399,1
7969,4,3761,1
7970,4,5654,1
7971,4,3280,1
7972,4,4999,1
7973,4,136,0
7974,4,4581,1
7975,4,5698,1
7976,4,2257,0
7977,4,3834,1
7978,4,5276,1
7979,4,1302,0
7980,4,6463,0
7981,4,4625,1
7982,4,7996,1
7983,4,6903,1
7984,4,6720,0
7985,4,8051,0
7986,4,1735,0
7987,4,896,0
7988,4,1096,0
7989,4,6826,0
7990,4,4554,1
7991,4,290,0
7992,4,8546,0
7993,4,4871,1
7994,4,8912,0
7995,4,3249,1
7996,4,2424,0
7997,4,6320,0
7998,4,2932,0
7999,4,4843,1
8000,4,6117,0
8001,4,5810,1
8002,4,3589,1
8003,4,4163,1
